Iso3,StartDate,EndDate,Area Code,Area Code (M49),Area,Item Code,Item,Element Code,Element,Year Code,Year,Unit,Value,Flag,Note
KEN,2000-01-01,2002-12-31,114,'404,Kenya,21010,Average dietary energy supply adequacy (percent) (3-year average),6121,Value,20002002,2002,%,93,E,
KEN,2001-01-01,2003-12-31,114,'404,Kenya,21010,Average dietary energy supply adequacy (percent) (3-year average),6121,Value,20012003,2003,%,92,E,
KEN,2002-01-01,2004-12-31,114,'404,Kenya,21010,Average dietary energy supply adequacy (percent) (3-year average),6121,Value,20022004,2004,%,92,E,
KEN,2003-01-01,2005-12-31,114,'404,Kenya,21010,Average dietary energy supply adequacy (percent) (3-year average),6121,Value,20032005,2005,%,94,E,
KEN,2004-01-01,2006-12-31,114,'404,Kenya,21010,Average dietary energy supply adequacy (percent) (3-year average),6121,Value,20042006,2006,%,96,E,
KEN,2005-01-01,2007-12-31,114,'404,Kenya,21010,Average dietary energy supply adequacy (percent) (3-year average),6121,Value,20052007,2007,%,97,E,
KEN,2006-01-01,2008-12-31,114,'404,Kenya,21010,Average dietary energy supply adequacy (percent) (3-year average),6121,Value,20062008,2008,%,96,E,
KEN,2007-01-01,2009-12-31,114,'404,Kenya,21010,Average dietary energy supply adequacy (percent) (3-year average),6121,Value,20072009,2009,%,96,E,
KEN,2008-01-01,2010-12-31,114,'404,Kenya,21010,Average dietary energy supply adequacy (percent) (3-year average),6121,Value,20082010,2010,%,97,E,
KEN,2009-01-01,2011-12-31,114,'404,Kenya,21010,Average dietary energy supply adequacy (percent) (3-year average),6121,Value,20092011,2011,%,99,E,
KEN,2010-01-01,2012-12-31,114,'404,Kenya,21010,Average dietary energy supply adequacy (percent) (3-year average),6121,Value,20102012,2012,%,100,E,
KEN,2011-01-01,2013-12-31,114,'404,Kenya,21010,Average dietary energy supply adequacy (percent) (3-year average),6121,Value,20112013,2013,%,101,E,
KEN,2012-01-01,2014-12-31,114,'404,Kenya,21010,Average dietary energy supply adequacy (percent) (3-year average),6121,Value,20122014,2014,%,101,E,
KEN,2013-01-01,2015-12-31,114,'404,Kenya,21010,Average dietary energy supply adequacy (percent) (3-year average),6121,Value,20132015,2015,%,101,E,
KEN,2014-01-01,2016-12-31,114,'404,Kenya,21010,Average dietary energy supply adequacy (percent) (3-year average),6121,Value,20142016,2016,%,100,E,
KEN,2015-01-01,2017-12-31,114,'404,Kenya,21010,Average dietary energy supply adequacy (percent) (3-year average),6121,Value,20152017,2017,%,99,E,
KEN,2016-01-01,2018-12-31,114,'404,Kenya,21010,Average dietary energy supply adequacy (percent) (3-year average),6121,Value,20162018,2018,%,98,E,
KEN,2017-01-01,2019-12-31,114,'404,Kenya,21010,Average dietary energy supply adequacy (percent) (3-year average),6121,Value,20172019,2019,%,99,E,
KEN,2018-01-01,2020-12-31,114,'404,Kenya,21010,Average dietary energy supply adequacy (percent) (3-year average),6121,Value,20182020,2020,%,99,E,
KEN,2019-01-01,2021-12-31,114,'404,Kenya,21010,Average dietary energy supply adequacy (percent) (3-year average),6121,Value,20192021,2021,%,97,E,
KEN,2020-01-01,2022-12-31,114,'404,Kenya,21010,Average dietary energy supply adequacy (percent) (3-year average),6121,Value,20202022,2022,%,95,E,
KEN,2021-01-01,2023-12-31,114,'404,Kenya,21010,Average dietary energy supply adequacy (percent) (3-year average),6121,Value,20212023,2023,%,93,E,
KEN,2022-01-01,2024-12-31,114,'404,Kenya,21010,Average dietary energy supply adequacy (percent) (3-year average),6121,Value,20222024,2024,%,93,E,
KEN,2023-01-01,2025-12-31,114,'404,Kenya,21010,Average dietary energy supply adequacy (percent) (3-year average),6121,Value,20232025,2025,%,94,E,
KEN,2001-01-01,2001-12-31,114,'404,Kenya,220001,Dietary energy supply used in the estimation of the prevalence of undernourishment (kcal/cap/day),6128,Value,2001,2001,kcal/cap/d,2021,E,
KEN,2002-01-01,2002-12-31,114,'404,Kenya,220001,Dietary energy supply used in the estimation of the prevalence of undernourishment (kcal/cap/day),6128,Value,2002,2002,kcal/cap/d,1978,E,
KEN,2003-01-01,2003-12-31,114,'404,Kenya,220001,Dietary energy supply used in the estimation of the prevalence of undernourishment (kcal/cap/day),6128,Value,2003,2003,kcal/cap/d,1959,E,
KEN,2004-01-01,2004-12-31,114,'404,Kenya,220001,Dietary energy supply used in the estimation of the prevalence of undernourishment (kcal/cap/day),6128,Value,2004,2004,kcal/cap/d,1977,E,
KEN,2005-01-01,2005-12-31,114,'404,Kenya,220001,Dietary energy supply used in the estimation of the prevalence of undernourishment (kcal/cap/day),6128,Value,2005,2005,kcal/cap/d,2112,E,
KEN,2006-01-01,2006-12-31,114,'404,Kenya,220001,Dietary energy supply used in the estimation of the prevalence of undernourishment (kcal/cap/day),6128,Value,2006,2006,kcal/cap/d,2110,E,
KEN,2007-01-01,2007-12-31,114,'404,Kenya,220001,Dietary energy supply used in the estimation of the prevalence of undernourishment (kcal/cap/day),6128,Value,2007,2007,kcal/cap/d,2058,E,
KEN,2008-01-01,2008-12-31,114,'404,Kenya,220001,Dietary energy supply used in the estimation of the prevalence of undernourishment (kcal/cap/day),6128,Value,2008,2008,kcal/cap/d,2052,E,
KEN,2009-01-01,2009-12-31,114,'404,Kenya,220001,Dietary energy supply used in the estimation of the prevalence of undernourishment (kcal/cap/day),6128,Value,2009,2009,kcal/cap/d,2108,E,
KEN,2010-01-01,2010-12-31,114,'404,Kenya,220001,Dietary energy supply used in the estimation of the prevalence of undernourishment (kcal/cap/day),6128,Value,2010,2010,kcal/cap/d,2178,E,
KEN,2011-01-01,2011-12-31,114,'404,Kenya,220001,Dietary energy supply used in the estimation of the prevalence of undernourishment (kcal/cap/day),6128,Value,2011,2011,kcal/cap/d,2184,E,
KEN,2012-01-01,2012-12-31,114,'404,Kenya,220001,Dietary energy supply used in the estimation of the prevalence of undernourishment (kcal/cap/day),6128,Value,2012,2012,kcal/cap/d,2208,E,
KEN,2013-01-01,2013-12-31,114,'404,Kenya,220001,Dietary energy supply used in the estimation of the prevalence of undernourishment (kcal/cap/day),6128,Value,2013,2013,kcal/cap/d,2233,E,
KEN,2014-01-01,2014-12-31,114,'404,Kenya,220001,Dietary energy supply used in the estimation of the prevalence of undernourishment (kcal/cap/day),6128,Value,2014,2014,kcal/cap/d,2232,E,
KEN,2015-01-01,2015-12-31,114,'404,Kenya,220001,Dietary energy supply used in the estimation of the prevalence of undernourishment (kcal/cap/day),6128,Value,2015,2015,kcal/cap/d,2235,E,
KEN,2016-01-01,2016-12-31,114,'404,Kenya,220001,Dietary energy supply used in the estimation of the prevalence of undernourishment (kcal/cap/day),6128,Value,2016,2016,kcal/cap/d,2173,E,
KEN,2017-01-01,2017-12-31,114,'404,Kenya,220001,Dietary energy supply used in the estimation of the prevalence of undernourishment (kcal/cap/day),6128,Value,2017,2017,kcal/cap/d,2193,E,
KEN,2018-01-01,2018-12-31,114,'404,Kenya,220001,Dietary energy supply used in the estimation of the prevalence of undernourishment (kcal/cap/day),6128,Value,2018,2018,kcal/cap/d,2227,E,
KEN,2019-01-01,2019-12-31,114,'404,Kenya,220001,Dietary energy supply used in the estimation of the prevalence of undernourishment (kcal/cap/day),6128,Value,2019,2019,kcal/cap/d,2278,E,
KEN,2020-01-01,2020-12-31,114,'404,Kenya,220001,Dietary energy supply used in the estimation of the prevalence of undernourishment (kcal/cap/day),6128,Value,2020,2020,kcal/cap/d,2251,E,
KEN,2021-01-01,2021-12-31,114,'404,Kenya,220001,Dietary energy supply used in the estimation of the prevalence of undernourishment (kcal/cap/day),6128,Value,2021,2021,kcal/cap/d,2163,E,
KEN,2022-01-01,2022-12-31,114,'404,Kenya,220001,Dietary energy supply used in the estimation of the prevalence of undernourishment (kcal/cap/day),6128,Value,2022,2022,kcal/cap/d,2133,E,
KEN,2023-01-01,2023-12-31,114,'404,Kenya,220001,Dietary energy supply used in the estimation of the prevalence of undernourishment (kcal/cap/day),6128,Value,2023,2023,kcal/cap/d,2160,E,
KEN,2024-01-01,2024-12-31,114,'404,Kenya,220001,Dietary energy supply used in the estimation of the prevalence of undernourishment (kcal/cap/day),6128,Value,2024,2024,kcal/cap/d,2190,E,
KEN,2000-01-01,2002-12-31,114,'404,Kenya,22000,Dietary energy supply used in the estimation of the prevalence of undernourishment (kcal/cap/day) (3-year average),6128,Value,20002002,2002,kcal/cap/d,2001,E,
KEN,2001-01-01,2003-12-31,114,'404,Kenya,22000,Dietary energy supply used in the estimation of the prevalence of undernourishment (kcal/cap/day) (3-year average),6128,Value,20012003,2003,kcal/cap/d,1985,E,
KEN,2002-01-01,2004-12-31,114,'404,Kenya,22000,Dietary energy supply used in the estimation of the prevalence of undernourishment (kcal/cap/day) (3-year average),6128,Value,20022004,2004,kcal/cap/d,1971,E,
KEN,2003-01-01,2005-12-31,114,'404,Kenya,22000,Dietary energy supply used in the estimation of the prevalence of undernourishment (kcal/cap/day) (3-year average),6128,Value,20032005,2005,kcal/cap/d,2018,E,
KEN,2004-01-01,2006-12-31,114,'404,Kenya,22000,Dietary energy supply used in the estimation of the prevalence of undernourishment (kcal/cap/day) (3-year average),6128,Value,20042006,2006,kcal/cap/d,2068,E,
KEN,2005-01-01,2007-12-31,114,'404,Kenya,22000,Dietary energy supply used in the estimation of the prevalence of undernourishment (kcal/cap/day) (3-year average),6128,Value,20052007,2007,kcal/cap/d,2093,E,
KEN,2006-01-01,2008-12-31,114,'404,Kenya,22000,Dietary energy supply used in the estimation of the prevalence of undernourishment (kcal/cap/day) (3-year average),6128,Value,20062008,2008,kcal/cap/d,2073,E,
KEN,2007-01-01,2009-12-31,114,'404,Kenya,22000,Dietary energy supply used in the estimation of the prevalence of undernourishment (kcal/cap/day) (3-year average),6128,Value,20072009,2009,kcal/cap/d,2073,E,
KEN,2008-01-01,2010-12-31,114,'404,Kenya,22000,Dietary energy supply used in the estimation of the prevalence of undernourishment (kcal/cap/day) (3-year average),6128,Value,20082010,2010,kcal/cap/d,2114,E,
KEN,2009-01-01,2011-12-31,114,'404,Kenya,22000,Dietary energy supply used in the estimation of the prevalence of undernourishment (kcal/cap/day) (3-year average),6128,Value,20092011,2011,kcal/cap/d,2157,E,
KEN,2010-01-01,2012-12-31,114,'404,Kenya,22000,Dietary energy supply used in the estimation of the prevalence of undernourishment (kcal/cap/day) (3-year average),6128,Value,20102012,2012,kcal/cap/d,2190,E,
KEN,2011-01-01,2013-12-31,114,'404,Kenya,22000,Dietary energy supply used in the estimation of the prevalence of undernourishment (kcal/cap/day) (3-year average),6128,Value,20112013,2013,kcal/cap/d,2209,E,
KEN,2012-01-01,2014-12-31,114,'404,Kenya,22000,Dietary energy supply used in the estimation of the prevalence of undernourishment (kcal/cap/day) (3-year average),6128,Value,20122014,2014,kcal/cap/d,2225,E,
KEN,2013-01-01,2015-12-31,114,'404,Kenya,22000,Dietary energy supply used in the estimation of the prevalence of undernourishment (kcal/cap/day) (3-year average),6128,Value,20132015,2015,kcal/cap/d,2233,E,
KEN,2014-01-01,2016-12-31,114,'404,Kenya,22000,Dietary energy supply used in the estimation of the prevalence of undernourishment (kcal/cap/day) (3-year average),6128,Value,20142016,2016,kcal/cap/d,2213,E,
KEN,2015-01-01,2017-12-31,114,'404,Kenya,22000,Dietary energy supply used in the estimation of the prevalence of undernourishment (kcal/cap/day) (3-year average),6128,Value,20152017,2017,kcal/cap/d,2200,E,
KEN,2016-01-01,2018-12-31,114,'404,Kenya,22000,Dietary energy supply used in the estimation of the prevalence of undernourishment (kcal/cap/day) (3-year average),6128,Value,20162018,2018,kcal/cap/d,2198,E,
KEN,2017-01-01,2019-12-31,114,'404,Kenya,22000,Dietary energy supply used in the estimation of the prevalence of undernourishment (kcal/cap/day) (3-year average),6128,Value,20172019,2019,kcal/cap/d,2233,E,
KEN,2018-01-01,2020-12-31,114,'404,Kenya,22000,Dietary energy supply used in the estimation of the prevalence of undernourishment (kcal/cap/day) (3-year average),6128,Value,20182020,2020,kcal/cap/d,2252,E,
KEN,2019-01-01,2021-12-31,114,'404,Kenya,22000,Dietary energy supply used in the estimation of the prevalence of undernourishment (kcal/cap/day) (3-year average),6128,Value,20192021,2021,kcal/cap/d,2230,E,
KEN,2020-01-01,2022-12-31,114,'404,Kenya,22000,Dietary energy supply used in the estimation of the prevalence of undernourishment (kcal/cap/day) (3-year average),6128,Value,20202022,2022,kcal/cap/d,2182,E,
KEN,2021-01-01,2023-12-31,114,'404,Kenya,22000,Dietary energy supply used in the estimation of the prevalence of undernourishment (kcal/cap/day) (3-year average),6128,Value,20212023,2023,kcal/cap/d,2152,E,
KEN,2022-01-01,2024-12-31,114,'404,Kenya,22000,Dietary energy supply used in the estimation of the prevalence of undernourishment (kcal/cap/day) (3-year average),6128,Value,20222024,2024,kcal/cap/d,2161,E,
KEN,2023-01-01,2025-12-31,114,'404,Kenya,22000,Dietary energy supply used in the estimation of the prevalence of undernourishment (kcal/cap/day) (3-year average),6128,Value,20232025,2025,kcal/cap/d,2187,E,
KEN,2000-01-01,2002-12-31,114,'404,Kenya,21012,"Share of dietary energy supply derived from cereals, roots and tubers (percent) (3-year average)",6121,Value,20002002,2002,%,55,E,
KEN,2001-01-01,2003-12-31,114,'404,Kenya,21012,"Share of dietary energy supply derived from cereals, roots and tubers (percent) (3-year average)",6121,Value,20012003,2003,%,56,E,
KEN,2002-01-01,2004-12-31,114,'404,Kenya,21012,"Share of dietary energy supply derived from cereals, roots and tubers (percent) (3-year average)",6121,Value,20022004,2004,%,55,E,
KEN,2003-01-01,2005-12-31,114,'404,Kenya,21012,"Share of dietary energy supply derived from cereals, roots and tubers (percent) (3-year average)",6121,Value,20032005,2005,%,56,E,
KEN,2004-01-01,2006-12-31,114,'404,Kenya,21012,"Share of dietary energy supply derived from cereals, roots and tubers (percent) (3-year average)",6121,Value,20042006,2006,%,56,E,
KEN,2005-01-01,2007-12-31,114,'404,Kenya,21012,"Share of dietary energy supply derived from cereals, roots and tubers (percent) (3-year average)",6121,Value,20052007,2007,%,56,E,
KEN,2006-01-01,2008-12-31,114,'404,Kenya,21012,"Share of dietary energy supply derived from cereals, roots and tubers (percent) (3-year average)",6121,Value,20062008,2008,%,56,E,
KEN,2007-01-01,2009-12-31,114,'404,Kenya,21012,"Share of dietary energy supply derived from cereals, roots and tubers (percent) (3-year average)",6121,Value,20072009,2009,%,55,E,
KEN,2008-01-01,2010-12-31,114,'404,Kenya,21012,"Share of dietary energy supply derived from cereals, roots and tubers (percent) (3-year average)",6121,Value,20082010,2010,%,56,E,
KEN,2009-01-01,2011-12-31,114,'404,Kenya,21012,"Share of dietary energy supply derived from cereals, roots and tubers (percent) (3-year average)",6121,Value,20092011,2011,%,57,E,
KEN,2010-01-01,2012-12-31,114,'404,Kenya,21012,"Share of dietary energy supply derived from cereals, roots and tubers (percent) (3-year average)",6121,Value,20102012,2012,%,59,E,
KEN,2011-01-01,2013-12-31,114,'404,Kenya,21012,"Share of dietary energy supply derived from cereals, roots and tubers (percent) (3-year average)",6121,Value,20112013,2013,%,59,E,
KEN,2012-01-01,2014-12-31,114,'404,Kenya,21012,"Share of dietary energy supply derived from cereals, roots and tubers (percent) (3-year average)",6121,Value,20122014,2014,%,58,E,
KEN,2013-01-01,2015-12-31,114,'404,Kenya,21012,"Share of dietary energy supply derived from cereals, roots and tubers (percent) (3-year average)",6121,Value,20132015,2015,%,58,E,
KEN,2014-01-01,2016-12-31,114,'404,Kenya,21012,"Share of dietary energy supply derived from cereals, roots and tubers (percent) (3-year average)",6121,Value,20142016,2016,%,59,E,
KEN,2015-01-01,2017-12-31,114,'404,Kenya,21012,"Share of dietary energy supply derived from cereals, roots and tubers (percent) (3-year average)",6121,Value,20152017,2017,%,59,E,
KEN,2016-01-01,2018-12-31,114,'404,Kenya,21012,"Share of dietary energy supply derived from cereals, roots and tubers (percent) (3-year average)",6121,Value,20162018,2018,%,58,E,
KEN,2017-01-01,2019-12-31,114,'404,Kenya,21012,"Share of dietary energy supply derived from cereals, roots and tubers (percent) (3-year average)",6121,Value,20172019,2019,%,58,E,
KEN,2018-01-01,2020-12-31,114,'404,Kenya,21012,"Share of dietary energy supply derived from cereals, roots and tubers (percent) (3-year average)",6121,Value,20182020,2020,%,56,E,
KEN,2019-01-01,2021-12-31,114,'404,Kenya,21012,"Share of dietary energy supply derived from cereals, roots and tubers (percent) (3-year average)",6121,Value,20192021,2021,%,53,E,
KEN,2020-01-01,2022-12-31,114,'404,Kenya,21012,"Share of dietary energy supply derived from cereals, roots and tubers (percent) (3-year average)",6121,Value,20202022,2022,%,50,E,
KEN,2021-01-01,2023-12-31,114,'404,Kenya,21012,"Share of dietary energy supply derived from cereals, roots and tubers (percent) (3-year average)",6121,Value,20212023,2023,%,50,E,
KEN,2000-01-01,2002-12-31,114,'404,Kenya,21013,Average protein supply (g/cap/day) (3-year average),6123,Value,20002002,2002,g/cap/d,57.3,E,
KEN,2001-01-01,2003-12-31,114,'404,Kenya,21013,Average protein supply (g/cap/day) (3-year average),6123,Value,20012003,2003,g/cap/d,56.8,E,
KEN,2002-01-01,2004-12-31,114,'404,Kenya,21013,Average protein supply (g/cap/day) (3-year average),6123,Value,20022004,2004,g/cap/d,56.8,E,
KEN,2003-01-01,2005-12-31,114,'404,Kenya,21013,Average protein supply (g/cap/day) (3-year average),6123,Value,20032005,2005,g/cap/d,57.8,E,
KEN,2004-01-01,2006-12-31,114,'404,Kenya,21013,Average protein supply (g/cap/day) (3-year average),6123,Value,20042006,2006,g/cap/d,59.4,E,
KEN,2005-01-01,2007-12-31,114,'404,Kenya,21013,Average protein supply (g/cap/day) (3-year average),6123,Value,20052007,2007,g/cap/d,60.4,E,
KEN,2006-01-01,2008-12-31,114,'404,Kenya,21013,Average protein supply (g/cap/day) (3-year average),6123,Value,20062008,2008,g/cap/d,59.3,E,
KEN,2007-01-01,2009-12-31,114,'404,Kenya,21013,Average protein supply (g/cap/day) (3-year average),6123,Value,20072009,2009,g/cap/d,59.1,E,
KEN,2008-01-01,2010-12-31,114,'404,Kenya,21013,Average protein supply (g/cap/day) (3-year average),6123,Value,20082010,2010,g/cap/d,58.5,E,
KEN,2009-01-01,2011-12-31,114,'404,Kenya,21013,Average protein supply (g/cap/day) (3-year average),6123,Value,20092011,2011,g/cap/d,59.4,E,
KEN,2010-01-01,2012-12-31,114,'404,Kenya,21013,Average protein supply (g/cap/day) (3-year average),6123,Value,20102012,2012,g/cap/d,59.6,E,
KEN,2011-01-01,2013-12-31,114,'404,Kenya,21013,Average protein supply (g/cap/day) (3-year average),6123,Value,20112013,2013,g/cap/d,60,E,
KEN,2012-01-01,2014-12-31,114,'404,Kenya,21013,Average protein supply (g/cap/day) (3-year average),6123,Value,20122014,2014,g/cap/d,60,E,
KEN,2013-01-01,2015-12-31,114,'404,Kenya,21013,Average protein supply (g/cap/day) (3-year average),6123,Value,20132015,2015,g/cap/d,60.2,E,
KEN,2014-01-01,2016-12-31,114,'404,Kenya,21013,Average protein supply (g/cap/day) (3-year average),6123,Value,20142016,2016,g/cap/d,60.4,E,
KEN,2015-01-01,2017-12-31,114,'404,Kenya,21013,Average protein supply (g/cap/day) (3-year average),6123,Value,20152017,2017,g/cap/d,59.9,E,
KEN,2016-01-01,2018-12-31,114,'404,Kenya,21013,Average protein supply (g/cap/day) (3-year average),6123,Value,20162018,2018,g/cap/d,59.3,E,
KEN,2017-01-01,2019-12-31,114,'404,Kenya,21013,Average protein supply (g/cap/day) (3-year average),6123,Value,20172019,2019,g/cap/d,59.5,E,
KEN,2018-01-01,2020-12-31,114,'404,Kenya,21013,Average protein supply (g/cap/day) (3-year average),6123,Value,20182020,2020,g/cap/d,58.9,E,
KEN,2019-01-01,2021-12-31,114,'404,Kenya,21013,Average protein supply (g/cap/day) (3-year average),6123,Value,20192021,2021,g/cap/d,57.7,E,
KEN,2020-01-01,2022-12-31,114,'404,Kenya,21013,Average protein supply (g/cap/day) (3-year average),6123,Value,20202022,2022,g/cap/d,56.5,E,
KEN,2021-01-01,2023-12-31,114,'404,Kenya,21013,Average protein supply (g/cap/day) (3-year average),6123,Value,20212023,2023,g/cap/d,56,E,
KEN,2000-01-01,2002-12-31,114,'404,Kenya,21014,Average supply of protein of animal origin (g/cap/day) (3-year average),6123,Value,20002002,2002,g/cap/d,15.3,E,
KEN,2001-01-01,2003-12-31,114,'404,Kenya,21014,Average supply of protein of animal origin (g/cap/day) (3-year average),6123,Value,20012003,2003,g/cap/d,15.4,E,
KEN,2002-01-01,2004-12-31,114,'404,Kenya,21014,Average supply of protein of animal origin (g/cap/day) (3-year average),6123,Value,20022004,2004,g/cap/d,15.9,E,
KEN,2003-01-01,2005-12-31,114,'404,Kenya,21014,Average supply of protein of animal origin (g/cap/day) (3-year average),6123,Value,20032005,2005,g/cap/d,16.6,E,
KEN,2004-01-01,2006-12-31,114,'404,Kenya,21014,Average supply of protein of animal origin (g/cap/day) (3-year average),6123,Value,20042006,2006,g/cap/d,17.2,E,
KEN,2005-01-01,2007-12-31,114,'404,Kenya,21014,Average supply of protein of animal origin (g/cap/day) (3-year average),6123,Value,20052007,2007,g/cap/d,17,E,
KEN,2006-01-01,2008-12-31,114,'404,Kenya,21014,Average supply of protein of animal origin (g/cap/day) (3-year average),6123,Value,20062008,2008,g/cap/d,16.7,E,
KEN,2007-01-01,2009-12-31,114,'404,Kenya,21014,Average supply of protein of animal origin (g/cap/day) (3-year average),6123,Value,20072009,2009,g/cap/d,16.7,E,
KEN,2008-01-01,2010-12-31,114,'404,Kenya,21014,Average supply of protein of animal origin (g/cap/day) (3-year average),6123,Value,20082010,2010,g/cap/d,17.3,E,
KEN,2009-01-01,2011-12-31,114,'404,Kenya,21014,Average supply of protein of animal origin (g/cap/day) (3-year average),6123,Value,20092011,2011,g/cap/d,17.7,E,
KEN,2010-01-01,2012-12-31,114,'404,Kenya,21014,Average supply of protein of animal origin (g/cap/day) (3-year average),6123,Value,20102012,2012,g/cap/d,17.5,E,
KEN,2011-01-01,2013-12-31,114,'404,Kenya,21014,Average supply of protein of animal origin (g/cap/day) (3-year average),6123,Value,20112013,2013,g/cap/d,17.1,E,
KEN,2012-01-01,2014-12-31,114,'404,Kenya,21014,Average supply of protein of animal origin (g/cap/day) (3-year average),6123,Value,20122014,2014,g/cap/d,16.6,E,
KEN,2013-01-01,2015-12-31,114,'404,Kenya,21014,Average supply of protein of animal origin (g/cap/day) (3-year average),6123,Value,20132015,2015,g/cap/d,16.5,E,
KEN,2014-01-01,2016-12-31,114,'404,Kenya,21014,Average supply of protein of animal origin (g/cap/day) (3-year average),6123,Value,20142016,2016,g/cap/d,16.7,E,
KEN,2015-01-01,2017-12-31,114,'404,Kenya,21014,Average supply of protein of animal origin (g/cap/day) (3-year average),6123,Value,20152017,2017,g/cap/d,16.8,E,
KEN,2016-01-01,2018-12-31,114,'404,Kenya,21014,Average supply of protein of animal origin (g/cap/day) (3-year average),6123,Value,20162018,2018,g/cap/d,16.9,E,
KEN,2017-01-01,2019-12-31,114,'404,Kenya,21014,Average supply of protein of animal origin (g/cap/day) (3-year average),6123,Value,20172019,2019,g/cap/d,16.3,E,
KEN,2018-01-01,2020-12-31,114,'404,Kenya,21014,Average supply of protein of animal origin (g/cap/day) (3-year average),6123,Value,20182020,2020,g/cap/d,15.6,E,
KEN,2019-01-01,2021-12-31,114,'404,Kenya,21014,Average supply of protein of animal origin (g/cap/day) (3-year average),6123,Value,20192021,2021,g/cap/d,14.9,E,
KEN,2020-01-01,2022-12-31,114,'404,Kenya,21014,Average supply of protein of animal origin (g/cap/day) (3-year average),6123,Value,20202022,2022,g/cap/d,14.4,E,
KEN,2021-01-01,2023-12-31,114,'404,Kenya,21014,Average supply of protein of animal origin (g/cap/day) (3-year average),6123,Value,20212023,2023,g/cap/d,14.4,E,
KEN,2000-01-01,2000-12-31,114,'404,Kenya,21016,Rail lines density (total route in km per 100 square km of land area),6124,Value,2000,2000,km,0.5,X,
KEN,2001-01-01,2001-12-31,114,'404,Kenya,21016,Rail lines density (total route in km per 100 square km of land area),6124,Value,2001,2001,km,0.5,X,
KEN,2002-01-01,2002-12-31,114,'404,Kenya,21016,Rail lines density (total route in km per 100 square km of land area),6124,Value,2002,2002,km,0.5,X,
KEN,2003-01-01,2003-12-31,114,'404,Kenya,21016,Rail lines density (total route in km per 100 square km of land area),6124,Value,2003,2003,km,0.5,X,
KEN,2004-01-01,2004-12-31,114,'404,Kenya,21016,Rail lines density (total route in km per 100 square km of land area),6124,Value,2004,2004,km,0.3,X,
KEN,2000-01-01,2000-12-31,114,'404,Kenya,22013,"Gross domestic product per capita, PPP, (constant 2021 international $)",6126,Value,2000,2000,Int$/cap,3757,X,
KEN,2001-01-01,2001-12-31,114,'404,Kenya,22013,"Gross domestic product per capita, PPP, (constant 2021 international $)",6126,Value,2001,2001,Int$/cap,3778,X,
KEN,2002-01-01,2002-12-31,114,'404,Kenya,22013,"Gross domestic product per capita, PPP, (constant 2021 international $)",6126,Value,2002,2002,Int$/cap,3681,X,
KEN,2003-01-01,2003-12-31,114,'404,Kenya,22013,"Gross domestic product per capita, PPP, (constant 2021 international $)",6126,Value,2003,2003,Int$/cap,3674,X,
KEN,2004-01-01,2004-12-31,114,'404,Kenya,22013,"Gross domestic product per capita, PPP, (constant 2021 international $)",6126,Value,2004,2004,Int$/cap,3744,X,
KEN,2005-01-01,2005-12-31,114,'404,Kenya,22013,"Gross domestic product per capita, PPP, (constant 2021 international $)",6126,Value,2005,2005,Int$/cap,3845,X,
KEN,2006-01-01,2006-12-31,114,'404,Kenya,22013,"Gross domestic product per capita, PPP, (constant 2021 international $)",6126,Value,2006,2006,Int$/cap,3971,X,
KEN,2007-01-01,2007-12-31,114,'404,Kenya,22013,"Gross domestic product per capita, PPP, (constant 2021 international $)",6126,Value,2007,2007,Int$/cap,4116,X,
KEN,2008-01-01,2008-12-31,114,'404,Kenya,22013,"Gross domestic product per capita, PPP, (constant 2021 international $)",6126,Value,2008,2008,Int$/cap,4003,X,
KEN,2009-01-01,2009-12-31,114,'404,Kenya,22013,"Gross domestic product per capita, PPP, (constant 2021 international $)",6126,Value,2009,2009,Int$/cap,4012,X,
KEN,2010-01-01,2010-12-31,114,'404,Kenya,22013,"Gross domestic product per capita, PPP, (constant 2021 international $)",6126,Value,2010,2010,Int$/cap,4212,X,
KEN,2011-01-01,2011-12-31,114,'404,Kenya,22013,"Gross domestic product per capita, PPP, (constant 2021 international $)",6126,Value,2011,2011,Int$/cap,4307,X,
KEN,2012-01-01,2012-12-31,114,'404,Kenya,22013,"Gross domestic product per capita, PPP, (constant 2021 international $)",6126,Value,2012,2012,Int$/cap,4388,X,
KEN,2013-01-01,2013-12-31,114,'404,Kenya,22013,"Gross domestic product per capita, PPP, (constant 2021 international $)",6126,Value,2013,2013,Int$/cap,4443,X,
KEN,2014-01-01,2014-12-31,114,'404,Kenya,22013,"Gross domestic product per capita, PPP, (constant 2021 international $)",6126,Value,2014,2014,Int$/cap,4559,X,
KEN,2015-01-01,2015-12-31,114,'404,Kenya,22013,"Gross domestic product per capita, PPP, (constant 2021 international $)",6126,Value,2015,2015,Int$/cap,4680,X,
KEN,2016-01-01,2016-12-31,114,'404,Kenya,22013,"Gross domestic product per capita, PPP, (constant 2021 international $)",6126,Value,2016,2016,Int$/cap,4770,X,
KEN,2017-01-01,2017-12-31,114,'404,Kenya,22013,"Gross domestic product per capita, PPP, (constant 2021 international $)",6126,Value,2017,2017,Int$/cap,4847,X,
KEN,2018-01-01,2018-12-31,114,'404,Kenya,22013,"Gross domestic product per capita, PPP, (constant 2021 international $)",6126,Value,2018,2018,Int$/cap,5018,X,
KEN,2019-01-01,2019-12-31,114,'404,Kenya,22013,"Gross domestic product per capita, PPP, (constant 2021 international $)",6126,Value,2019,2019,Int$/cap,5172,X,
KEN,2020-01-01,2020-12-31,114,'404,Kenya,22013,"Gross domestic product per capita, PPP, (constant 2021 international $)",6126,Value,2020,2020,Int$/cap,5057,X,
KEN,2021-01-01,2021-12-31,114,'404,Kenya,22013,"Gross domestic product per capita, PPP, (constant 2021 international $)",6126,Value,2021,2021,Int$/cap,5339,X,
KEN,2022-01-01,2022-12-31,114,'404,Kenya,22013,"Gross domestic product per capita, PPP, (constant 2021 international $)",6126,Value,2022,2022,Int$/cap,5492,X,
KEN,2023-01-01,2023-12-31,114,'404,Kenya,22013,"Gross domestic product per capita, PPP, (constant 2021 international $)",6126,Value,2023,2023,Int$/cap,5692,X,
KEN,2024-01-01,2024-12-31,114,'404,Kenya,22013,"Gross domestic product per capita, PPP, (constant 2021 international $)",6126,Value,2024,2024,Int$/cap,5845,X,
KEN,2000-01-01,2002-12-31,114,'404,Kenya,210041,Prevalence of undernourishment (percent) (3-year average),6121,Value,20002002,2002,%,31.8,E,
KEN,2001-01-01,2003-12-31,114,'404,Kenya,210041,Prevalence of undernourishment (percent) (3-year average),6121,Value,20012003,2003,%,33.3,E,
KEN,2002-01-01,2004-12-31,114,'404,Kenya,210041,Prevalence of undernourishment (percent) (3-year average),6121,Value,20022004,2004,%,34.5,E,
KEN,2003-01-01,2005-12-31,114,'404,Kenya,210041,Prevalence of undernourishment (percent) (3-year average),6121,Value,20032005,2005,%,31.7,E,
KEN,2004-01-01,2006-12-31,114,'404,Kenya,210041,Prevalence of undernourishment (percent) (3-year average),6121,Value,20042006,2006,%,28.2,E,
KEN,2005-01-01,2007-12-31,114,'404,Kenya,210041,Prevalence of undernourishment (percent) (3-year average),6121,Value,20052007,2007,%,26.1,E,
KEN,2006-01-01,2008-12-31,114,'404,Kenya,210041,Prevalence of undernourishment (percent) (3-year average),6121,Value,20062008,2008,%,27.1,E,
KEN,2007-01-01,2009-12-31,114,'404,Kenya,210041,Prevalence of undernourishment (percent) (3-year average),6121,Value,20072009,2009,%,27.2,E,
KEN,2008-01-01,2010-12-31,114,'404,Kenya,210041,Prevalence of undernourishment (percent) (3-year average),6121,Value,20082010,2010,%,24.9,E,
KEN,2009-01-01,2011-12-31,114,'404,Kenya,210041,Prevalence of undernourishment (percent) (3-year average),6121,Value,20092011,2011,%,22.3,E,
KEN,2010-01-01,2012-12-31,114,'404,Kenya,210041,Prevalence of undernourishment (percent) (3-year average),6121,Value,20102012,2012,%,20.6,E,
KEN,2011-01-01,2013-12-31,114,'404,Kenya,210041,Prevalence of undernourishment (percent) (3-year average),6121,Value,20112013,2013,%,19.9,E,
KEN,2012-01-01,2014-12-31,114,'404,Kenya,210041,Prevalence of undernourishment (percent) (3-year average),6121,Value,20122014,2014,%,19.4,E,
KEN,2013-01-01,2015-12-31,114,'404,Kenya,210041,Prevalence of undernourishment (percent) (3-year average),6121,Value,20132015,2015,%,19.4,E,
KEN,2014-01-01,2016-12-31,114,'404,Kenya,210041,Prevalence of undernourishment (percent) (3-year average),6121,Value,20142016,2016,%,21.2,E,
KEN,2015-01-01,2017-12-31,114,'404,Kenya,210041,Prevalence of undernourishment (percent) (3-year average),6121,Value,20152017,2017,%,23,E,
KEN,2016-01-01,2018-12-31,114,'404,Kenya,210041,Prevalence of undernourishment (percent) (3-year average),6121,Value,20162018,2018,%,24.8,E,
KEN,2017-01-01,2019-12-31,114,'404,Kenya,210041,Prevalence of undernourishment (percent) (3-year average),6121,Value,20172019,2019,%,24.6,E,
KEN,2018-01-01,2020-12-31,114,'404,Kenya,210041,Prevalence of undernourishment (percent) (3-year average),6121,Value,20182020,2020,%,25.8,E,
KEN,2019-01-01,2021-12-31,114,'404,Kenya,210041,Prevalence of undernourishment (percent) (3-year average),6121,Value,20192021,2021,%,28.8,E,
KEN,2020-01-01,2022-12-31,114,'404,Kenya,210041,Prevalence of undernourishment (percent) (3-year average),6121,Value,20202022,2022,%,33.4,E,
KEN,2021-01-01,2023-12-31,114,'404,Kenya,210041,Prevalence of undernourishment (percent) (3-year average),6121,Value,20212023,2023,%,36.2,E,
KEN,2022-01-01,2024-12-31,114,'404,Kenya,210041,Prevalence of undernourishment (percent) (3-year average),6121,Value,20222024,2024,%,36.4,E,
KEN,2023-01-01,2025-12-31,114,'404,Kenya,210041,Prevalence of undernourishment (percent) (3-year average),6121,Value,20232025,2025,%,34.9,E,
KEN,2000-01-01,2002-12-31,114,'404,Kenya,210011,Number of people undernourished (million) (3-year average),6132,Value,20002002,2002,million No,10.1,E,
KEN,2001-01-01,2003-12-31,114,'404,Kenya,210011,Number of people undernourished (million) (3-year average),6132,Value,20012003,2003,million No,10.9,E,
KEN,2002-01-01,2004-12-31,114,'404,Kenya,210011,Number of people undernourished (million) (3-year average),6132,Value,20022004,2004,million No,11.6,E,
KEN,2003-01-01,2005-12-31,114,'404,Kenya,210011,Number of people undernourished (million) (3-year average),6132,Value,20032005,2005,million No,11,E,
KEN,2004-01-01,2006-12-31,114,'404,Kenya,210011,Number of people undernourished (million) (3-year average),6132,Value,20042006,2006,million No,10.1,E,
KEN,2005-01-01,2007-12-31,114,'404,Kenya,210011,Number of people undernourished (million) (3-year average),6132,Value,20052007,2007,million No,9.6,E,
KEN,2006-01-01,2008-12-31,114,'404,Kenya,210011,Number of people undernourished (million) (3-year average),6132,Value,20062008,2008,million No,10.3,E,
KEN,2007-01-01,2009-12-31,114,'404,Kenya,210011,Number of people undernourished (million) (3-year average),6132,Value,20072009,2009,million No,10.6,E,
KEN,2008-01-01,2010-12-31,114,'404,Kenya,210011,Number of people undernourished (million) (3-year average),6132,Value,20082010,2010,million No,10.1,E,
KEN,2009-01-01,2011-12-31,114,'404,Kenya,210011,Number of people undernourished (million) (3-year average),6132,Value,20092011,2011,million No,9.3,E,
KEN,2010-01-01,2012-12-31,114,'404,Kenya,210011,Number of people undernourished (million) (3-year average),6132,Value,20102012,2012,million No,8.8,E,
KEN,2011-01-01,2013-12-31,114,'404,Kenya,210011,Number of people undernourished (million) (3-year average),6132,Value,20112013,2013,million No,8.7,E,
KEN,2012-01-01,2014-12-31,114,'404,Kenya,210011,Number of people undernourished (million) (3-year average),6132,Value,20122014,2014,million No,8.7,E,
KEN,2013-01-01,2015-12-31,114,'404,Kenya,210011,Number of people undernourished (million) (3-year average),6132,Value,20132015,2015,million No,8.9,E,
KEN,2014-01-01,2016-12-31,114,'404,Kenya,210011,Number of people undernourished (million) (3-year average),6132,Value,20142016,2016,million No,10,E,
KEN,2015-01-01,2017-12-31,114,'404,Kenya,210011,Number of people undernourished (million) (3-year average),6132,Value,20152017,2017,million No,11.1,E,
KEN,2016-01-01,2018-12-31,114,'404,Kenya,210011,Number of people undernourished (million) (3-year average),6132,Value,20162018,2018,million No,12.2,E,
KEN,2017-01-01,2019-12-31,114,'404,Kenya,210011,Number of people undernourished (million) (3-year average),6132,Value,20172019,2019,million No,12.4,E,
KEN,2018-01-01,2020-12-31,114,'404,Kenya,210011,Number of people undernourished (million) (3-year average),6132,Value,20182020,2020,million No,13.2,E,
KEN,2019-01-01,2021-12-31,114,'404,Kenya,210011,Number of people undernourished (million) (3-year average),6132,Value,20192021,2021,million No,15,E,
KEN,2020-01-01,2022-12-31,114,'404,Kenya,210011,Number of people undernourished (million) (3-year average),6132,Value,20202022,2022,million No,17.8,E,
KEN,2021-01-01,2023-12-31,114,'404,Kenya,210011,Number of people undernourished (million) (3-year average),6132,Value,20212023,2023,million No,19.6,E,
KEN,2022-01-01,2024-12-31,114,'404,Kenya,210011,Number of people undernourished (million) (3-year average),6132,Value,20222024,2024,million No,20.1,E,
KEN,2023-01-01,2025-12-31,114,'404,Kenya,210011,Number of people undernourished (million) (3-year average),6132,Value,20232025,2025,million No,19.7,E,
KEN,2014-01-01,2016-12-31,114,'404,Kenya,210401,Prevalence of severe food insecurity in the total population (percent) (3-year average),6121,Value,20142016,2016,%,15,E,Official estimate integrated with FAO data
KEN,2015-01-01,2017-12-31,114,'404,Kenya,210401,Prevalence of severe food insecurity in the total population (percent) (3-year average),6121,Value,20152017,2017,%,17.8,E,Official estimate integrated with FAO data
KEN,2016-01-01,2018-12-31,114,'404,Kenya,210401,Prevalence of severe food insecurity in the total population (percent) (3-year average),6121,Value,20162018,2018,%,21.6,E,Official estimate integrated with FAO data
KEN,2017-01-01,2019-12-31,114,'404,Kenya,210401,Prevalence of severe food insecurity in the total population (percent) (3-year average),6121,Value,20172019,2019,%,23.4,E,Official estimate integrated with FAO data
KEN,2018-01-01,2020-12-31,114,'404,Kenya,210401,Prevalence of severe food insecurity in the total population (percent) (3-year average),6121,Value,20182020,2020,%,24.9,E,Official estimate integrated with FAO data
KEN,2019-01-01,2021-12-31,114,'404,Kenya,210401,Prevalence of severe food insecurity in the total population (percent) (3-year average),6121,Value,20192021,2021,%,26.1,E,Official estimate integrated with FAO data
KEN,2020-01-01,2022-12-31,114,'404,Kenya,210401,Prevalence of severe food insecurity in the total population (percent) (3-year average),6121,Value,20202022,2022,%,28,E,Official estimate integrated with FAO data
KEN,2021-01-01,2023-12-31,114,'404,Kenya,210401,Prevalence of severe food insecurity in the total population (percent) (3-year average),6121,Value,20212023,2023,%,28,E,Official estimate integrated with FAO data
KEN,2022-01-01,2024-12-31,114,'404,Kenya,210401,Prevalence of severe food insecurity in the total population (percent) (3-year average),6121,Value,20222024,2024,%,28.1,E,Official estimate integrated with FAO data
KEN,2023-01-01,2025-12-31,114,'404,Kenya,210401,Prevalence of severe food insecurity in the total population (percent) (3-year average),6121,Value,20232025,2025,%,26.5,E,Official estimate integrated with FAO data
KEN,2014-01-01,2016-12-31,114,'404,Kenya,210401,Prevalence of severe food insecurity in the total population (percent) (3-year average),61211,Confidence interval: Lower bound,20142016,2016,%,14,E,Official estimate integrated with FAO data
KEN,2015-01-01,2017-12-31,114,'404,Kenya,210401,Prevalence of severe food insecurity in the total population (percent) (3-year average),61211,Confidence interval: Lower bound,20152017,2017,%,16.8,E,Official estimate integrated with FAO data
KEN,2016-01-01,2018-12-31,114,'404,Kenya,210401,Prevalence of severe food insecurity in the total population (percent) (3-year average),61211,Confidence interval: Lower bound,20162018,2018,%,20.6,E,Official estimate integrated with FAO data
KEN,2017-01-01,2019-12-31,114,'404,Kenya,210401,Prevalence of severe food insecurity in the total population (percent) (3-year average),61211,Confidence interval: Lower bound,20172019,2019,%,22.3,E,Official estimate integrated with FAO data
KEN,2018-01-01,2020-12-31,114,'404,Kenya,210401,Prevalence of severe food insecurity in the total population (percent) (3-year average),61211,Confidence interval: Lower bound,20182020,2020,%,23.9,E,Official estimate integrated with FAO data
KEN,2019-01-01,2021-12-31,114,'404,Kenya,210401,Prevalence of severe food insecurity in the total population (percent) (3-year average),61211,Confidence interval: Lower bound,20192021,2021,%,25,E,Official estimate integrated with FAO data
KEN,2020-01-01,2022-12-31,114,'404,Kenya,210401,Prevalence of severe food insecurity in the total population (percent) (3-year average),61211,Confidence interval: Lower bound,20202022,2022,%,27,E,Official estimate integrated with FAO data
KEN,2021-01-01,2023-12-31,114,'404,Kenya,210401,Prevalence of severe food insecurity in the total population (percent) (3-year average),61211,Confidence interval: Lower bound,20212023,2023,%,27,E,Official estimate integrated with FAO data
KEN,2022-01-01,2024-12-31,114,'404,Kenya,210401,Prevalence of severe food insecurity in the total population (percent) (3-year average),61211,Confidence interval: Lower bound,20222024,2024,%,27,E,Official estimate integrated with FAO data
KEN,2023-01-01,2025-12-31,114,'404,Kenya,210401,Prevalence of severe food insecurity in the total population (percent) (3-year average),61211,Confidence interval: Lower bound,20232025,2025,%,25.4,E,Official estimate integrated with FAO data
KEN,2014-01-01,2016-12-31,114,'404,Kenya,210401,Prevalence of severe food insecurity in the total population (percent) (3-year average),61212,Confidence interval: Upper bound,20142016,2016,%,16,E,Official estimate integrated with FAO data
KEN,2015-01-01,2017-12-31,114,'404,Kenya,210401,Prevalence of severe food insecurity in the total population (percent) (3-year average),61212,Confidence interval: Upper bound,20152017,2017,%,18.9,E,Official estimate integrated with FAO data
KEN,2016-01-01,2018-12-31,114,'404,Kenya,210401,Prevalence of severe food insecurity in the total population (percent) (3-year average),61212,Confidence interval: Upper bound,20162018,2018,%,22.7,E,Official estimate integrated with FAO data
KEN,2017-01-01,2019-12-31,114,'404,Kenya,210401,Prevalence of severe food insecurity in the total population (percent) (3-year average),61212,Confidence interval: Upper bound,20172019,2019,%,24.4,E,Official estimate integrated with FAO data
KEN,2018-01-01,2020-12-31,114,'404,Kenya,210401,Prevalence of severe food insecurity in the total population (percent) (3-year average),61212,Confidence interval: Upper bound,20182020,2020,%,25.9,E,Official estimate integrated with FAO data
KEN,2019-01-01,2021-12-31,114,'404,Kenya,210401,Prevalence of severe food insecurity in the total population (percent) (3-year average),61212,Confidence interval: Upper bound,20192021,2021,%,27.1,E,Official estimate integrated with FAO data
KEN,2020-01-01,2022-12-31,114,'404,Kenya,210401,Prevalence of severe food insecurity in the total population (percent) (3-year average),61212,Confidence interval: Upper bound,20202022,2022,%,29,E,Official estimate integrated with FAO data
KEN,2021-01-01,2023-12-31,114,'404,Kenya,210401,Prevalence of severe food insecurity in the total population (percent) (3-year average),61212,Confidence interval: Upper bound,20212023,2023,%,29.1,E,Official estimate integrated with FAO data
KEN,2022-01-01,2024-12-31,114,'404,Kenya,210401,Prevalence of severe food insecurity in the total population (percent) (3-year average),61212,Confidence interval: Upper bound,20222024,2024,%,29.1,E,Official estimate integrated with FAO data
KEN,2023-01-01,2025-12-31,114,'404,Kenya,210401,Prevalence of severe food insecurity in the total population (percent) (3-year average),61212,Confidence interval: Upper bound,20232025,2025,%,27.5,E,Official estimate integrated with FAO data
KEN,2014-01-01,2016-12-31,114,'404,Kenya,210401M,Prevalence of severe food insecurity in the male adult population (percent) (3-year average),6121,Value,20142016,2016,%,13.7,E,Official estimate integrated with FAO data
KEN,2015-01-01,2017-12-31,114,'404,Kenya,210401M,Prevalence of severe food insecurity in the male adult population (percent) (3-year average),6121,Value,20152017,2017,%,16.3,E,Official estimate integrated with FAO data
KEN,2016-01-01,2018-12-31,114,'404,Kenya,210401M,Prevalence of severe food insecurity in the male adult population (percent) (3-year average),6121,Value,20162018,2018,%,19.7,E,Official estimate integrated with FAO data
KEN,2017-01-01,2019-12-31,114,'404,Kenya,210401M,Prevalence of severe food insecurity in the male adult population (percent) (3-year average),6121,Value,20172019,2019,%,21.3,E,Official estimate integrated with FAO data
KEN,2018-01-01,2020-12-31,114,'404,Kenya,210401M,Prevalence of severe food insecurity in the male adult population (percent) (3-year average),6121,Value,20182020,2020,%,22.7,E,Official estimate integrated with FAO data
KEN,2019-01-01,2021-12-31,114,'404,Kenya,210401M,Prevalence of severe food insecurity in the male adult population (percent) (3-year average),6121,Value,20192021,2021,%,23.8,E,Official estimate integrated with FAO data
KEN,2020-01-01,2022-12-31,114,'404,Kenya,210401M,Prevalence of severe food insecurity in the male adult population (percent) (3-year average),6121,Value,20202022,2022,%,26.3,E,Official estimate integrated with FAO data
KEN,2021-01-01,2023-12-31,114,'404,Kenya,210401M,Prevalence of severe food insecurity in the male adult population (percent) (3-year average),6121,Value,20212023,2023,%,26.9,E,Official estimate integrated with FAO data
KEN,2022-01-01,2024-12-31,114,'404,Kenya,210401M,Prevalence of severe food insecurity in the male adult population (percent) (3-year average),6121,Value,20222024,2024,%,27.4,E,Official estimate integrated with FAO data
KEN,2023-01-01,2025-12-31,114,'404,Kenya,210401M,Prevalence of severe food insecurity in the male adult population (percent) (3-year average),6121,Value,20232025,2025,%,25.7,E,Official estimate integrated with FAO data
KEN,2014-01-01,2016-12-31,114,'404,Kenya,210401M,Prevalence of severe food insecurity in the male adult population (percent) (3-year average),61211,Confidence interval: Lower bound,20142016,2016,%,12.6,E,Official estimate integrated with FAO data
KEN,2015-01-01,2017-12-31,114,'404,Kenya,210401M,Prevalence of severe food insecurity in the male adult population (percent) (3-year average),61211,Confidence interval: Lower bound,20152017,2017,%,15.2,E,Official estimate integrated with FAO data
KEN,2016-01-01,2018-12-31,114,'404,Kenya,210401M,Prevalence of severe food insecurity in the male adult population (percent) (3-year average),61211,Confidence interval: Lower bound,20162018,2018,%,18.6,E,Official estimate integrated with FAO data
KEN,2017-01-01,2019-12-31,114,'404,Kenya,210401M,Prevalence of severe food insecurity in the male adult population (percent) (3-year average),61211,Confidence interval: Lower bound,20172019,2019,%,20.2,E,Official estimate integrated with FAO data
KEN,2018-01-01,2020-12-31,114,'404,Kenya,210401M,Prevalence of severe food insecurity in the male adult population (percent) (3-year average),61211,Confidence interval: Lower bound,20182020,2020,%,21.6,E,Official estimate integrated with FAO data
KEN,2019-01-01,2021-12-31,114,'404,Kenya,210401M,Prevalence of severe food insecurity in the male adult population (percent) (3-year average),61211,Confidence interval: Lower bound,20192021,2021,%,22.7,E,Official estimate integrated with FAO data
KEN,2020-01-01,2022-12-31,114,'404,Kenya,210401M,Prevalence of severe food insecurity in the male adult population (percent) (3-year average),61211,Confidence interval: Lower bound,20202022,2022,%,25.2,E,Official estimate integrated with FAO data
KEN,2021-01-01,2023-12-31,114,'404,Kenya,210401M,Prevalence of severe food insecurity in the male adult population (percent) (3-year average),61211,Confidence interval: Lower bound,20212023,2023,%,25.9,E,Official estimate integrated with FAO data
KEN,2022-01-01,2024-12-31,114,'404,Kenya,210401M,Prevalence of severe food insecurity in the male adult population (percent) (3-year average),61211,Confidence interval: Lower bound,20222024,2024,%,26.3,E,Official estimate integrated with FAO data
KEN,2023-01-01,2025-12-31,114,'404,Kenya,210401M,Prevalence of severe food insecurity in the male adult population (percent) (3-year average),61211,Confidence interval: Lower bound,20232025,2025,%,24.7,E,Official estimate integrated with FAO data
KEN,2014-01-01,2016-12-31,114,'404,Kenya,210401M,Prevalence of severe food insecurity in the male adult population (percent) (3-year average),61212,Confidence interval: Upper bound,20142016,2016,%,14.8,E,Official estimate integrated with FAO data
KEN,2015-01-01,2017-12-31,114,'404,Kenya,210401M,Prevalence of severe food insecurity in the male adult population (percent) (3-year average),61212,Confidence interval: Upper bound,20152017,2017,%,17.4,E,Official estimate integrated with FAO data
KEN,2016-01-01,2018-12-31,114,'404,Kenya,210401M,Prevalence of severe food insecurity in the male adult population (percent) (3-year average),61212,Confidence interval: Upper bound,20162018,2018,%,20.8,E,Official estimate integrated with FAO data
KEN,2017-01-01,2019-12-31,114,'404,Kenya,210401M,Prevalence of severe food insecurity in the male adult population (percent) (3-year average),61212,Confidence interval: Upper bound,20172019,2019,%,22.4,E,Official estimate integrated with FAO data
KEN,2018-01-01,2020-12-31,114,'404,Kenya,210401M,Prevalence of severe food insecurity in the male adult population (percent) (3-year average),61212,Confidence interval: Upper bound,20182020,2020,%,23.8,E,Official estimate integrated with FAO data
KEN,2019-01-01,2021-12-31,114,'404,Kenya,210401M,Prevalence of severe food insecurity in the male adult population (percent) (3-year average),61212,Confidence interval: Upper bound,20192021,2021,%,24.8,E,Official estimate integrated with FAO data
KEN,2020-01-01,2022-12-31,114,'404,Kenya,210401M,Prevalence of severe food insecurity in the male adult population (percent) (3-year average),61212,Confidence interval: Upper bound,20202022,2022,%,27.4,E,Official estimate integrated with FAO data
KEN,2021-01-01,2023-12-31,114,'404,Kenya,210401M,Prevalence of severe food insecurity in the male adult population (percent) (3-year average),61212,Confidence interval: Upper bound,20212023,2023,%,28,E,Official estimate integrated with FAO data
KEN,2022-01-01,2024-12-31,114,'404,Kenya,210401M,Prevalence of severe food insecurity in the male adult population (percent) (3-year average),61212,Confidence interval: Upper bound,20222024,2024,%,28.4,E,Official estimate integrated with FAO data
KEN,2023-01-01,2025-12-31,114,'404,Kenya,210401M,Prevalence of severe food insecurity in the male adult population (percent) (3-year average),61212,Confidence interval: Upper bound,20232025,2025,%,26.8,E,Official estimate integrated with FAO data
KEN,2014-01-01,2016-12-31,114,'404,Kenya,210401F,Prevalence of severe food insecurity in the female adult population (percent) (3-year average),6121,Value,20142016,2016,%,16.4,E,Official estimate integrated with FAO data
KEN,2015-01-01,2017-12-31,114,'404,Kenya,210401F,Prevalence of severe food insecurity in the female adult population (percent) (3-year average),6121,Value,20152017,2017,%,19.5,E,Official estimate integrated with FAO data
KEN,2016-01-01,2018-12-31,114,'404,Kenya,210401F,Prevalence of severe food insecurity in the female adult population (percent) (3-year average),6121,Value,20162018,2018,%,23.6,E,Official estimate integrated with FAO data
KEN,2017-01-01,2019-12-31,114,'404,Kenya,210401F,Prevalence of severe food insecurity in the female adult population (percent) (3-year average),6121,Value,20172019,2019,%,25.5,E,Official estimate integrated with FAO data
KEN,2018-01-01,2020-12-31,114,'404,Kenya,210401F,Prevalence of severe food insecurity in the female adult population (percent) (3-year average),6121,Value,20182020,2020,%,27.1,E,Official estimate integrated with FAO data
KEN,2019-01-01,2021-12-31,114,'404,Kenya,210401F,Prevalence of severe food insecurity in the female adult population (percent) (3-year average),6121,Value,20192021,2021,%,28.4,E,Official estimate integrated with FAO data
KEN,2020-01-01,2022-12-31,114,'404,Kenya,210401F,Prevalence of severe food insecurity in the female adult population (percent) (3-year average),6121,Value,20202022,2022,%,29.7,E,Official estimate integrated with FAO data
KEN,2021-01-01,2023-12-31,114,'404,Kenya,210401F,Prevalence of severe food insecurity in the female adult population (percent) (3-year average),6121,Value,20212023,2023,%,29.1,E,Official estimate integrated with FAO data
KEN,2022-01-01,2024-12-31,114,'404,Kenya,210401F,Prevalence of severe food insecurity in the female adult population (percent) (3-year average),6121,Value,20222024,2024,%,28.7,E,Official estimate integrated with FAO data
KEN,2023-01-01,2025-12-31,114,'404,Kenya,210401F,Prevalence of severe food insecurity in the female adult population (percent) (3-year average),6121,Value,20232025,2025,%,27.2,E,Official estimate integrated with FAO data
KEN,2014-01-01,2016-12-31,114,'404,Kenya,210401F,Prevalence of severe food insecurity in the female adult population (percent) (3-year average),61211,Confidence interval: Lower bound,20142016,2016,%,15.4,E,Official estimate integrated with FAO data
KEN,2015-01-01,2017-12-31,114,'404,Kenya,210401F,Prevalence of severe food insecurity in the female adult population (percent) (3-year average),61211,Confidence interval: Lower bound,20152017,2017,%,18.5,E,Official estimate integrated with FAO data
KEN,2016-01-01,2018-12-31,114,'404,Kenya,210401F,Prevalence of severe food insecurity in the female adult population (percent) (3-year average),61211,Confidence interval: Lower bound,20162018,2018,%,22.6,E,Official estimate integrated with FAO data
KEN,2017-01-01,2019-12-31,114,'404,Kenya,210401F,Prevalence of severe food insecurity in the female adult population (percent) (3-year average),61211,Confidence interval: Lower bound,20172019,2019,%,24.5,E,Official estimate integrated with FAO data
KEN,2018-01-01,2020-12-31,114,'404,Kenya,210401F,Prevalence of severe food insecurity in the female adult population (percent) (3-year average),61211,Confidence interval: Lower bound,20182020,2020,%,26.1,E,Official estimate integrated with FAO data
KEN,2019-01-01,2021-12-31,114,'404,Kenya,210401F,Prevalence of severe food insecurity in the female adult population (percent) (3-year average),61211,Confidence interval: Lower bound,20192021,2021,%,27.4,E,Official estimate integrated with FAO data
KEN,2020-01-01,2022-12-31,114,'404,Kenya,210401F,Prevalence of severe food insecurity in the female adult population (percent) (3-year average),61211,Confidence interval: Lower bound,20202022,2022,%,28.7,E,Official estimate integrated with FAO data
KEN,2021-01-01,2023-12-31,114,'404,Kenya,210401F,Prevalence of severe food insecurity in the female adult population (percent) (3-year average),61211,Confidence interval: Lower bound,20212023,2023,%,28.1,E,Official estimate integrated with FAO data
KEN,2022-01-01,2024-12-31,114,'404,Kenya,210401F,Prevalence of severe food insecurity in the female adult population (percent) (3-year average),61211,Confidence interval: Lower bound,20222024,2024,%,27.7,E,Official estimate integrated with FAO data
KEN,2023-01-01,2025-12-31,114,'404,Kenya,210401F,Prevalence of severe food insecurity in the female adult population (percent) (3-year average),61211,Confidence interval: Lower bound,20232025,2025,%,26.2,E,Official estimate integrated with FAO data
KEN,2014-01-01,2016-12-31,114,'404,Kenya,210401F,Prevalence of severe food insecurity in the female adult population (percent) (3-year average),61212,Confidence interval: Upper bound,20142016,2016,%,17.3,E,Official estimate integrated with FAO data
KEN,2015-01-01,2017-12-31,114,'404,Kenya,210401F,Prevalence of severe food insecurity in the female adult population (percent) (3-year average),61212,Confidence interval: Upper bound,20152017,2017,%,20.5,E,Official estimate integrated with FAO data
KEN,2016-01-01,2018-12-31,114,'404,Kenya,210401F,Prevalence of severe food insecurity in the female adult population (percent) (3-year average),61212,Confidence interval: Upper bound,20162018,2018,%,24.5,E,Official estimate integrated with FAO data
KEN,2017-01-01,2019-12-31,114,'404,Kenya,210401F,Prevalence of severe food insecurity in the female adult population (percent) (3-year average),61212,Confidence interval: Upper bound,20172019,2019,%,26.4,E,Official estimate integrated with FAO data
KEN,2018-01-01,2020-12-31,114,'404,Kenya,210401F,Prevalence of severe food insecurity in the female adult population (percent) (3-year average),61212,Confidence interval: Upper bound,20182020,2020,%,28.1,E,Official estimate integrated with FAO data
KEN,2019-01-01,2021-12-31,114,'404,Kenya,210401F,Prevalence of severe food insecurity in the female adult population (percent) (3-year average),61212,Confidence interval: Upper bound,20192021,2021,%,29.4,E,Official estimate integrated with FAO data
KEN,2020-01-01,2022-12-31,114,'404,Kenya,210401F,Prevalence of severe food insecurity in the female adult population (percent) (3-year average),61212,Confidence interval: Upper bound,20202022,2022,%,30.7,E,Official estimate integrated with FAO data
KEN,2021-01-01,2023-12-31,114,'404,Kenya,210401F,Prevalence of severe food insecurity in the female adult population (percent) (3-year average),61212,Confidence interval: Upper bound,20212023,2023,%,30.1,E,Official estimate integrated with FAO data
KEN,2022-01-01,2024-12-31,114,'404,Kenya,210401F,Prevalence of severe food insecurity in the female adult population (percent) (3-year average),61212,Confidence interval: Upper bound,20222024,2024,%,29.7,E,Official estimate integrated with FAO data
KEN,2023-01-01,2025-12-31,114,'404,Kenya,210401F,Prevalence of severe food insecurity in the female adult population (percent) (3-year average),61212,Confidence interval: Upper bound,20232025,2025,%,28.2,E,Official estimate integrated with FAO data
KEN,2014-01-01,2016-12-31,114,'404,Kenya,210091,Prevalence of moderate or severe food insecurity in the total population (percent) (3-year average),6121,Value,20142016,2016,%,50.7,E,Official estimate integrated with FAO data
KEN,2015-01-01,2017-12-31,114,'404,Kenya,210091,Prevalence of moderate or severe food insecurity in the total population (percent) (3-year average),6121,Value,20152017,2017,%,54.8,E,Official estimate integrated with FAO data
KEN,2016-01-01,2018-12-31,114,'404,Kenya,210091,Prevalence of moderate or severe food insecurity in the total population (percent) (3-year average),6121,Value,20162018,2018,%,60.9,E,Official estimate integrated with FAO data
KEN,2017-01-01,2019-12-31,114,'404,Kenya,210091,Prevalence of moderate or severe food insecurity in the total population (percent) (3-year average),6121,Value,20172019,2019,%,64.4,E,Official estimate integrated with FAO data
KEN,2018-01-01,2020-12-31,114,'404,Kenya,210091,Prevalence of moderate or severe food insecurity in the total population (percent) (3-year average),6121,Value,20182020,2020,%,67.7,E,Official estimate integrated with FAO data
KEN,2019-01-01,2021-12-31,114,'404,Kenya,210091,Prevalence of moderate or severe food insecurity in the total population (percent) (3-year average),6121,Value,20192021,2021,%,69.5,E,Official estimate integrated with FAO data
KEN,2020-01-01,2022-12-31,114,'404,Kenya,210091,Prevalence of moderate or severe food insecurity in the total population (percent) (3-year average),6121,Value,20202022,2022,%,72.3,E,Official estimate integrated with FAO data
KEN,2021-01-01,2023-12-31,114,'404,Kenya,210091,Prevalence of moderate or severe food insecurity in the total population (percent) (3-year average),6121,Value,20212023,2023,%,72.8,E,Official estimate integrated with FAO data
KEN,2022-01-01,2024-12-31,114,'404,Kenya,210091,Prevalence of moderate or severe food insecurity in the total population (percent) (3-year average),6121,Value,20222024,2024,%,73.9,E,Official estimate integrated with FAO data
KEN,2023-01-01,2025-12-31,114,'404,Kenya,210091,Prevalence of moderate or severe food insecurity in the total population (percent) (3-year average),6121,Value,20232025,2025,%,71.7,E,Official estimate integrated with FAO data
KEN,2014-01-01,2016-12-31,114,'404,Kenya,210091,Prevalence of moderate or severe food insecurity in the total population (percent) (3-year average),61211,Confidence interval: Lower bound,20142016,2016,%,49.1,E,Official estimate integrated with FAO data
KEN,2015-01-01,2017-12-31,114,'404,Kenya,210091,Prevalence of moderate or severe food insecurity in the total population (percent) (3-year average),61211,Confidence interval: Lower bound,20152017,2017,%,53.2,E,Official estimate integrated with FAO data
KEN,2016-01-01,2018-12-31,114,'404,Kenya,210091,Prevalence of moderate or severe food insecurity in the total population (percent) (3-year average),61211,Confidence interval: Lower bound,20162018,2018,%,59.4,E,Official estimate integrated with FAO data
KEN,2017-01-01,2019-12-31,114,'404,Kenya,210091,Prevalence of moderate or severe food insecurity in the total population (percent) (3-year average),61211,Confidence interval: Lower bound,20172019,2019,%,62.9,E,Official estimate integrated with FAO data
KEN,2018-01-01,2020-12-31,114,'404,Kenya,210091,Prevalence of moderate or severe food insecurity in the total population (percent) (3-year average),61211,Confidence interval: Lower bound,20182020,2020,%,66.1,E,Official estimate integrated with FAO data
KEN,2019-01-01,2021-12-31,114,'404,Kenya,210091,Prevalence of moderate or severe food insecurity in the total population (percent) (3-year average),61211,Confidence interval: Lower bound,20192021,2021,%,67.9,E,Official estimate integrated with FAO data
KEN,2020-01-01,2022-12-31,114,'404,Kenya,210091,Prevalence of moderate or severe food insecurity in the total population (percent) (3-year average),61211,Confidence interval: Lower bound,20202022,2022,%,70.7,E,Official estimate integrated with FAO data
KEN,2021-01-01,2023-12-31,114,'404,Kenya,210091,Prevalence of moderate or severe food insecurity in the total population (percent) (3-year average),61211,Confidence interval: Lower bound,20212023,2023,%,71.3,E,Official estimate integrated with FAO data
KEN,2022-01-01,2024-12-31,114,'404,Kenya,210091,Prevalence of moderate or severe food insecurity in the total population (percent) (3-year average),61211,Confidence interval: Lower bound,20222024,2024,%,72.3,E,Official estimate integrated with FAO data
KEN,2023-01-01,2025-12-31,114,'404,Kenya,210091,Prevalence of moderate or severe food insecurity in the total population (percent) (3-year average),61211,Confidence interval: Lower bound,20232025,2025,%,70.2,E,Official estimate integrated with FAO data
KEN,2014-01-01,2016-12-31,114,'404,Kenya,210091,Prevalence of moderate or severe food insecurity in the total population (percent) (3-year average),61212,Confidence interval: Upper bound,20142016,2016,%,52.2,E,Official estimate integrated with FAO data
KEN,2015-01-01,2017-12-31,114,'404,Kenya,210091,Prevalence of moderate or severe food insecurity in the total population (percent) (3-year average),61212,Confidence interval: Upper bound,20152017,2017,%,56.4,E,Official estimate integrated with FAO data
KEN,2016-01-01,2018-12-31,114,'404,Kenya,210091,Prevalence of moderate or severe food insecurity in the total population (percent) (3-year average),61212,Confidence interval: Upper bound,20162018,2018,%,62.5,E,Official estimate integrated with FAO data
KEN,2017-01-01,2019-12-31,114,'404,Kenya,210091,Prevalence of moderate or severe food insecurity in the total population (percent) (3-year average),61212,Confidence interval: Upper bound,20172019,2019,%,66,E,Official estimate integrated with FAO data
KEN,2018-01-01,2020-12-31,114,'404,Kenya,210091,Prevalence of moderate or severe food insecurity in the total population (percent) (3-year average),61212,Confidence interval: Upper bound,20182020,2020,%,69.2,E,Official estimate integrated with FAO data
KEN,2019-01-01,2021-12-31,114,'404,Kenya,210091,Prevalence of moderate or severe food insecurity in the total population (percent) (3-year average),61212,Confidence interval: Upper bound,20192021,2021,%,71.1,E,Official estimate integrated with FAO data
KEN,2020-01-01,2022-12-31,114,'404,Kenya,210091,Prevalence of moderate or severe food insecurity in the total population (percent) (3-year average),61212,Confidence interval: Upper bound,20202022,2022,%,73.8,E,Official estimate integrated with FAO data
KEN,2021-01-01,2023-12-31,114,'404,Kenya,210091,Prevalence of moderate or severe food insecurity in the total population (percent) (3-year average),61212,Confidence interval: Upper bound,20212023,2023,%,74.4,E,Official estimate integrated with FAO data
KEN,2022-01-01,2024-12-31,114,'404,Kenya,210091,Prevalence of moderate or severe food insecurity in the total population (percent) (3-year average),61212,Confidence interval: Upper bound,20222024,2024,%,75.5,E,Official estimate integrated with FAO data
KEN,2023-01-01,2025-12-31,114,'404,Kenya,210091,Prevalence of moderate or severe food insecurity in the total population (percent) (3-year average),61212,Confidence interval: Upper bound,20232025,2025,%,73.3,E,Official estimate integrated with FAO data
KEN,2014-01-01,2016-12-31,114,'404,Kenya,210091M,Prevalence of moderate or severe food insecurity in the male adult population (percent) (3-year average),6121,Value,20142016,2016,%,47.3,E,Official estimate integrated with FAO data
KEN,2015-01-01,2017-12-31,114,'404,Kenya,210091M,Prevalence of moderate or severe food insecurity in the male adult population (percent) (3-year average),6121,Value,20152017,2017,%,51.2,E,Official estimate integrated with FAO data
KEN,2016-01-01,2018-12-31,114,'404,Kenya,210091M,Prevalence of moderate or severe food insecurity in the male adult population (percent) (3-year average),6121,Value,20162018,2018,%,56.9,E,Official estimate integrated with FAO data
KEN,2017-01-01,2019-12-31,114,'404,Kenya,210091M,Prevalence of moderate or severe food insecurity in the male adult population (percent) (3-year average),6121,Value,20172019,2019,%,60.2,E,Official estimate integrated with FAO data
KEN,2018-01-01,2020-12-31,114,'404,Kenya,210091M,Prevalence of moderate or severe food insecurity in the male adult population (percent) (3-year average),6121,Value,20182020,2020,%,63.2,E,Official estimate integrated with FAO data
KEN,2019-01-01,2021-12-31,114,'404,Kenya,210091M,Prevalence of moderate or severe food insecurity in the male adult population (percent) (3-year average),6121,Value,20192021,2021,%,64.9,E,Official estimate integrated with FAO data
KEN,2020-01-01,2022-12-31,114,'404,Kenya,210091M,Prevalence of moderate or severe food insecurity in the male adult population (percent) (3-year average),6121,Value,20202022,2022,%,68.4,E,Official estimate integrated with FAO data
KEN,2021-01-01,2023-12-31,114,'404,Kenya,210091M,Prevalence of moderate or severe food insecurity in the male adult population (percent) (3-year average),6121,Value,20212023,2023,%,70.3,E,Official estimate integrated with FAO data
KEN,2022-01-01,2024-12-31,114,'404,Kenya,210091M,Prevalence of moderate or severe food insecurity in the male adult population (percent) (3-year average),6121,Value,20222024,2024,%,71.9,E,Official estimate integrated with FAO data
KEN,2023-01-01,2025-12-31,114,'404,Kenya,210091M,Prevalence of moderate or severe food insecurity in the male adult population (percent) (3-year average),6121,Value,20232025,2025,%,70.3,E,Official estimate integrated with FAO data
KEN,2014-01-01,2016-12-31,114,'404,Kenya,210091M,Prevalence of moderate or severe food insecurity in the male adult population (percent) (3-year average),61211,Confidence interval: Lower bound,20142016,2016,%,45.6,E,Official estimate integrated with FAO data
KEN,2015-01-01,2017-12-31,114,'404,Kenya,210091M,Prevalence of moderate or severe food insecurity in the male adult population (percent) (3-year average),61211,Confidence interval: Lower bound,20152017,2017,%,49.4,E,Official estimate integrated with FAO data
KEN,2016-01-01,2018-12-31,114,'404,Kenya,210091M,Prevalence of moderate or severe food insecurity in the male adult population (percent) (3-year average),61211,Confidence interval: Lower bound,20162018,2018,%,55.2,E,Official estimate integrated with FAO data
KEN,2017-01-01,2019-12-31,114,'404,Kenya,210091M,Prevalence of moderate or severe food insecurity in the male adult population (percent) (3-year average),61211,Confidence interval: Lower bound,20172019,2019,%,58.4,E,Official estimate integrated with FAO data
KEN,2018-01-01,2020-12-31,114,'404,Kenya,210091M,Prevalence of moderate or severe food insecurity in the male adult population (percent) (3-year average),61211,Confidence interval: Lower bound,20182020,2020,%,61.4,E,Official estimate integrated with FAO data
KEN,2019-01-01,2021-12-31,114,'404,Kenya,210091M,Prevalence of moderate or severe food insecurity in the male adult population (percent) (3-year average),61211,Confidence interval: Lower bound,20192021,2021,%,63.1,E,Official estimate integrated with FAO data
KEN,2020-01-01,2022-12-31,114,'404,Kenya,210091M,Prevalence of moderate or severe food insecurity in the male adult population (percent) (3-year average),61211,Confidence interval: Lower bound,20202022,2022,%,66.7,E,Official estimate integrated with FAO data
KEN,2021-01-01,2023-12-31,114,'404,Kenya,210091M,Prevalence of moderate or severe food insecurity in the male adult population (percent) (3-year average),61211,Confidence interval: Lower bound,20212023,2023,%,68.6,E,Official estimate integrated with FAO data
KEN,2022-01-01,2024-12-31,114,'404,Kenya,210091M,Prevalence of moderate or severe food insecurity in the male adult population (percent) (3-year average),61211,Confidence interval: Lower bound,20222024,2024,%,70.2,E,Official estimate integrated with FAO data
KEN,2023-01-01,2025-12-31,114,'404,Kenya,210091M,Prevalence of moderate or severe food insecurity in the male adult population (percent) (3-year average),61211,Confidence interval: Lower bound,20232025,2025,%,68.6,E,Official estimate integrated with FAO data
KEN,2014-01-01,2016-12-31,114,'404,Kenya,210091M,Prevalence of moderate or severe food insecurity in the male adult population (percent) (3-year average),61212,Confidence interval: Upper bound,20142016,2016,%,49.1,E,Official estimate integrated with FAO data
KEN,2015-01-01,2017-12-31,114,'404,Kenya,210091M,Prevalence of moderate or severe food insecurity in the male adult population (percent) (3-year average),61212,Confidence interval: Upper bound,20152017,2017,%,52.9,E,Official estimate integrated with FAO data
KEN,2016-01-01,2018-12-31,114,'404,Kenya,210091M,Prevalence of moderate or severe food insecurity in the male adult population (percent) (3-year average),61212,Confidence interval: Upper bound,20162018,2018,%,58.6,E,Official estimate integrated with FAO data
KEN,2017-01-01,2019-12-31,114,'404,Kenya,210091M,Prevalence of moderate or severe food insecurity in the male adult population (percent) (3-year average),61212,Confidence interval: Upper bound,20172019,2019,%,61.9,E,Official estimate integrated with FAO data
KEN,2018-01-01,2020-12-31,114,'404,Kenya,210091M,Prevalence of moderate or severe food insecurity in the male adult population (percent) (3-year average),61212,Confidence interval: Upper bound,20182020,2020,%,64.9,E,Official estimate integrated with FAO data
KEN,2019-01-01,2021-12-31,114,'404,Kenya,210091M,Prevalence of moderate or severe food insecurity in the male adult population (percent) (3-year average),61212,Confidence interval: Upper bound,20192021,2021,%,66.6,E,Official estimate integrated with FAO data
KEN,2020-01-01,2022-12-31,114,'404,Kenya,210091M,Prevalence of moderate or severe food insecurity in the male adult population (percent) (3-year average),61212,Confidence interval: Upper bound,20202022,2022,%,70.2,E,Official estimate integrated with FAO data
KEN,2021-01-01,2023-12-31,114,'404,Kenya,210091M,Prevalence of moderate or severe food insecurity in the male adult population (percent) (3-year average),61212,Confidence interval: Upper bound,20212023,2023,%,72,E,Official estimate integrated with FAO data
KEN,2022-01-01,2024-12-31,114,'404,Kenya,210091M,Prevalence of moderate or severe food insecurity in the male adult population (percent) (3-year average),61212,Confidence interval: Upper bound,20222024,2024,%,73.7,E,Official estimate integrated with FAO data
KEN,2023-01-01,2025-12-31,114,'404,Kenya,210091M,Prevalence of moderate or severe food insecurity in the male adult population (percent) (3-year average),61212,Confidence interval: Upper bound,20232025,2025,%,72,E,Official estimate integrated with FAO data
KEN,2014-01-01,2016-12-31,114,'404,Kenya,210091F,Prevalence of moderate or severe food insecurity in the female adult population (percent) (3-year average),6121,Value,20142016,2016,%,54.1,E,Official estimate integrated with FAO data
KEN,2015-01-01,2017-12-31,114,'404,Kenya,210091F,Prevalence of moderate or severe food insecurity in the female adult population (percent) (3-year average),6121,Value,20152017,2017,%,58.5,E,Official estimate integrated with FAO data
KEN,2016-01-01,2018-12-31,114,'404,Kenya,210091F,Prevalence of moderate or severe food insecurity in the female adult population (percent) (3-year average),6121,Value,20162018,2018,%,65,E,Official estimate integrated with FAO data
KEN,2017-01-01,2019-12-31,114,'404,Kenya,210091F,Prevalence of moderate or severe food insecurity in the female adult population (percent) (3-year average),6121,Value,20172019,2019,%,68.7,E,Official estimate integrated with FAO data
KEN,2018-01-01,2020-12-31,114,'404,Kenya,210091F,Prevalence of moderate or severe food insecurity in the female adult population (percent) (3-year average),6121,Value,20182020,2020,%,72.2,E,Official estimate integrated with FAO data
KEN,2019-01-01,2021-12-31,114,'404,Kenya,210091F,Prevalence of moderate or severe food insecurity in the female adult population (percent) (3-year average),6121,Value,20192021,2021,%,74.1,E,Official estimate integrated with FAO data
KEN,2020-01-01,2022-12-31,114,'404,Kenya,210091F,Prevalence of moderate or severe food insecurity in the female adult population (percent) (3-year average),6121,Value,20202022,2022,%,76.1,E,Official estimate integrated with FAO data
KEN,2021-01-01,2023-12-31,114,'404,Kenya,210091F,Prevalence of moderate or severe food insecurity in the female adult population (percent) (3-year average),6121,Value,20212023,2023,%,75.4,E,Official estimate integrated with FAO data
KEN,2022-01-01,2024-12-31,114,'404,Kenya,210091F,Prevalence of moderate or severe food insecurity in the female adult population (percent) (3-year average),6121,Value,20222024,2024,%,75.9,E,Official estimate integrated with FAO data
KEN,2023-01-01,2025-12-31,114,'404,Kenya,210091F,Prevalence of moderate or severe food insecurity in the female adult population (percent) (3-year average),6121,Value,20232025,2025,%,73.1,E,Official estimate integrated with FAO data
KEN,2014-01-01,2016-12-31,114,'404,Kenya,210091F,Prevalence of moderate or severe food insecurity in the female adult population (percent) (3-year average),61211,Confidence interval: Lower bound,20142016,2016,%,52.7,E,Official estimate integrated with FAO data
KEN,2015-01-01,2017-12-31,114,'404,Kenya,210091F,Prevalence of moderate or severe food insecurity in the female adult population (percent) (3-year average),61211,Confidence interval: Lower bound,20152017,2017,%,57.1,E,Official estimate integrated with FAO data
KEN,2016-01-01,2018-12-31,114,'404,Kenya,210091F,Prevalence of moderate or severe food insecurity in the female adult population (percent) (3-year average),61211,Confidence interval: Lower bound,20162018,2018,%,63.6,E,Official estimate integrated with FAO data
KEN,2017-01-01,2019-12-31,114,'404,Kenya,210091F,Prevalence of moderate or severe food insecurity in the female adult population (percent) (3-year average),61211,Confidence interval: Lower bound,20172019,2019,%,67.3,E,Official estimate integrated with FAO data
KEN,2018-01-01,2020-12-31,114,'404,Kenya,210091F,Prevalence of moderate or severe food insecurity in the female adult population (percent) (3-year average),61211,Confidence interval: Lower bound,20182020,2020,%,70.8,E,Official estimate integrated with FAO data
KEN,2019-01-01,2021-12-31,114,'404,Kenya,210091F,Prevalence of moderate or severe food insecurity in the female adult population (percent) (3-year average),61211,Confidence interval: Lower bound,20192021,2021,%,72.8,E,Official estimate integrated with FAO data
KEN,2020-01-01,2022-12-31,114,'404,Kenya,210091F,Prevalence of moderate or severe food insecurity in the female adult population (percent) (3-year average),61211,Confidence interval: Lower bound,20202022,2022,%,74.7,E,Official estimate integrated with FAO data
KEN,2021-01-01,2023-12-31,114,'404,Kenya,210091F,Prevalence of moderate or severe food insecurity in the female adult population (percent) (3-year average),61211,Confidence interval: Lower bound,20212023,2023,%,74,E,Official estimate integrated with FAO data
KEN,2022-01-01,2024-12-31,114,'404,Kenya,210091F,Prevalence of moderate or severe food insecurity in the female adult population (percent) (3-year average),61211,Confidence interval: Lower bound,20222024,2024,%,74.4,E,Official estimate integrated with FAO data
KEN,2023-01-01,2025-12-31,114,'404,Kenya,210091F,Prevalence of moderate or severe food insecurity in the female adult population (percent) (3-year average),61211,Confidence interval: Lower bound,20232025,2025,%,71.7,E,Official estimate integrated with FAO data
KEN,2014-01-01,2016-12-31,114,'404,Kenya,210091F,Prevalence of moderate or severe food insecurity in the female adult population (percent) (3-year average),61212,Confidence interval: Upper bound,20142016,2016,%,55.4,E,Official estimate integrated with FAO data
KEN,2015-01-01,2017-12-31,114,'404,Kenya,210091F,Prevalence of moderate or severe food insecurity in the female adult population (percent) (3-year average),61212,Confidence interval: Upper bound,20152017,2017,%,59.9,E,Official estimate integrated with FAO data
KEN,2016-01-01,2018-12-31,114,'404,Kenya,210091F,Prevalence of moderate or severe food insecurity in the female adult population (percent) (3-year average),61212,Confidence interval: Upper bound,20162018,2018,%,66.4,E,Official estimate integrated with FAO data
KEN,2017-01-01,2019-12-31,114,'404,Kenya,210091F,Prevalence of moderate or severe food insecurity in the female adult population (percent) (3-year average),61212,Confidence interval: Upper bound,20172019,2019,%,70.1,E,Official estimate integrated with FAO data
KEN,2018-01-01,2020-12-31,114,'404,Kenya,210091F,Prevalence of moderate or severe food insecurity in the female adult population (percent) (3-year average),61212,Confidence interval: Upper bound,20182020,2020,%,73.6,E,Official estimate integrated with FAO data
KEN,2019-01-01,2021-12-31,114,'404,Kenya,210091F,Prevalence of moderate or severe food insecurity in the female adult population (percent) (3-year average),61212,Confidence interval: Upper bound,20192021,2021,%,75.5,E,Official estimate integrated with FAO data
KEN,2020-01-01,2022-12-31,114,'404,Kenya,210091F,Prevalence of moderate or severe food insecurity in the female adult population (percent) (3-year average),61212,Confidence interval: Upper bound,20202022,2022,%,77.5,E,Official estimate integrated with FAO data
KEN,2021-01-01,2023-12-31,114,'404,Kenya,210091F,Prevalence of moderate or severe food insecurity in the female adult population (percent) (3-year average),61212,Confidence interval: Upper bound,20212023,2023,%,76.8,E,Official estimate integrated with FAO data
KEN,2022-01-01,2024-12-31,114,'404,Kenya,210091F,Prevalence of moderate or severe food insecurity in the female adult population (percent) (3-year average),61212,Confidence interval: Upper bound,20222024,2024,%,77.3,E,Official estimate integrated with FAO data
KEN,2023-01-01,2025-12-31,114,'404,Kenya,210091F,Prevalence of moderate or severe food insecurity in the female adult population (percent) (3-year average),61212,Confidence interval: Upper bound,20232025,2025,%,74.6,E,Official estimate integrated with FAO data
KEN,2014-01-01,2016-12-31,114,'404,Kenya,210071,Number of severely food insecure people (million) (3-year average),6132,Value,20142016,2016,million No,7.1,E,Official estimate integrated with FAO data
KEN,2015-01-01,2017-12-31,114,'404,Kenya,210071,Number of severely food insecure people (million) (3-year average),6132,Value,20152017,2017,million No,8.6,E,Official estimate integrated with FAO data
KEN,2016-01-01,2018-12-31,114,'404,Kenya,210071,Number of severely food insecure people (million) (3-year average),6132,Value,20162018,2018,million No,10.6,E,Official estimate integrated with FAO data
KEN,2017-01-01,2019-12-31,114,'404,Kenya,210071,Number of severely food insecure people (million) (3-year average),6132,Value,20172019,2019,million No,11.7,E,Official estimate integrated with FAO data
KEN,2018-01-01,2020-12-31,114,'404,Kenya,210071,Number of severely food insecure people (million) (3-year average),6132,Value,20182020,2020,million No,12.8,E,Official estimate integrated with FAO data
KEN,2019-01-01,2021-12-31,114,'404,Kenya,210071,Number of severely food insecure people (million) (3-year average),6132,Value,20192021,2021,million No,13.6,E,Official estimate integrated with FAO data
KEN,2020-01-01,2022-12-31,114,'404,Kenya,210071,Number of severely food insecure people (million) (3-year average),6132,Value,20202022,2022,million No,14.9,E,Official estimate integrated with FAO data
KEN,2021-01-01,2023-12-31,114,'404,Kenya,210071,Number of severely food insecure people (million) (3-year average),6132,Value,20212023,2023,million No,15.2,E,Official estimate integrated with FAO data
KEN,2022-01-01,2024-12-31,114,'404,Kenya,210071,Number of severely food insecure people (million) (3-year average),6132,Value,20222024,2024,million No,15.5,E,Official estimate integrated with FAO data
KEN,2023-01-01,2025-12-31,114,'404,Kenya,210071,Number of severely food insecure people (million) (3-year average),6132,Value,20232025,2025,million No,14.9,E,Official estimate integrated with FAO data
KEN,2014-01-01,2016-12-31,114,'404,Kenya,210071,Number of severely food insecure people (million) (3-year average),61321,Confidence interval: Lower bound,20142016,2016,million No,6.6,E,Official estimate integrated with FAO data
KEN,2015-01-01,2017-12-31,114,'404,Kenya,210071,Number of severely food insecure people (million) (3-year average),61321,Confidence interval: Lower bound,20152017,2017,million No,8.1,E,Official estimate integrated with FAO data
KEN,2016-01-01,2018-12-31,114,'404,Kenya,210071,Number of severely food insecure people (million) (3-year average),61321,Confidence interval: Lower bound,20162018,2018,million No,10.1,E,Official estimate integrated with FAO data
KEN,2017-01-01,2019-12-31,114,'404,Kenya,210071,Number of severely food insecure people (million) (3-year average),61321,Confidence interval: Lower bound,20172019,2019,million No,11.2,E,Official estimate integrated with FAO data
KEN,2018-01-01,2020-12-31,114,'404,Kenya,210071,Number of severely food insecure people (million) (3-year average),61321,Confidence interval: Lower bound,20182020,2020,million No,12.2,E,Official estimate integrated with FAO data
KEN,2019-01-01,2021-12-31,114,'404,Kenya,210071,Number of severely food insecure people (million) (3-year average),61321,Confidence interval: Lower bound,20192021,2021,million No,13.1,E,Official estimate integrated with FAO data
KEN,2020-01-01,2022-12-31,114,'404,Kenya,210071,Number of severely food insecure people (million) (3-year average),61321,Confidence interval: Lower bound,20202022,2022,million No,14.4,E,Official estimate integrated with FAO data
KEN,2021-01-01,2023-12-31,114,'404,Kenya,210071,Number of severely food insecure people (million) (3-year average),61321,Confidence interval: Lower bound,20212023,2023,million No,14.7,E,Official estimate integrated with FAO data
KEN,2022-01-01,2024-12-31,114,'404,Kenya,210071,Number of severely food insecure people (million) (3-year average),61321,Confidence interval: Lower bound,20222024,2024,million No,15,E,Official estimate integrated with FAO data
KEN,2023-01-01,2025-12-31,114,'404,Kenya,210071,Number of severely food insecure people (million) (3-year average),61321,Confidence interval: Lower bound,20232025,2025,million No,14.4,E,Official estimate integrated with FAO data
KEN,2014-01-01,2016-12-31,114,'404,Kenya,210071,Number of severely food insecure people (million) (3-year average),61322,Confidence interval: Upper bound,20142016,2016,million No,7.6,E,Official estimate integrated with FAO data
KEN,2015-01-01,2017-12-31,114,'404,Kenya,210071,Number of severely food insecure people (million) (3-year average),61322,Confidence interval: Upper bound,20152017,2017,million No,9.1,E,Official estimate integrated with FAO data
KEN,2016-01-01,2018-12-31,114,'404,Kenya,210071,Number of severely food insecure people (million) (3-year average),61322,Confidence interval: Upper bound,20162018,2018,million No,11.1,E,Official estimate integrated with FAO data
KEN,2017-01-01,2019-12-31,114,'404,Kenya,210071,Number of severely food insecure people (million) (3-year average),61322,Confidence interval: Upper bound,20172019,2019,million No,12.2,E,Official estimate integrated with FAO data
KEN,2018-01-01,2020-12-31,114,'404,Kenya,210071,Number of severely food insecure people (million) (3-year average),61322,Confidence interval: Upper bound,20182020,2020,million No,13.3,E,Official estimate integrated with FAO data
KEN,2019-01-01,2021-12-31,114,'404,Kenya,210071,Number of severely food insecure people (million) (3-year average),61322,Confidence interval: Upper bound,20192021,2021,million No,14.2,E,Official estimate integrated with FAO data
KEN,2020-01-01,2022-12-31,114,'404,Kenya,210071,Number of severely food insecure people (million) (3-year average),61322,Confidence interval: Upper bound,20202022,2022,million No,15.5,E,Official estimate integrated with FAO data
KEN,2021-01-01,2023-12-31,114,'404,Kenya,210071,Number of severely food insecure people (million) (3-year average),61322,Confidence interval: Upper bound,20212023,2023,million No,15.8,E,Official estimate integrated with FAO data
KEN,2022-01-01,2024-12-31,114,'404,Kenya,210071,Number of severely food insecure people (million) (3-year average),61322,Confidence interval: Upper bound,20222024,2024,million No,16.1,E,Official estimate integrated with FAO data
KEN,2023-01-01,2025-12-31,114,'404,Kenya,210071,Number of severely food insecure people (million) (3-year average),61322,Confidence interval: Upper bound,20232025,2025,million No,15.5,E,Official estimate integrated with FAO data
KEN,2014-01-01,2016-12-31,114,'404,Kenya,210071M,Number of severely food insecure male adults (million) (3-year average),6132,Value,20142016,2016,million No,1.8,E,Official estimate integrated with FAO data
KEN,2015-01-01,2017-12-31,114,'404,Kenya,210071M,Number of severely food insecure male adults (million) (3-year average),6132,Value,20152017,2017,million No,2.3,E,Official estimate integrated with FAO data
KEN,2016-01-01,2018-12-31,114,'404,Kenya,210071M,Number of severely food insecure male adults (million) (3-year average),6132,Value,20162018,2018,million No,2.8,E,Official estimate integrated with FAO data
KEN,2017-01-01,2019-12-31,114,'404,Kenya,210071M,Number of severely food insecure male adults (million) (3-year average),6132,Value,20172019,2019,million No,3.1,E,Official estimate integrated with FAO data
KEN,2018-01-01,2020-12-31,114,'404,Kenya,210071M,Number of severely food insecure male adults (million) (3-year average),6132,Value,20182020,2020,million No,3.5,E,Official estimate integrated with FAO data
KEN,2019-01-01,2021-12-31,114,'404,Kenya,210071M,Number of severely food insecure male adults (million) (3-year average),6132,Value,20192021,2021,million No,3.7,E,Official estimate integrated with FAO data
KEN,2020-01-01,2022-12-31,114,'404,Kenya,210071M,Number of severely food insecure male adults (million) (3-year average),6132,Value,20202022,2022,million No,4.2,E,Official estimate integrated with FAO data
KEN,2021-01-01,2023-12-31,114,'404,Kenya,210071M,Number of severely food insecure male adults (million) (3-year average),6132,Value,20212023,2023,million No,4.5,E,Official estimate integrated with FAO data
KEN,2022-01-01,2024-12-31,114,'404,Kenya,210071M,Number of severely food insecure male adults (million) (3-year average),6132,Value,20222024,2024,million No,4.7,E,Official estimate integrated with FAO data
KEN,2023-01-01,2025-12-31,114,'404,Kenya,210071M,Number of severely food insecure male adults (million) (3-year average),6132,Value,20232025,2025,million No,4.5,E,Official estimate integrated with FAO data
KEN,2014-01-01,2016-12-31,114,'404,Kenya,210071M,Number of severely food insecure male adults (million) (3-year average),61321,Confidence interval: Lower bound,20142016,2016,million No,1.7,E,Official estimate integrated with FAO data
KEN,2015-01-01,2017-12-31,114,'404,Kenya,210071M,Number of severely food insecure male adults (million) (3-year average),61321,Confidence interval: Lower bound,20152017,2017,million No,2.1,E,Official estimate integrated with FAO data
KEN,2016-01-01,2018-12-31,114,'404,Kenya,210071M,Number of severely food insecure male adults (million) (3-year average),61321,Confidence interval: Lower bound,20162018,2018,million No,2.7,E,Official estimate integrated with FAO data
KEN,2017-01-01,2019-12-31,114,'404,Kenya,210071M,Number of severely food insecure male adults (million) (3-year average),61321,Confidence interval: Lower bound,20172019,2019,million No,3,E,Official estimate integrated with FAO data
KEN,2018-01-01,2020-12-31,114,'404,Kenya,210071M,Number of severely food insecure male adults (million) (3-year average),61321,Confidence interval: Lower bound,20182020,2020,million No,3.3,E,Official estimate integrated with FAO data
KEN,2019-01-01,2021-12-31,114,'404,Kenya,210071M,Number of severely food insecure male adults (million) (3-year average),61321,Confidence interval: Lower bound,20192021,2021,million No,3.6,E,Official estimate integrated with FAO data
KEN,2020-01-01,2022-12-31,114,'404,Kenya,210071M,Number of severely food insecure male adults (million) (3-year average),61321,Confidence interval: Lower bound,20202022,2022,million No,4.1,E,Official estimate integrated with FAO data
KEN,2021-01-01,2023-12-31,114,'404,Kenya,210071M,Number of severely food insecure male adults (million) (3-year average),61321,Confidence interval: Lower bound,20212023,2023,million No,4.3,E,Official estimate integrated with FAO data
KEN,2022-01-01,2024-12-31,114,'404,Kenya,210071M,Number of severely food insecure male adults (million) (3-year average),61321,Confidence interval: Lower bound,20222024,2024,million No,4.5,E,Official estimate integrated with FAO data
KEN,2023-01-01,2025-12-31,114,'404,Kenya,210071M,Number of severely food insecure male adults (million) (3-year average),61321,Confidence interval: Lower bound,20232025,2025,million No,4.3,E,Official estimate integrated with FAO data
KEN,2014-01-01,2016-12-31,114,'404,Kenya,210071M,Number of severely food insecure male adults (million) (3-year average),61322,Confidence interval: Upper bound,20142016,2016,million No,2,E,Official estimate integrated with FAO data
KEN,2015-01-01,2017-12-31,114,'404,Kenya,210071M,Number of severely food insecure male adults (million) (3-year average),61322,Confidence interval: Upper bound,20152017,2017,million No,2.4,E,Official estimate integrated with FAO data
KEN,2016-01-01,2018-12-31,114,'404,Kenya,210071M,Number of severely food insecure male adults (million) (3-year average),61322,Confidence interval: Upper bound,20162018,2018,million No,3,E,Official estimate integrated with FAO data
KEN,2017-01-01,2019-12-31,114,'404,Kenya,210071M,Number of severely food insecure male adults (million) (3-year average),61322,Confidence interval: Upper bound,20172019,2019,million No,3.3,E,Official estimate integrated with FAO data
KEN,2018-01-01,2020-12-31,114,'404,Kenya,210071M,Number of severely food insecure male adults (million) (3-year average),61322,Confidence interval: Upper bound,20182020,2020,million No,3.6,E,Official estimate integrated with FAO data
KEN,2019-01-01,2021-12-31,114,'404,Kenya,210071M,Number of severely food insecure male adults (million) (3-year average),61322,Confidence interval: Upper bound,20192021,2021,million No,3.9,E,Official estimate integrated with FAO data
KEN,2020-01-01,2022-12-31,114,'404,Kenya,210071M,Number of severely food insecure male adults (million) (3-year average),61322,Confidence interval: Upper bound,20202022,2022,million No,4.4,E,Official estimate integrated with FAO data
KEN,2021-01-01,2023-12-31,114,'404,Kenya,210071M,Number of severely food insecure male adults (million) (3-year average),61322,Confidence interval: Upper bound,20212023,2023,million No,4.6,E,Official estimate integrated with FAO data
KEN,2022-01-01,2024-12-31,114,'404,Kenya,210071M,Number of severely food insecure male adults (million) (3-year average),61322,Confidence interval: Upper bound,20222024,2024,million No,4.9,E,Official estimate integrated with FAO data
KEN,2023-01-01,2025-12-31,114,'404,Kenya,210071M,Number of severely food insecure male adults (million) (3-year average),61322,Confidence interval: Upper bound,20232025,2025,million No,4.7,E,Official estimate integrated with FAO data
KEN,2014-01-01,2016-12-31,114,'404,Kenya,210071F,Number of severely food insecure female adults (million) (3-year average),6132,Value,20142016,2016,million No,2.3,E,Official estimate integrated with FAO data
KEN,2015-01-01,2017-12-31,114,'404,Kenya,210071F,Number of severely food insecure female adults (million) (3-year average),6132,Value,20152017,2017,million No,2.8,E,Official estimate integrated with FAO data
KEN,2016-01-01,2018-12-31,114,'404,Kenya,210071F,Number of severely food insecure female adults (million) (3-year average),6132,Value,20162018,2018,million No,3.5,E,Official estimate integrated with FAO data
KEN,2017-01-01,2019-12-31,114,'404,Kenya,210071F,Number of severely food insecure female adults (million) (3-year average),6132,Value,20172019,2019,million No,3.8,E,Official estimate integrated with FAO data
KEN,2018-01-01,2020-12-31,114,'404,Kenya,210071F,Number of severely food insecure female adults (million) (3-year average),6132,Value,20182020,2020,million No,4.2,E,Official estimate integrated with FAO data
KEN,2019-01-01,2021-12-31,114,'404,Kenya,210071F,Number of severely food insecure female adults (million) (3-year average),6132,Value,20192021,2021,million No,4.6,E,Official estimate integrated with FAO data
KEN,2020-01-01,2022-12-31,114,'404,Kenya,210071F,Number of severely food insecure female adults (million) (3-year average),6132,Value,20202022,2022,million No,4.9,E,Official estimate integrated with FAO data
KEN,2021-01-01,2023-12-31,114,'404,Kenya,210071F,Number of severely food insecure female adults (million) (3-year average),6132,Value,20212023,2023,million No,5,E,Official estimate integrated with FAO data
KEN,2022-01-01,2024-12-31,114,'404,Kenya,210071F,Number of severely food insecure female adults (million) (3-year average),6132,Value,20222024,2024,million No,5,E,Official estimate integrated with FAO data
KEN,2023-01-01,2025-12-31,114,'404,Kenya,210071F,Number of severely food insecure female adults (million) (3-year average),6132,Value,20232025,2025,million No,4.9,E,Official estimate integrated with FAO data
KEN,2014-01-01,2016-12-31,114,'404,Kenya,210071F,Number of severely food insecure female adults (million) (3-year average),61321,Confidence interval: Lower bound,20142016,2016,million No,2.1,E,Official estimate integrated with FAO data
KEN,2015-01-01,2017-12-31,114,'404,Kenya,210071F,Number of severely food insecure female adults (million) (3-year average),61321,Confidence interval: Lower bound,20152017,2017,million No,2.6,E,Official estimate integrated with FAO data
KEN,2016-01-01,2018-12-31,114,'404,Kenya,210071F,Number of severely food insecure female adults (million) (3-year average),61321,Confidence interval: Lower bound,20162018,2018,million No,3.3,E,Official estimate integrated with FAO data
KEN,2017-01-01,2019-12-31,114,'404,Kenya,210071F,Number of severely food insecure female adults (million) (3-year average),61321,Confidence interval: Lower bound,20172019,2019,million No,3.7,E,Official estimate integrated with FAO data
KEN,2018-01-01,2020-12-31,114,'404,Kenya,210071F,Number of severely food insecure female adults (million) (3-year average),61321,Confidence interval: Lower bound,20182020,2020,million No,4.1,E,Official estimate integrated with FAO data
KEN,2019-01-01,2021-12-31,114,'404,Kenya,210071F,Number of severely food insecure female adults (million) (3-year average),61321,Confidence interval: Lower bound,20192021,2021,million No,4.4,E,Official estimate integrated with FAO data
KEN,2020-01-01,2022-12-31,114,'404,Kenya,210071F,Number of severely food insecure female adults (million) (3-year average),61321,Confidence interval: Lower bound,20202022,2022,million No,4.7,E,Official estimate integrated with FAO data
KEN,2021-01-01,2023-12-31,114,'404,Kenya,210071F,Number of severely food insecure female adults (million) (3-year average),61321,Confidence interval: Lower bound,20212023,2023,million No,4.8,E,Official estimate integrated with FAO data
KEN,2022-01-01,2024-12-31,114,'404,Kenya,210071F,Number of severely food insecure female adults (million) (3-year average),61321,Confidence interval: Lower bound,20222024,2024,million No,4.9,E,Official estimate integrated with FAO data
KEN,2023-01-01,2025-12-31,114,'404,Kenya,210071F,Number of severely food insecure female adults (million) (3-year average),61321,Confidence interval: Lower bound,20232025,2025,million No,4.7,E,Official estimate integrated with FAO data
KEN,2014-01-01,2016-12-31,114,'404,Kenya,210071F,Number of severely food insecure female adults (million) (3-year average),61322,Confidence interval: Upper bound,20142016,2016,million No,2.4,E,Official estimate integrated with FAO data
KEN,2015-01-01,2017-12-31,114,'404,Kenya,210071F,Number of severely food insecure female adults (million) (3-year average),61322,Confidence interval: Upper bound,20152017,2017,million No,2.9,E,Official estimate integrated with FAO data
KEN,2016-01-01,2018-12-31,114,'404,Kenya,210071F,Number of severely food insecure female adults (million) (3-year average),61322,Confidence interval: Upper bound,20162018,2018,million No,3.6,E,Official estimate integrated with FAO data
KEN,2017-01-01,2019-12-31,114,'404,Kenya,210071F,Number of severely food insecure female adults (million) (3-year average),61322,Confidence interval: Upper bound,20172019,2019,million No,4,E,Official estimate integrated with FAO data
KEN,2018-01-01,2020-12-31,114,'404,Kenya,210071F,Number of severely food insecure female adults (million) (3-year average),61322,Confidence interval: Upper bound,20182020,2020,million No,4.4,E,Official estimate integrated with FAO data
KEN,2019-01-01,2021-12-31,114,'404,Kenya,210071F,Number of severely food insecure female adults (million) (3-year average),61322,Confidence interval: Upper bound,20192021,2021,million No,4.7,E,Official estimate integrated with FAO data
KEN,2020-01-01,2022-12-31,114,'404,Kenya,210071F,Number of severely food insecure female adults (million) (3-year average),61322,Confidence interval: Upper bound,20202022,2022,million No,5.1,E,Official estimate integrated with FAO data
KEN,2021-01-01,2023-12-31,114,'404,Kenya,210071F,Number of severely food insecure female adults (million) (3-year average),61322,Confidence interval: Upper bound,20212023,2023,million No,5.1,E,Official estimate integrated with FAO data
KEN,2022-01-01,2024-12-31,114,'404,Kenya,210071F,Number of severely food insecure female adults (million) (3-year average),61322,Confidence interval: Upper bound,20222024,2024,million No,5.2,E,Official estimate integrated with FAO data
KEN,2023-01-01,2025-12-31,114,'404,Kenya,210071F,Number of severely food insecure female adults (million) (3-year average),61322,Confidence interval: Upper bound,20232025,2025,million No,5.1,E,Official estimate integrated with FAO data
KEN,2014-01-01,2016-12-31,114,'404,Kenya,210081,Number of moderately or severely food insecure people (million) (3-year average),6132,Value,20142016,2016,million No,23.9,E,Official estimate integrated with FAO data
KEN,2015-01-01,2017-12-31,114,'404,Kenya,210081,Number of moderately or severely food insecure people (million) (3-year average),6132,Value,20152017,2017,million No,26.4,E,Official estimate integrated with FAO data
KEN,2016-01-01,2018-12-31,114,'404,Kenya,210081,Number of moderately or severely food insecure people (million) (3-year average),6132,Value,20162018,2018,million No,30,E,Official estimate integrated with FAO data
KEN,2017-01-01,2019-12-31,114,'404,Kenya,210081,Number of moderately or severely food insecure people (million) (3-year average),6132,Value,20172019,2019,million No,32.3,E,Official estimate integrated with FAO data
KEN,2018-01-01,2020-12-31,114,'404,Kenya,210081,Number of moderately or severely food insecure people (million) (3-year average),6132,Value,20182020,2020,million No,34.7,E,Official estimate integrated with FAO data
KEN,2019-01-01,2021-12-31,114,'404,Kenya,210081,Number of moderately or severely food insecure people (million) (3-year average),6132,Value,20192021,2021,million No,36.3,E,Official estimate integrated with FAO data
KEN,2020-01-01,2022-12-31,114,'404,Kenya,210081,Number of moderately or severely food insecure people (million) (3-year average),6132,Value,20202022,2022,million No,38.5,E,Official estimate integrated with FAO data
KEN,2021-01-01,2023-12-31,114,'404,Kenya,210081,Number of moderately or severely food insecure people (million) (3-year average),6132,Value,20212023,2023,million No,39.5,E,Official estimate integrated with FAO data
KEN,2022-01-01,2024-12-31,114,'404,Kenya,210081,Number of moderately or severely food insecure people (million) (3-year average),6132,Value,20222024,2024,million No,40.9,E,Official estimate integrated with FAO data
KEN,2023-01-01,2025-12-31,114,'404,Kenya,210081,Number of moderately or severely food insecure people (million) (3-year average),6132,Value,20232025,2025,million No,40.5,E,Official estimate integrated with FAO data
KEN,2014-01-01,2016-12-31,114,'404,Kenya,210081,Number of moderately or severely food insecure people (million) (3-year average),61321,Confidence interval: Lower bound,20142016,2016,million No,23.1,E,Official estimate integrated with FAO data
KEN,2015-01-01,2017-12-31,114,'404,Kenya,210081,Number of moderately or severely food insecure people (million) (3-year average),61321,Confidence interval: Lower bound,20152017,2017,million No,25.6,E,Official estimate integrated with FAO data
KEN,2016-01-01,2018-12-31,114,'404,Kenya,210081,Number of moderately or severely food insecure people (million) (3-year average),61321,Confidence interval: Lower bound,20162018,2018,million No,29.2,E,Official estimate integrated with FAO data
KEN,2017-01-01,2019-12-31,114,'404,Kenya,210081,Number of moderately or severely food insecure people (million) (3-year average),61321,Confidence interval: Lower bound,20172019,2019,million No,31.6,E,Official estimate integrated with FAO data
KEN,2018-01-01,2020-12-31,114,'404,Kenya,210081,Number of moderately or severely food insecure people (million) (3-year average),61321,Confidence interval: Lower bound,20182020,2020,million No,33.9,E,Official estimate integrated with FAO data
KEN,2019-01-01,2021-12-31,114,'404,Kenya,210081,Number of moderately or severely food insecure people (million) (3-year average),61321,Confidence interval: Lower bound,20192021,2021,million No,35.5,E,Official estimate integrated with FAO data
KEN,2020-01-01,2022-12-31,114,'404,Kenya,210081,Number of moderately or severely food insecure people (million) (3-year average),61321,Confidence interval: Lower bound,20202022,2022,million No,37.6,E,Official estimate integrated with FAO data
KEN,2021-01-01,2023-12-31,114,'404,Kenya,210081,Number of moderately or severely food insecure people (million) (3-year average),61321,Confidence interval: Lower bound,20212023,2023,million No,38.7,E,Official estimate integrated with FAO data
KEN,2022-01-01,2024-12-31,114,'404,Kenya,210081,Number of moderately or severely food insecure people (million) (3-year average),61321,Confidence interval: Lower bound,20222024,2024,million No,40,E,Official estimate integrated with FAO data
KEN,2023-01-01,2025-12-31,114,'404,Kenya,210081,Number of moderately or severely food insecure people (million) (3-year average),61321,Confidence interval: Lower bound,20232025,2025,million No,39.6,E,Official estimate integrated with FAO data
KEN,2014-01-01,2016-12-31,114,'404,Kenya,210081,Number of moderately or severely food insecure people (million) (3-year average),61322,Confidence interval: Upper bound,20142016,2016,million No,24.6,E,Official estimate integrated with FAO data
KEN,2015-01-01,2017-12-31,114,'404,Kenya,210081,Number of moderately or severely food insecure people (million) (3-year average),61322,Confidence interval: Upper bound,20152017,2017,million No,27.1,E,Official estimate integrated with FAO data
KEN,2016-01-01,2018-12-31,114,'404,Kenya,210081,Number of moderately or severely food insecure people (million) (3-year average),61322,Confidence interval: Upper bound,20162018,2018,million No,30.7,E,Official estimate integrated with FAO data
KEN,2017-01-01,2019-12-31,114,'404,Kenya,210081,Number of moderately or severely food insecure people (million) (3-year average),61322,Confidence interval: Upper bound,20172019,2019,million No,33.1,E,Official estimate integrated with FAO data
KEN,2018-01-01,2020-12-31,114,'404,Kenya,210081,Number of moderately or severely food insecure people (million) (3-year average),61322,Confidence interval: Upper bound,20182020,2020,million No,35.5,E,Official estimate integrated with FAO data
KEN,2019-01-01,2021-12-31,114,'404,Kenya,210081,Number of moderately or severely food insecure people (million) (3-year average),61322,Confidence interval: Upper bound,20192021,2021,million No,37.1,E,Official estimate integrated with FAO data
KEN,2020-01-01,2022-12-31,114,'404,Kenya,210081,Number of moderately or severely food insecure people (million) (3-year average),61322,Confidence interval: Upper bound,20202022,2022,million No,39.3,E,Official estimate integrated with FAO data
KEN,2021-01-01,2023-12-31,114,'404,Kenya,210081,Number of moderately or severely food insecure people (million) (3-year average),61322,Confidence interval: Upper bound,20212023,2023,million No,40.4,E,Official estimate integrated with FAO data
KEN,2022-01-01,2024-12-31,114,'404,Kenya,210081,Number of moderately or severely food insecure people (million) (3-year average),61322,Confidence interval: Upper bound,20222024,2024,million No,41.8,E,Official estimate integrated with FAO data
KEN,2023-01-01,2025-12-31,114,'404,Kenya,210081,Number of moderately or severely food insecure people (million) (3-year average),61322,Confidence interval: Upper bound,20232025,2025,million No,41.4,E,Official estimate integrated with FAO data
KEN,2014-01-01,2016-12-31,114,'404,Kenya,210081M,Number of moderately or severely food insecure male adults (million) (3-year average),6132,Value,20142016,2016,million No,6.4,E,Official estimate integrated with FAO data
KEN,2015-01-01,2017-12-31,114,'404,Kenya,210081M,Number of moderately or severely food insecure male adults (million) (3-year average),6132,Value,20152017,2017,million No,7.1,E,Official estimate integrated with FAO data
KEN,2016-01-01,2018-12-31,114,'404,Kenya,210081M,Number of moderately or severely food insecure male adults (million) (3-year average),6132,Value,20162018,2018,million No,8.2,E,Official estimate integrated with FAO data
KEN,2017-01-01,2019-12-31,114,'404,Kenya,210081M,Number of moderately or severely food insecure male adults (million) (3-year average),6132,Value,20172019,2019,million No,8.9,E,Official estimate integrated with FAO data
KEN,2018-01-01,2020-12-31,114,'404,Kenya,210081M,Number of moderately or severely food insecure male adults (million) (3-year average),6132,Value,20182020,2020,million No,9.6,E,Official estimate integrated with FAO data
KEN,2019-01-01,2021-12-31,114,'404,Kenya,210081M,Number of moderately or severely food insecure male adults (million) (3-year average),6132,Value,20192021,2021,million No,10.2,E,Official estimate integrated with FAO data
KEN,2020-01-01,2022-12-31,114,'404,Kenya,210081M,Number of moderately or severely food insecure male adults (million) (3-year average),6132,Value,20202022,2022,million No,11,E,Official estimate integrated with FAO data
KEN,2021-01-01,2023-12-31,114,'404,Kenya,210081M,Number of moderately or severely food insecure male adults (million) (3-year average),6132,Value,20212023,2023,million No,11.7,E,Official estimate integrated with FAO data
KEN,2022-01-01,2024-12-31,114,'404,Kenya,210081M,Number of moderately or severely food insecure male adults (million) (3-year average),6132,Value,20222024,2024,million No,12.3,E,Official estimate integrated with FAO data
KEN,2023-01-01,2025-12-31,114,'404,Kenya,210081M,Number of moderately or severely food insecure male adults (million) (3-year average),6132,Value,20232025,2025,million No,12.4,E,Official estimate integrated with FAO data
KEN,2014-01-01,2016-12-31,114,'404,Kenya,210081M,Number of moderately or severely food insecure male adults (million) (3-year average),61321,Confidence interval: Lower bound,20142016,2016,million No,6.2,E,Official estimate integrated with FAO data
KEN,2015-01-01,2017-12-31,114,'404,Kenya,210081M,Number of moderately or severely food insecure male adults (million) (3-year average),61321,Confidence interval: Lower bound,20152017,2017,million No,6.9,E,Official estimate integrated with FAO data
KEN,2016-01-01,2018-12-31,114,'404,Kenya,210081M,Number of moderately or severely food insecure male adults (million) (3-year average),61321,Confidence interval: Lower bound,20162018,2018,million No,7.9,E,Official estimate integrated with FAO data
KEN,2017-01-01,2019-12-31,114,'404,Kenya,210081M,Number of moderately or severely food insecure male adults (million) (3-year average),61321,Confidence interval: Lower bound,20172019,2019,million No,8.6,E,Official estimate integrated with FAO data
KEN,2018-01-01,2020-12-31,114,'404,Kenya,210081M,Number of moderately or severely food insecure male adults (million) (3-year average),61321,Confidence interval: Lower bound,20182020,2020,million No,9.4,E,Official estimate integrated with FAO data
KEN,2019-01-01,2021-12-31,114,'404,Kenya,210081M,Number of moderately or severely food insecure male adults (million) (3-year average),61321,Confidence interval: Lower bound,20192021,2021,million No,9.9,E,Official estimate integrated with FAO data
KEN,2020-01-01,2022-12-31,114,'404,Kenya,210081M,Number of moderately or severely food insecure male adults (million) (3-year average),61321,Confidence interval: Lower bound,20202022,2022,million No,10.8,E,Official estimate integrated with FAO data
KEN,2021-01-01,2023-12-31,114,'404,Kenya,210081M,Number of moderately or severely food insecure male adults (million) (3-year average),61321,Confidence interval: Lower bound,20212023,2023,million No,11.4,E,Official estimate integrated with FAO data
KEN,2022-01-01,2024-12-31,114,'404,Kenya,210081M,Number of moderately or severely food insecure male adults (million) (3-year average),61321,Confidence interval: Lower bound,20222024,2024,million No,12,E,Official estimate integrated with FAO data
KEN,2023-01-01,2025-12-31,114,'404,Kenya,210081M,Number of moderately or severely food insecure male adults (million) (3-year average),61321,Confidence interval: Lower bound,20232025,2025,million No,12.1,E,Official estimate integrated with FAO data
KEN,2014-01-01,2016-12-31,114,'404,Kenya,210081M,Number of moderately or severely food insecure male adults (million) (3-year average),61322,Confidence interval: Upper bound,20142016,2016,million No,6.6,E,Official estimate integrated with FAO data
KEN,2015-01-01,2017-12-31,114,'404,Kenya,210081M,Number of moderately or severely food insecure male adults (million) (3-year average),61322,Confidence interval: Upper bound,20152017,2017,million No,7.4,E,Official estimate integrated with FAO data
KEN,2016-01-01,2018-12-31,114,'404,Kenya,210081M,Number of moderately or severely food insecure male adults (million) (3-year average),61322,Confidence interval: Upper bound,20162018,2018,million No,8.4,E,Official estimate integrated with FAO data
KEN,2017-01-01,2019-12-31,114,'404,Kenya,210081M,Number of moderately or severely food insecure male adults (million) (3-year average),61322,Confidence interval: Upper bound,20172019,2019,million No,9.2,E,Official estimate integrated with FAO data
KEN,2018-01-01,2020-12-31,114,'404,Kenya,210081M,Number of moderately or severely food insecure male adults (million) (3-year average),61322,Confidence interval: Upper bound,20182020,2020,million No,9.9,E,Official estimate integrated with FAO data
KEN,2019-01-01,2021-12-31,114,'404,Kenya,210081M,Number of moderately or severely food insecure male adults (million) (3-year average),61322,Confidence interval: Upper bound,20192021,2021,million No,10.4,E,Official estimate integrated with FAO data
KEN,2020-01-01,2022-12-31,114,'404,Kenya,210081M,Number of moderately or severely food insecure male adults (million) (3-year average),61322,Confidence interval: Upper bound,20202022,2022,million No,11.3,E,Official estimate integrated with FAO data
KEN,2021-01-01,2023-12-31,114,'404,Kenya,210081M,Number of moderately or severely food insecure male adults (million) (3-year average),61322,Confidence interval: Upper bound,20212023,2023,million No,12,E,Official estimate integrated with FAO data
KEN,2022-01-01,2024-12-31,114,'404,Kenya,210081M,Number of moderately or severely food insecure male adults (million) (3-year average),61322,Confidence interval: Upper bound,20222024,2024,million No,12.6,E,Official estimate integrated with FAO data
KEN,2023-01-01,2025-12-31,114,'404,Kenya,210081M,Number of moderately or severely food insecure male adults (million) (3-year average),61322,Confidence interval: Upper bound,20232025,2025,million No,12.7,E,Official estimate integrated with FAO data
KEN,2014-01-01,2016-12-31,114,'404,Kenya,210081F,Number of moderately or severely food insecure female adults (million) (3-year average),6132,Value,20142016,2016,million No,7.5,E,Official estimate integrated with FAO data
KEN,2015-01-01,2017-12-31,114,'404,Kenya,210081F,Number of moderately or severely food insecure female adults (million) (3-year average),6132,Value,20152017,2017,million No,8.3,E,Official estimate integrated with FAO data
KEN,2016-01-01,2018-12-31,114,'404,Kenya,210081F,Number of moderately or severely food insecure female adults (million) (3-year average),6132,Value,20162018,2018,million No,9.5,E,Official estimate integrated with FAO data
KEN,2017-01-01,2019-12-31,114,'404,Kenya,210081F,Number of moderately or severely food insecure female adults (million) (3-year average),6132,Value,20172019,2019,million No,10.4,E,Official estimate integrated with FAO data
KEN,2018-01-01,2020-12-31,114,'404,Kenya,210081F,Number of moderately or severely food insecure female adults (million) (3-year average),6132,Value,20182020,2020,million No,11.2,E,Official estimate integrated with FAO data
KEN,2019-01-01,2021-12-31,114,'404,Kenya,210081F,Number of moderately or severely food insecure female adults (million) (3-year average),6132,Value,20192021,2021,million No,11.9,E,Official estimate integrated with FAO data
KEN,2020-01-01,2022-12-31,114,'404,Kenya,210081F,Number of moderately or severely food insecure female adults (million) (3-year average),6132,Value,20202022,2022,million No,12.6,E,Official estimate integrated with FAO data
KEN,2021-01-01,2023-12-31,114,'404,Kenya,210081F,Number of moderately or severely food insecure female adults (million) (3-year average),6132,Value,20212023,2023,million No,12.8,E,Official estimate integrated with FAO data
KEN,2022-01-01,2024-12-31,114,'404,Kenya,210081F,Number of moderately or severely food insecure female adults (million) (3-year average),6132,Value,20222024,2024,million No,13.3,E,Official estimate integrated with FAO data
KEN,2023-01-01,2025-12-31,114,'404,Kenya,210081F,Number of moderately or severely food insecure female adults (million) (3-year average),6132,Value,20232025,2025,million No,13.2,E,Official estimate integrated with FAO data
KEN,2014-01-01,2016-12-31,114,'404,Kenya,210081F,Number of moderately or severely food insecure female adults (million) (3-year average),61321,Confidence interval: Lower bound,20142016,2016,million No,7.3,E,Official estimate integrated with FAO data
KEN,2015-01-01,2017-12-31,114,'404,Kenya,210081F,Number of moderately or severely food insecure female adults (million) (3-year average),61321,Confidence interval: Lower bound,20152017,2017,million No,8.1,E,Official estimate integrated with FAO data
KEN,2016-01-01,2018-12-31,114,'404,Kenya,210081F,Number of moderately or severely food insecure female adults (million) (3-year average),61321,Confidence interval: Lower bound,20162018,2018,million No,9.3,E,Official estimate integrated with FAO data
KEN,2017-01-01,2019-12-31,114,'404,Kenya,210081F,Number of moderately or severely food insecure female adults (million) (3-year average),61321,Confidence interval: Lower bound,20172019,2019,million No,10.2,E,Official estimate integrated with FAO data
KEN,2018-01-01,2020-12-31,114,'404,Kenya,210081F,Number of moderately or severely food insecure female adults (million) (3-year average),61321,Confidence interval: Lower bound,20182020,2020,million No,11,E,Official estimate integrated with FAO data
KEN,2019-01-01,2021-12-31,114,'404,Kenya,210081F,Number of moderately or severely food insecure female adults (million) (3-year average),61321,Confidence interval: Lower bound,20192021,2021,million No,11.7,E,Official estimate integrated with FAO data
KEN,2020-01-01,2022-12-31,114,'404,Kenya,210081F,Number of moderately or severely food insecure female adults (million) (3-year average),61321,Confidence interval: Lower bound,20202022,2022,million No,12.3,E,Official estimate integrated with FAO data
KEN,2021-01-01,2023-12-31,114,'404,Kenya,210081F,Number of moderately or severely food insecure female adults (million) (3-year average),61321,Confidence interval: Lower bound,20212023,2023,million No,12.6,E,Official estimate integrated with FAO data
KEN,2022-01-01,2024-12-31,114,'404,Kenya,210081F,Number of moderately or severely food insecure female adults (million) (3-year average),61321,Confidence interval: Lower bound,20222024,2024,million No,13.1,E,Official estimate integrated with FAO data
KEN,2023-01-01,2025-12-31,114,'404,Kenya,210081F,Number of moderately or severely food insecure female adults (million) (3-year average),61321,Confidence interval: Lower bound,20232025,2025,million No,12.9,E,Official estimate integrated with FAO data
KEN,2014-01-01,2016-12-31,114,'404,Kenya,210081F,Number of moderately or severely food insecure female adults (million) (3-year average),61322,Confidence interval: Upper bound,20142016,2016,million No,7.6,E,Official estimate integrated with FAO data
KEN,2015-01-01,2017-12-31,114,'404,Kenya,210081F,Number of moderately or severely food insecure female adults (million) (3-year average),61322,Confidence interval: Upper bound,20152017,2017,million No,8.5,E,Official estimate integrated with FAO data
KEN,2016-01-01,2018-12-31,114,'404,Kenya,210081F,Number of moderately or severely food insecure female adults (million) (3-year average),61322,Confidence interval: Upper bound,20162018,2018,million No,9.7,E,Official estimate integrated with FAO data
KEN,2017-01-01,2019-12-31,114,'404,Kenya,210081F,Number of moderately or severely food insecure female adults (million) (3-year average),61322,Confidence interval: Upper bound,20172019,2019,million No,10.6,E,Official estimate integrated with FAO data
KEN,2018-01-01,2020-12-31,114,'404,Kenya,210081F,Number of moderately or severely food insecure female adults (million) (3-year average),61322,Confidence interval: Upper bound,20182020,2020,million No,11.5,E,Official estimate integrated with FAO data
KEN,2019-01-01,2021-12-31,114,'404,Kenya,210081F,Number of moderately or severely food insecure female adults (million) (3-year average),61322,Confidence interval: Upper bound,20192021,2021,million No,12.1,E,Official estimate integrated with FAO data
KEN,2020-01-01,2022-12-31,114,'404,Kenya,210081F,Number of moderately or severely food insecure female adults (million) (3-year average),61322,Confidence interval: Upper bound,20202022,2022,million No,12.8,E,Official estimate integrated with FAO data
KEN,2021-01-01,2023-12-31,114,'404,Kenya,210081F,Number of moderately or severely food insecure female adults (million) (3-year average),61322,Confidence interval: Upper bound,20212023,2023,million No,13.1,E,Official estimate integrated with FAO data
KEN,2022-01-01,2024-12-31,114,'404,Kenya,210081F,Number of moderately or severely food insecure female adults (million) (3-year average),61322,Confidence interval: Upper bound,20222024,2024,million No,13.5,E,Official estimate integrated with FAO data
KEN,2023-01-01,2025-12-31,114,'404,Kenya,210081F,Number of moderately or severely food insecure female adults (million) (3-year average),61322,Confidence interval: Upper bound,20232025,2025,million No,13.5,E,Official estimate integrated with FAO data
KEN,2000-01-01,2002-12-31,114,'404,Kenya,21035,Cereal import dependency ratio (percent) (3-year average),6121,Value,20002002,2002,%,23.9,E,
KEN,2001-01-01,2003-12-31,114,'404,Kenya,21035,Cereal import dependency ratio (percent) (3-year average),6121,Value,20012003,2003,%,20.1,E,
KEN,2002-01-01,2004-12-31,114,'404,Kenya,21035,Cereal import dependency ratio (percent) (3-year average),6121,Value,20022004,2004,%,18.2,E,
KEN,2003-01-01,2005-12-31,114,'404,Kenya,21035,Cereal import dependency ratio (percent) (3-year average),6121,Value,20032005,2005,%,19.7,E,
KEN,2004-01-01,2006-12-31,114,'404,Kenya,21035,Cereal import dependency ratio (percent) (3-year average),6121,Value,20042006,2006,%,21.5,E,
KEN,2005-01-01,2007-12-31,114,'404,Kenya,21035,Cereal import dependency ratio (percent) (3-year average),6121,Value,20052007,2007,%,22.4,E,
KEN,2006-01-01,2008-12-31,114,'404,Kenya,21035,Cereal import dependency ratio (percent) (3-year average),6121,Value,20062008,2008,%,23.2,E,
KEN,2007-01-01,2009-12-31,114,'404,Kenya,21035,Cereal import dependency ratio (percent) (3-year average),6121,Value,20072009,2009,%,34.6,E,
KEN,2008-01-01,2010-12-31,114,'404,Kenya,21035,Cereal import dependency ratio (percent) (3-year average),6121,Value,20082010,2010,%,36.7,E,
KEN,2009-01-01,2011-12-31,114,'404,Kenya,21035,Cereal import dependency ratio (percent) (3-year average),6121,Value,20092011,2011,%,45.2,E,
KEN,2010-01-01,2012-12-31,114,'404,Kenya,21035,Cereal import dependency ratio (percent) (3-year average),6121,Value,20102012,2012,%,41.4,E,
KEN,2011-01-01,2013-12-31,114,'404,Kenya,21035,Cereal import dependency ratio (percent) (3-year average),6121,Value,20112013,2013,%,42.4,E,
KEN,2012-01-01,2014-12-31,114,'404,Kenya,21035,Cereal import dependency ratio (percent) (3-year average),6121,Value,20122014,2014,%,41.1,E,
KEN,2013-01-01,2015-12-31,114,'404,Kenya,21035,Cereal import dependency ratio (percent) (3-year average),6121,Value,20132015,2015,%,41.5,E,
KEN,2014-01-01,2016-12-31,114,'404,Kenya,21035,Cereal import dependency ratio (percent) (3-year average),6121,Value,20142016,2016,%,48.3,E,
KEN,2015-01-01,2017-12-31,114,'404,Kenya,21035,Cereal import dependency ratio (percent) (3-year average),6121,Value,20152017,2017,%,51.9,E,
KEN,2016-01-01,2018-12-31,114,'404,Kenya,21035,Cereal import dependency ratio (percent) (3-year average),6121,Value,20162018,2018,%,50.9,E,
KEN,2017-01-01,2019-12-31,114,'404,Kenya,21035,Cereal import dependency ratio (percent) (3-year average),6121,Value,20172019,2019,%,48.2,E,
KEN,2018-01-01,2020-12-31,114,'404,Kenya,21035,Cereal import dependency ratio (percent) (3-year average),6121,Value,20182020,2020,%,43.7,E,
KEN,2019-01-01,2021-12-31,114,'404,Kenya,21035,Cereal import dependency ratio (percent) (3-year average),6121,Value,20192021,2021,%,47.8,E,
KEN,2020-01-01,2022-12-31,114,'404,Kenya,21035,Cereal import dependency ratio (percent) (3-year average),6121,Value,20202022,2022,%,49.9,E,
KEN,2021-01-01,2023-12-31,114,'404,Kenya,21035,Cereal import dependency ratio (percent) (3-year average),6121,Value,20212023,2023,%,49.5,E,
KEN,2000-01-01,2002-12-31,114,'404,Kenya,21034,Percent of arable land equipped for irrigation (percent) (3-year average),6121,Value,20002002,2002,%,0.2,E,
KEN,2001-01-01,2003-12-31,114,'404,Kenya,21034,Percent of arable land equipped for irrigation (percent) (3-year average),6121,Value,20012003,2003,%,0.2,E,
KEN,2002-01-01,2004-12-31,114,'404,Kenya,21034,Percent of arable land equipped for irrigation (percent) (3-year average),6121,Value,20022004,2004,%,0.2,E,
KEN,2003-01-01,2005-12-31,114,'404,Kenya,21034,Percent of arable land equipped for irrigation (percent) (3-year average),6121,Value,20032005,2005,%,0.2,E,
KEN,2004-01-01,2006-12-31,114,'404,Kenya,21034,Percent of arable land equipped for irrigation (percent) (3-year average),6121,Value,20042006,2006,%,0.2,E,
KEN,2005-01-01,2007-12-31,114,'404,Kenya,21034,Percent of arable land equipped for irrigation (percent) (3-year average),6121,Value,20052007,2007,%,0.2,E,
KEN,2006-01-01,2008-12-31,114,'404,Kenya,21034,Percent of arable land equipped for irrigation (percent) (3-year average),6121,Value,20062008,2008,%,0.2,E,
KEN,2007-01-01,2009-12-31,114,'404,Kenya,21034,Percent of arable land equipped for irrigation (percent) (3-year average),6121,Value,20072009,2009,%,0.2,E,
KEN,2008-01-01,2010-12-31,114,'404,Kenya,21034,Percent of arable land equipped for irrigation (percent) (3-year average),6121,Value,20082010,2010,%,0.3,E,
KEN,2009-01-01,2011-12-31,114,'404,Kenya,21034,Percent of arable land equipped for irrigation (percent) (3-year average),6121,Value,20092011,2011,%,0.3,E,
KEN,2010-01-01,2012-12-31,114,'404,Kenya,21034,Percent of arable land equipped for irrigation (percent) (3-year average),6121,Value,20102012,2012,%,0.3,E,
KEN,2011-01-01,2013-12-31,114,'404,Kenya,21034,Percent of arable land equipped for irrigation (percent) (3-year average),6121,Value,20112013,2013,%,0.3,E,
KEN,2012-01-01,2014-12-31,114,'404,Kenya,21034,Percent of arable land equipped for irrigation (percent) (3-year average),6121,Value,20122014,2014,%,0.3,E,
KEN,2013-01-01,2015-12-31,114,'404,Kenya,21034,Percent of arable land equipped for irrigation (percent) (3-year average),6121,Value,20132015,2015,%,0.3,E,
KEN,2014-01-01,2016-12-31,114,'404,Kenya,21034,Percent of arable land equipped for irrigation (percent) (3-year average),6121,Value,20142016,2016,%,0.4,E,
KEN,2015-01-01,2017-12-31,114,'404,Kenya,21034,Percent of arable land equipped for irrigation (percent) (3-year average),6121,Value,20152017,2017,%,0.4,E,
KEN,2016-01-01,2018-12-31,114,'404,Kenya,21034,Percent of arable land equipped for irrigation (percent) (3-year average),6121,Value,20162018,2018,%,0.4,E,
KEN,2017-01-01,2019-12-31,114,'404,Kenya,21034,Percent of arable land equipped for irrigation (percent) (3-year average),6121,Value,20172019,2019,%,0.4,E,
KEN,2018-01-01,2020-12-31,114,'404,Kenya,21034,Percent of arable land equipped for irrigation (percent) (3-year average),6121,Value,20182020,2020,%,0.4,E,
KEN,2019-01-01,2021-12-31,114,'404,Kenya,21034,Percent of arable land equipped for irrigation (percent) (3-year average),6121,Value,20192021,2021,%,0.4,E,
KEN,2020-01-01,2022-12-31,114,'404,Kenya,21034,Percent of arable land equipped for irrigation (percent) (3-year average),6121,Value,20202022,2022,%,0.5,E,
KEN,2021-01-01,2023-12-31,114,'404,Kenya,21034,Percent of arable land equipped for irrigation (percent) (3-year average),6121,Value,20212023,2023,%,0.5,E,
KEN,2000-01-01,2002-12-31,114,'404,Kenya,21033,Value of food imports in total merchandise exports (percent) (3-year average),6121,Value,20002002,2002,%,23,E,
KEN,2001-01-01,2003-12-31,114,'404,Kenya,21033,Value of food imports in total merchandise exports (percent) (3-year average),6121,Value,20012003,2003,%,20,E,
KEN,2002-01-01,2004-12-31,114,'404,Kenya,21033,Value of food imports in total merchandise exports (percent) (3-year average),6121,Value,20022004,2004,%,16,E,
KEN,2003-01-01,2005-12-31,114,'404,Kenya,21033,Value of food imports in total merchandise exports (percent) (3-year average),6121,Value,20032005,2005,%,16,E,
KEN,2004-01-01,2006-12-31,114,'404,Kenya,21033,Value of food imports in total merchandise exports (percent) (3-year average),6121,Value,20042006,2006,%,18,E,
KEN,2005-01-01,2007-12-31,114,'404,Kenya,21033,Value of food imports in total merchandise exports (percent) (3-year average),6121,Value,20052007,2007,%,20,E,
KEN,2006-01-01,2008-12-31,114,'404,Kenya,21033,Value of food imports in total merchandise exports (percent) (3-year average),6121,Value,20062008,2008,%,23,E,
KEN,2007-01-01,2009-12-31,114,'404,Kenya,21033,Value of food imports in total merchandise exports (percent) (3-year average),6121,Value,20072009,2009,%,27,E,
KEN,2008-01-01,2010-12-31,114,'404,Kenya,21033,Value of food imports in total merchandise exports (percent) (3-year average),6121,Value,20082010,2010,%,28,E,
KEN,2009-01-01,2011-12-31,114,'404,Kenya,21033,Value of food imports in total merchandise exports (percent) (3-year average),6121,Value,20092011,2011,%,31,E,
KEN,2010-01-01,2012-12-31,114,'404,Kenya,21033,Value of food imports in total merchandise exports (percent) (3-year average),6121,Value,20102012,2012,%,28,E,
KEN,2011-01-01,2013-12-31,114,'404,Kenya,21033,Value of food imports in total merchandise exports (percent) (3-year average),6121,Value,20112013,2013,%,29,E,
KEN,2012-01-01,2014-12-31,114,'404,Kenya,21033,Value of food imports in total merchandise exports (percent) (3-year average),6121,Value,20122014,2014,%,30,E,
KEN,2013-01-01,2015-12-31,114,'404,Kenya,21033,Value of food imports in total merchandise exports (percent) (3-year average),6121,Value,20132015,2015,%,33,E,
KEN,2014-01-01,2016-12-31,114,'404,Kenya,21033,Value of food imports in total merchandise exports (percent) (3-year average),6121,Value,20142016,2016,%,32,E,
KEN,2015-01-01,2017-12-31,114,'404,Kenya,21033,Value of food imports in total merchandise exports (percent) (3-year average),6121,Value,20152017,2017,%,38,E,
KEN,2016-01-01,2018-12-31,114,'404,Kenya,21033,Value of food imports in total merchandise exports (percent) (3-year average),6121,Value,20162018,2018,%,39,E,
KEN,2017-01-01,2019-12-31,114,'404,Kenya,21033,Value of food imports in total merchandise exports (percent) (3-year average),6121,Value,20172019,2019,%,43,E,
KEN,2018-01-01,2020-12-31,114,'404,Kenya,21033,Value of food imports in total merchandise exports (percent) (3-year average),6121,Value,20182020,2020,%,40,E,
KEN,2019-01-01,2021-12-31,114,'404,Kenya,21033,Value of food imports in total merchandise exports (percent) (3-year average),6121,Value,20192021,2021,%,42,E,
KEN,2020-01-01,2022-12-31,114,'404,Kenya,21033,Value of food imports in total merchandise exports (percent) (3-year average),6121,Value,20202022,2022,%,43,E,
KEN,2021-01-01,2023-12-31,114,'404,Kenya,21033,Value of food imports in total merchandise exports (percent) (3-year average),6121,Value,20212023,2023,%,44,E,
KEN,2022-01-01,2024-12-31,114,'404,Kenya,21033,Value of food imports in total merchandise exports (percent) (3-year average),6121,Value,20222024,2024,%,43,E,
KEN,2001-01-01,2001-12-31,114,'404,Kenya,21031,Per capita food supply variability (kcal/cap/day),6128,Value,2001,2001,kcal/cap/d,20,E,
KEN,2002-01-01,2002-12-31,114,'404,Kenya,21031,Per capita food supply variability (kcal/cap/day),6128,Value,2002,2002,kcal/cap/d,20,E,
KEN,2003-01-01,2003-12-31,114,'404,Kenya,21031,Per capita food supply variability (kcal/cap/day),6128,Value,2003,2003,kcal/cap/d,27,E,
KEN,2004-01-01,2004-12-31,114,'404,Kenya,21031,Per capita food supply variability (kcal/cap/day),6128,Value,2004,2004,kcal/cap/d,42,E,
KEN,2005-01-01,2005-12-31,114,'404,Kenya,21031,Per capita food supply variability (kcal/cap/day),6128,Value,2005,2005,kcal/cap/d,37,E,
KEN,2006-01-01,2006-12-31,114,'404,Kenya,21031,Per capita food supply variability (kcal/cap/day),6128,Value,2006,2006,kcal/cap/d,54,E,
KEN,2007-01-01,2007-12-31,114,'404,Kenya,21031,Per capita food supply variability (kcal/cap/day),6128,Value,2007,2007,kcal/cap/d,59,E,
KEN,2008-01-01,2008-12-31,114,'404,Kenya,21031,Per capita food supply variability (kcal/cap/day),6128,Value,2008,2008,kcal/cap/d,58,E,
KEN,2009-01-01,2009-12-31,114,'404,Kenya,21031,Per capita food supply variability (kcal/cap/day),6128,Value,2009,2009,kcal/cap/d,55,E,
KEN,2010-01-01,2010-12-31,114,'404,Kenya,21031,Per capita food supply variability (kcal/cap/day),6128,Value,2010,2010,kcal/cap/d,47,E,
KEN,2011-01-01,2011-12-31,114,'404,Kenya,21031,Per capita food supply variability (kcal/cap/day),6128,Value,2011,2011,kcal/cap/d,41,E,
KEN,2012-01-01,2012-12-31,114,'404,Kenya,21031,Per capita food supply variability (kcal/cap/day),6128,Value,2012,2012,kcal/cap/d,38,E,
KEN,2013-01-01,2013-12-31,114,'404,Kenya,21031,Per capita food supply variability (kcal/cap/day),6128,Value,2013,2013,kcal/cap/d,39,E,
KEN,2014-01-01,2014-12-31,114,'404,Kenya,21031,Per capita food supply variability (kcal/cap/day),6128,Value,2014,2014,kcal/cap/d,23,E,
KEN,2015-01-01,2015-12-31,114,'404,Kenya,21031,Per capita food supply variability (kcal/cap/day),6128,Value,2015,2015,kcal/cap/d,7,E,
KEN,2016-01-01,2016-12-31,114,'404,Kenya,21031,Per capita food supply variability (kcal/cap/day),6128,Value,2016,2016,kcal/cap/d,9,E,
KEN,2017-01-01,2017-12-31,114,'404,Kenya,21031,Per capita food supply variability (kcal/cap/day),6128,Value,2017,2017,kcal/cap/d,38,E,
KEN,2018-01-01,2018-12-31,114,'404,Kenya,21031,Per capita food supply variability (kcal/cap/day),6128,Value,2018,2018,kcal/cap/d,42,E,
KEN,2019-01-01,2019-12-31,114,'404,Kenya,21031,Per capita food supply variability (kcal/cap/day),6128,Value,2019,2019,kcal/cap/d,35,E,
KEN,2020-01-01,2020-12-31,114,'404,Kenya,21031,Per capita food supply variability (kcal/cap/day),6128,Value,2020,2020,kcal/cap/d,39,E,
KEN,2021-01-01,2021-12-31,114,'404,Kenya,21031,Per capita food supply variability (kcal/cap/day),6128,Value,2021,2021,kcal/cap/d,39,E,
KEN,2022-01-01,2022-12-31,114,'404,Kenya,21031,Per capita food supply variability (kcal/cap/day),6128,Value,2022,2022,kcal/cap/d,42,E,
KEN,2023-01-01,2023-12-31,114,'404,Kenya,21031,Per capita food supply variability (kcal/cap/day),6128,Value,2023,2023,kcal/cap/d,52,E,
KEN,2024-01-01,2024-12-31,114,'404,Kenya,21031,Per capita food supply variability (kcal/cap/day),6128,Value,2024,2024,kcal/cap/d,52,E,
KEN,2000-01-01,2000-12-31,114,'404,Kenya,21047,Percentage of population using at least basic drinking water services (percent),6121,Value,2000,2000,%,45,X,
KEN,2001-01-01,2001-12-31,114,'404,Kenya,21047,Percentage of population using at least basic drinking water services (percent),6121,Value,2001,2001,%,46,X,
KEN,2002-01-01,2002-12-31,114,'404,Kenya,21047,Percentage of population using at least basic drinking water services (percent),6121,Value,2002,2002,%,47,X,
KEN,2003-01-01,2003-12-31,114,'404,Kenya,21047,Percentage of population using at least basic drinking water services (percent),6121,Value,2003,2003,%,48,X,
KEN,2004-01-01,2004-12-31,114,'404,Kenya,21047,Percentage of population using at least basic drinking water services (percent),6121,Value,2004,2004,%,49,X,
KEN,2005-01-01,2005-12-31,114,'404,Kenya,21047,Percentage of population using at least basic drinking water services (percent),6121,Value,2005,2005,%,50,X,
KEN,2006-01-01,2006-12-31,114,'404,Kenya,21047,Percentage of population using at least basic drinking water services (percent),6121,Value,2006,2006,%,50,X,
KEN,2007-01-01,2007-12-31,114,'404,Kenya,21047,Percentage of population using at least basic drinking water services (percent),6121,Value,2007,2007,%,51,X,
KEN,2008-01-01,2008-12-31,114,'404,Kenya,21047,Percentage of population using at least basic drinking water services (percent),6121,Value,2008,2008,%,52,X,
KEN,2009-01-01,2009-12-31,114,'404,Kenya,21047,Percentage of population using at least basic drinking water services (percent),6121,Value,2009,2009,%,53,X,
KEN,2010-01-01,2010-12-31,114,'404,Kenya,21047,Percentage of population using at least basic drinking water services (percent),6121,Value,2010,2010,%,54,X,
KEN,2011-01-01,2011-12-31,114,'404,Kenya,21047,Percentage of population using at least basic drinking water services (percent),6121,Value,2011,2011,%,55,X,
KEN,2012-01-01,2012-12-31,114,'404,Kenya,21047,Percentage of population using at least basic drinking water services (percent),6121,Value,2012,2012,%,56,X,
KEN,2013-01-01,2013-12-31,114,'404,Kenya,21047,Percentage of population using at least basic drinking water services (percent),6121,Value,2013,2013,%,56,X,
KEN,2014-01-01,2014-12-31,114,'404,Kenya,21047,Percentage of population using at least basic drinking water services (percent),6121,Value,2014,2014,%,57,X,
KEN,2015-01-01,2015-12-31,114,'404,Kenya,21047,Percentage of population using at least basic drinking water services (percent),6121,Value,2015,2015,%,58,X,
KEN,2016-01-01,2016-12-31,114,'404,Kenya,21047,Percentage of population using at least basic drinking water services (percent),6121,Value,2016,2016,%,59,X,
KEN,2017-01-01,2017-12-31,114,'404,Kenya,21047,Percentage of population using at least basic drinking water services (percent),6121,Value,2017,2017,%,60,X,
KEN,2018-01-01,2018-12-31,114,'404,Kenya,21047,Percentage of population using at least basic drinking water services (percent),6121,Value,2018,2018,%,61,X,
KEN,2019-01-01,2019-12-31,114,'404,Kenya,21047,Percentage of population using at least basic drinking water services (percent),6121,Value,2019,2019,%,62,X,
KEN,2020-01-01,2020-12-31,114,'404,Kenya,21047,Percentage of population using at least basic drinking water services (percent),6121,Value,2020,2020,%,62,X,
KEN,2021-01-01,2021-12-31,114,'404,Kenya,21047,Percentage of population using at least basic drinking water services (percent),6121,Value,2021,2021,%,63,X,
KEN,2022-01-01,2022-12-31,114,'404,Kenya,21047,Percentage of population using at least basic drinking water services (percent),6121,Value,2022,2022,%,64,X,
KEN,2023-01-01,2023-12-31,114,'404,Kenya,21047,Percentage of population using at least basic drinking water services (percent),6121,Value,2023,2023,%,65,X,
KEN,2024-01-01,2024-12-31,114,'404,Kenya,21047,Percentage of population using at least basic drinking water services (percent),6121,Value,2024,2024,%,66,X,
KEN,2000-01-01,2000-12-31,114,'404,Kenya,21046,Percentage of population using safely managed sanitation services (percent),6121,Value,2000,2000,%,20,X,
KEN,2001-01-01,2001-12-31,114,'404,Kenya,21046,Percentage of population using safely managed sanitation services (percent),6121,Value,2001,2001,%,21,X,
KEN,2002-01-01,2002-12-31,114,'404,Kenya,21046,Percentage of population using safely managed sanitation services (percent),6121,Value,2002,2002,%,22,X,
KEN,2003-01-01,2003-12-31,114,'404,Kenya,21046,Percentage of population using safely managed sanitation services (percent),6121,Value,2003,2003,%,22,X,
KEN,2004-01-01,2004-12-31,114,'404,Kenya,21046,Percentage of population using safely managed sanitation services (percent),6121,Value,2004,2004,%,23,X,
KEN,2005-01-01,2005-12-31,114,'404,Kenya,21046,Percentage of population using safely managed sanitation services (percent),6121,Value,2005,2005,%,24,X,
KEN,2006-01-01,2006-12-31,114,'404,Kenya,21046,Percentage of population using safely managed sanitation services (percent),6121,Value,2006,2006,%,24,X,
KEN,2007-01-01,2007-12-31,114,'404,Kenya,21046,Percentage of population using safely managed sanitation services (percent),6121,Value,2007,2007,%,25,X,
KEN,2008-01-01,2008-12-31,114,'404,Kenya,21046,Percentage of population using safely managed sanitation services (percent),6121,Value,2008,2008,%,26,X,
KEN,2009-01-01,2009-12-31,114,'404,Kenya,21046,Percentage of population using safely managed sanitation services (percent),6121,Value,2009,2009,%,26,X,
KEN,2010-01-01,2010-12-31,114,'404,Kenya,21046,Percentage of population using safely managed sanitation services (percent),6121,Value,2010,2010,%,27,X,
KEN,2011-01-01,2011-12-31,114,'404,Kenya,21046,Percentage of population using safely managed sanitation services (percent),6121,Value,2011,2011,%,27,X,
KEN,2012-01-01,2012-12-31,114,'404,Kenya,21046,Percentage of population using safely managed sanitation services (percent),6121,Value,2012,2012,%,28,X,
KEN,2013-01-01,2013-12-31,114,'404,Kenya,21046,Percentage of population using safely managed sanitation services (percent),6121,Value,2013,2013,%,29,X,
KEN,2014-01-01,2014-12-31,114,'404,Kenya,21046,Percentage of population using safely managed sanitation services (percent),6121,Value,2014,2014,%,29,X,
KEN,2015-01-01,2015-12-31,114,'404,Kenya,21046,Percentage of population using safely managed sanitation services (percent),6121,Value,2015,2015,%,30,X,
KEN,2016-01-01,2016-12-31,114,'404,Kenya,21046,Percentage of population using safely managed sanitation services (percent),6121,Value,2016,2016,%,30,X,
KEN,2017-01-01,2017-12-31,114,'404,Kenya,21046,Percentage of population using safely managed sanitation services (percent),6121,Value,2017,2017,%,31,X,
KEN,2018-01-01,2018-12-31,114,'404,Kenya,21046,Percentage of population using safely managed sanitation services (percent),6121,Value,2018,2018,%,32,X,
KEN,2019-01-01,2019-12-31,114,'404,Kenya,21046,Percentage of population using safely managed sanitation services (percent),6121,Value,2019,2019,%,33,X,
KEN,2020-01-01,2020-12-31,114,'404,Kenya,21046,Percentage of population using safely managed sanitation services (percent),6121,Value,2020,2020,%,33,X,
KEN,2021-01-01,2021-12-31,114,'404,Kenya,21046,Percentage of population using safely managed sanitation services (percent),6121,Value,2021,2021,%,34,X,
KEN,2022-01-01,2022-12-31,114,'404,Kenya,21046,Percentage of population using safely managed sanitation services (percent),6121,Value,2022,2022,%,35,X,
KEN,2023-01-01,2023-12-31,114,'404,Kenya,21046,Percentage of population using safely managed sanitation services (percent),6121,Value,2023,2023,%,35,X,
KEN,2024-01-01,2024-12-31,114,'404,Kenya,21046,Percentage of population using safely managed sanitation services (percent),6121,Value,2024,2024,%,36,X,
KEN,2000-01-01,2000-12-31,114,'404,Kenya,21048,Percentage of population using at least basic sanitation services (percent),6121,Value,2000,2000,%,24,X,
KEN,2001-01-01,2001-12-31,114,'404,Kenya,21048,Percentage of population using at least basic sanitation services (percent),6121,Value,2001,2001,%,24,X,
KEN,2002-01-01,2002-12-31,114,'404,Kenya,21048,Percentage of population using at least basic sanitation services (percent),6121,Value,2002,2002,%,25,X,
KEN,2003-01-01,2003-12-31,114,'404,Kenya,21048,Percentage of population using at least basic sanitation services (percent),6121,Value,2003,2003,%,26,X,
KEN,2004-01-01,2004-12-31,114,'404,Kenya,21048,Percentage of population using at least basic sanitation services (percent),6121,Value,2004,2004,%,26,X,
KEN,2005-01-01,2005-12-31,114,'404,Kenya,21048,Percentage of population using at least basic sanitation services (percent),6121,Value,2005,2005,%,27,X,
KEN,2006-01-01,2006-12-31,114,'404,Kenya,21048,Percentage of population using at least basic sanitation services (percent),6121,Value,2006,2006,%,28,X,
KEN,2007-01-01,2007-12-31,114,'404,Kenya,21048,Percentage of population using at least basic sanitation services (percent),6121,Value,2007,2007,%,29,X,
KEN,2008-01-01,2008-12-31,114,'404,Kenya,21048,Percentage of population using at least basic sanitation services (percent),6121,Value,2008,2008,%,29,X,
KEN,2009-01-01,2009-12-31,114,'404,Kenya,21048,Percentage of population using at least basic sanitation services (percent),6121,Value,2009,2009,%,30,X,
KEN,2010-01-01,2010-12-31,114,'404,Kenya,21048,Percentage of population using at least basic sanitation services (percent),6121,Value,2010,2010,%,31,X,
KEN,2011-01-01,2011-12-31,114,'404,Kenya,21048,Percentage of population using at least basic sanitation services (percent),6121,Value,2011,2011,%,32,X,
KEN,2012-01-01,2012-12-31,114,'404,Kenya,21048,Percentage of population using at least basic sanitation services (percent),6121,Value,2012,2012,%,32,X,
KEN,2013-01-01,2013-12-31,114,'404,Kenya,21048,Percentage of population using at least basic sanitation services (percent),6121,Value,2013,2013,%,33,X,
KEN,2014-01-01,2014-12-31,114,'404,Kenya,21048,Percentage of population using at least basic sanitation services (percent),6121,Value,2014,2014,%,34,X,
KEN,2015-01-01,2015-12-31,114,'404,Kenya,21048,Percentage of population using at least basic sanitation services (percent),6121,Value,2015,2015,%,34,X,
KEN,2016-01-01,2016-12-31,114,'404,Kenya,21048,Percentage of population using at least basic sanitation services (percent),6121,Value,2016,2016,%,35,X,
KEN,2017-01-01,2017-12-31,114,'404,Kenya,21048,Percentage of population using at least basic sanitation services (percent),6121,Value,2017,2017,%,36,X,
KEN,2018-01-01,2018-12-31,114,'404,Kenya,21048,Percentage of population using at least basic sanitation services (percent),6121,Value,2018,2018,%,37,X,
KEN,2019-01-01,2019-12-31,114,'404,Kenya,21048,Percentage of population using at least basic sanitation services (percent),6121,Value,2019,2019,%,37,X,
KEN,2020-01-01,2020-12-31,114,'404,Kenya,21048,Percentage of population using at least basic sanitation services (percent),6121,Value,2020,2020,%,38,X,
KEN,2021-01-01,2021-12-31,114,'404,Kenya,21048,Percentage of population using at least basic sanitation services (percent),6121,Value,2021,2021,%,39,X,
KEN,2022-01-01,2022-12-31,114,'404,Kenya,21048,Percentage of population using at least basic sanitation services (percent),6121,Value,2022,2022,%,40,X,
KEN,2023-01-01,2023-12-31,114,'404,Kenya,21048,Percentage of population using at least basic sanitation services (percent),6121,Value,2023,2023,%,40,X,
KEN,2024-01-01,2024-12-31,114,'404,Kenya,21048,Percentage of population using at least basic sanitation services (percent),6121,Value,2024,2024,%,41,X,
KEN,2000-01-01,2000-12-31,114,'404,Kenya,21026,Percentage of children under 5 years affected by wasting (percent),6121,Value,2000,2000,%,7.4,X,
KEN,2003-01-01,2003-12-31,114,'404,Kenya,21026,Percentage of children under 5 years affected by wasting (percent),6121,Value,2003,2003,%,6.2,X,
KEN,2005-01-01,2005-12-31,114,'404,Kenya,21026,Percentage of children under 5 years affected by wasting (percent),6121,Value,2005,2005,%,6.9,X,
KEN,2008-01-01,2008-12-31,114,'404,Kenya,21026,Percentage of children under 5 years affected by wasting (percent),6121,Value,2008,2008,%,6.9,X,
KEN,2011-01-01,2011-12-31,114,'404,Kenya,21026,Percentage of children under 5 years affected by wasting (percent),6121,Value,2011,2011,%,6,X,This estimate has been adjusted because the original estimate did not cover the full age range or the data source was only representative of rural areas.
KEN,2014-01-01,2014-12-31,114,'404,Kenya,21026,Percentage of children under 5 years affected by wasting (percent),6121,Value,2014,2014,%,4.2,X,
KEN,2016-01-01,2016-12-31,114,'404,Kenya,21026,Percentage of children under 5 years affected by wasting (percent),6121,Value,2016,2016,%,6.7,X,
KEN,2022-01-01,2022-12-31,114,'404,Kenya,21026,Percentage of children under 5 years affected by wasting (percent),6121,Value,2022,2022,%,4.5,X,
KEN,2000-01-01,2000-12-31,114,'404,Kenya,210260,Number of children under 5 years affected by wasting (million),6132,Value,2000,2000,million No,0.4,X,
KEN,2003-01-01,2003-12-31,114,'404,Kenya,210260,Number of children under 5 years affected by wasting (million),6132,Value,2003,2003,million No,0.4,X,
KEN,2005-01-01,2005-12-31,114,'404,Kenya,210260,Number of children under 5 years affected by wasting (million),6132,Value,2005,2005,million No,0.4,X,
KEN,2008-01-01,2008-12-31,114,'404,Kenya,210260,Number of children under 5 years affected by wasting (million),6132,Value,2008,2008,million No,0.5,X,
KEN,2011-01-01,2011-12-31,114,'404,Kenya,210260,Number of children under 5 years affected by wasting (million),6132,Value,2011,2011,million No,0.4,X,This estimate has been adjusted because the original estimate did not cover the full age range or the data source was only representative of rural areas.
KEN,2014-01-01,2014-12-31,114,'404,Kenya,210260,Number of children under 5 years affected by wasting (million),6132,Value,2014,2014,million No,0.3,X,
KEN,2016-01-01,2016-12-31,114,'404,Kenya,210260,Number of children under 5 years affected by wasting (million),6132,Value,2016,2016,million No,0.5,X,
KEN,2022-01-01,2022-12-31,114,'404,Kenya,210260,Number of children under 5 years affected by wasting (million),6132,Value,2022,2022,million No,0.3,X,
KEN,2000-01-01,2000-12-31,114,'404,Kenya,21025,Percentage of children under 5 years of age who are stunted (modelled estimates) (percent),6121,Value,2000,2000,%,38.6,X,
KEN,2001-01-01,2001-12-31,114,'404,Kenya,21025,Percentage of children under 5 years of age who are stunted (modelled estimates) (percent),6121,Value,2001,2001,%,38.5,X,
KEN,2002-01-01,2002-12-31,114,'404,Kenya,21025,Percentage of children under 5 years of age who are stunted (modelled estimates) (percent),6121,Value,2002,2002,%,38.5,X,
KEN,2003-01-01,2003-12-31,114,'404,Kenya,21025,Percentage of children under 5 years of age who are stunted (modelled estimates) (percent),6121,Value,2003,2003,%,38.2,X,
KEN,2004-01-01,2004-12-31,114,'404,Kenya,21025,Percentage of children under 5 years of age who are stunted (modelled estimates) (percent),6121,Value,2004,2004,%,37.8,X,
KEN,2005-01-01,2005-12-31,114,'404,Kenya,21025,Percentage of children under 5 years of age who are stunted (modelled estimates) (percent),6121,Value,2005,2005,%,37.3,X,
KEN,2006-01-01,2006-12-31,114,'404,Kenya,21025,Percentage of children under 5 years of age who are stunted (modelled estimates) (percent),6121,Value,2006,2006,%,36.7,X,
KEN,2007-01-01,2007-12-31,114,'404,Kenya,21025,Percentage of children under 5 years of age who are stunted (modelled estimates) (percent),6121,Value,2007,2007,%,35.7,X,
KEN,2008-01-01,2008-12-31,114,'404,Kenya,21025,Percentage of children under 5 years of age who are stunted (modelled estimates) (percent),6121,Value,2008,2008,%,34.6,X,
KEN,2009-01-01,2009-12-31,114,'404,Kenya,21025,Percentage of children under 5 years of age who are stunted (modelled estimates) (percent),6121,Value,2009,2009,%,33.3,X,
KEN,2010-01-01,2010-12-31,114,'404,Kenya,21025,Percentage of children under 5 years of age who are stunted (modelled estimates) (percent),6121,Value,2010,2010,%,31.9,X,
KEN,2011-01-01,2011-12-31,114,'404,Kenya,21025,Percentage of children under 5 years of age who are stunted (modelled estimates) (percent),6121,Value,2011,2011,%,30.4,X,
KEN,2012-01-01,2012-12-31,114,'404,Kenya,21025,Percentage of children under 5 years of age who are stunted (modelled estimates) (percent),6121,Value,2012,2012,%,29,X,
KEN,2013-01-01,2013-12-31,114,'404,Kenya,21025,Percentage of children under 5 years of age who are stunted (modelled estimates) (percent),6121,Value,2013,2013,%,27.7,X,
KEN,2014-01-01,2014-12-31,114,'404,Kenya,21025,Percentage of children under 5 years of age who are stunted (modelled estimates) (percent),6121,Value,2014,2014,%,26.5,X,
KEN,2015-01-01,2015-12-31,114,'404,Kenya,21025,Percentage of children under 5 years of age who are stunted (modelled estimates) (percent),6121,Value,2015,2015,%,25.4,X,
KEN,2016-01-01,2016-12-31,114,'404,Kenya,21025,Percentage of children under 5 years of age who are stunted (modelled estimates) (percent),6121,Value,2016,2016,%,24.3,X,
KEN,2017-01-01,2017-12-31,114,'404,Kenya,21025,Percentage of children under 5 years of age who are stunted (modelled estimates) (percent),6121,Value,2017,2017,%,23.1,X,
KEN,2018-01-01,2018-12-31,114,'404,Kenya,21025,Percentage of children under 5 years of age who are stunted (modelled estimates) (percent),6121,Value,2018,2018,%,22,X,
KEN,2019-01-01,2019-12-31,114,'404,Kenya,21025,Percentage of children under 5 years of age who are stunted (modelled estimates) (percent),6121,Value,2019,2019,%,20.9,X,
KEN,2020-01-01,2020-12-31,114,'404,Kenya,21025,Percentage of children under 5 years of age who are stunted (modelled estimates) (percent),6121,Value,2020,2020,%,20,X,
KEN,2021-01-01,2021-12-31,114,'404,Kenya,21025,Percentage of children under 5 years of age who are stunted (modelled estimates) (percent),6121,Value,2021,2021,%,19.2,X,
KEN,2022-01-01,2022-12-31,114,'404,Kenya,21025,Percentage of children under 5 years of age who are stunted (modelled estimates) (percent),6121,Value,2022,2022,%,18.7,X,
KEN,2023-01-01,2023-12-31,114,'404,Kenya,21025,Percentage of children under 5 years of age who are stunted (modelled estimates) (percent),6121,Value,2023,2023,%,18.2,X,
KEN,2024-01-01,2024-12-31,114,'404,Kenya,21025,Percentage of children under 5 years of age who are stunted (modelled estimates) (percent),6121,Value,2024,2024,%,17.9,X,
KEN,2000-01-01,2000-12-31,114,'404,Kenya,210250,Number of children under 5 years of age who are stunted (modeled estimates) (million),6132,Value,2000,2000,million No,2,X,
KEN,2001-01-01,2001-12-31,114,'404,Kenya,210250,Number of children under 5 years of age who are stunted (modeled estimates) (million),6132,Value,2001,2001,million No,2.1,X,
KEN,2002-01-01,2002-12-31,114,'404,Kenya,210250,Number of children under 5 years of age who are stunted (modeled estimates) (million),6132,Value,2002,2002,million No,2.2,X,
KEN,2003-01-01,2003-12-31,114,'404,Kenya,210250,Number of children under 5 years of age who are stunted (modeled estimates) (million),6132,Value,2003,2003,million No,2.2,X,
KEN,2004-01-01,2004-12-31,114,'404,Kenya,210250,Number of children under 5 years of age who are stunted (modeled estimates) (million),6132,Value,2004,2004,million No,2.3,X,
KEN,2005-01-01,2005-12-31,114,'404,Kenya,210250,Number of children under 5 years of age who are stunted (modeled estimates) (million),6132,Value,2005,2005,million No,2.3,X,
KEN,2006-01-01,2006-12-31,114,'404,Kenya,210250,Number of children under 5 years of age who are stunted (modeled estimates) (million),6132,Value,2006,2006,million No,2.3,X,
KEN,2007-01-01,2007-12-31,114,'404,Kenya,210250,Number of children under 5 years of age who are stunted (modeled estimates) (million),6132,Value,2007,2007,million No,2.3,X,
KEN,2008-01-01,2008-12-31,114,'404,Kenya,210250,Number of children under 5 years of age who are stunted (modeled estimates) (million),6132,Value,2008,2008,million No,2.3,X,
KEN,2009-01-01,2009-12-31,114,'404,Kenya,210250,Number of children under 5 years of age who are stunted (modeled estimates) (million),6132,Value,2009,2009,million No,2.3,X,
KEN,2010-01-01,2010-12-31,114,'404,Kenya,210250,Number of children under 5 years of age who are stunted (modeled estimates) (million),6132,Value,2010,2010,million No,2.2,X,
KEN,2011-01-01,2011-12-31,114,'404,Kenya,210250,Number of children under 5 years of age who are stunted (modeled estimates) (million),6132,Value,2011,2011,million No,2.1,X,
KEN,2012-01-01,2012-12-31,114,'404,Kenya,210250,Number of children under 5 years of age who are stunted (modeled estimates) (million),6132,Value,2012,2012,million No,2.1,X,
KEN,2013-01-01,2013-12-31,114,'404,Kenya,210250,Number of children under 5 years of age who are stunted (modeled estimates) (million),6132,Value,2013,2013,million No,2,X,
KEN,2014-01-01,2014-12-31,114,'404,Kenya,210250,Number of children under 5 years of age who are stunted (modeled estimates) (million),6132,Value,2014,2014,million No,1.9,X,
KEN,2015-01-01,2015-12-31,114,'404,Kenya,210250,Number of children under 5 years of age who are stunted (modeled estimates) (million),6132,Value,2015,2015,million No,1.8,X,
KEN,2016-01-01,2016-12-31,114,'404,Kenya,210250,Number of children under 5 years of age who are stunted (modeled estimates) (million),6132,Value,2016,2016,million No,1.7,X,
KEN,2017-01-01,2017-12-31,114,'404,Kenya,210250,Number of children under 5 years of age who are stunted (modeled estimates) (million),6132,Value,2017,2017,million No,1.6,X,
KEN,2018-01-01,2018-12-31,114,'404,Kenya,210250,Number of children under 5 years of age who are stunted (modeled estimates) (million),6132,Value,2018,2018,million No,1.5,X,
KEN,2019-01-01,2019-12-31,114,'404,Kenya,210250,Number of children under 5 years of age who are stunted (modeled estimates) (million),6132,Value,2019,2019,million No,1.5,X,
KEN,2020-01-01,2020-12-31,114,'404,Kenya,210250,Number of children under 5 years of age who are stunted (modeled estimates) (million),6132,Value,2020,2020,million No,1.4,X,
KEN,2021-01-01,2021-12-31,114,'404,Kenya,210250,Number of children under 5 years of age who are stunted (modeled estimates) (million),6132,Value,2021,2021,million No,1.3,X,
KEN,2022-01-01,2022-12-31,114,'404,Kenya,210250,Number of children under 5 years of age who are stunted (modeled estimates) (million),6132,Value,2022,2022,million No,1.3,X,
KEN,2023-01-01,2023-12-31,114,'404,Kenya,210250,Number of children under 5 years of age who are stunted (modeled estimates) (million),6132,Value,2023,2023,million No,1.3,X,
KEN,2024-01-01,2024-12-31,114,'404,Kenya,210250,Number of children under 5 years of age who are stunted (modeled estimates) (million),6132,Value,2024,2024,million No,1.3,X,
KEN,2000-01-01,2000-12-31,114,'404,Kenya,21041,Percentage of children under 5 years of age who are overweight (modelled estimates) (percent),6121,Value,2000,2000,%,7,X,
KEN,2001-01-01,2001-12-31,114,'404,Kenya,21041,Percentage of children under 5 years of age who are overweight (modelled estimates) (percent),6121,Value,2001,2001,%,7.1,X,
KEN,2002-01-01,2002-12-31,114,'404,Kenya,21041,Percentage of children under 5 years of age who are overweight (modelled estimates) (percent),6121,Value,2002,2002,%,7.1,X,
KEN,2003-01-01,2003-12-31,114,'404,Kenya,21041,Percentage of children under 5 years of age who are overweight (modelled estimates) (percent),6121,Value,2003,2003,%,7.1,X,
KEN,2004-01-01,2004-12-31,114,'404,Kenya,21041,Percentage of children under 5 years of age who are overweight (modelled estimates) (percent),6121,Value,2004,2004,%,7.1,X,
KEN,2005-01-01,2005-12-31,114,'404,Kenya,21041,Percentage of children under 5 years of age who are overweight (modelled estimates) (percent),6121,Value,2005,2005,%,6.9,X,
KEN,2006-01-01,2006-12-31,114,'404,Kenya,21041,Percentage of children under 5 years of age who are overweight (modelled estimates) (percent),6121,Value,2006,2006,%,6.7,X,
KEN,2007-01-01,2007-12-31,114,'404,Kenya,21041,Percentage of children under 5 years of age who are overweight (modelled estimates) (percent),6121,Value,2007,2007,%,6.5,X,
KEN,2008-01-01,2008-12-31,114,'404,Kenya,21041,Percentage of children under 5 years of age who are overweight (modelled estimates) (percent),6121,Value,2008,2008,%,6.2,X,
KEN,2009-01-01,2009-12-31,114,'404,Kenya,21041,Percentage of children under 5 years of age who are overweight (modelled estimates) (percent),6121,Value,2009,2009,%,5.9,X,
KEN,2010-01-01,2010-12-31,114,'404,Kenya,21041,Percentage of children under 5 years of age who are overweight (modelled estimates) (percent),6121,Value,2010,2010,%,5.6,X,
KEN,2011-01-01,2011-12-31,114,'404,Kenya,21041,Percentage of children under 5 years of age who are overweight (modelled estimates) (percent),6121,Value,2011,2011,%,5.3,X,
KEN,2012-01-01,2012-12-31,114,'404,Kenya,21041,Percentage of children under 5 years of age who are overweight (modelled estimates) (percent),6121,Value,2012,2012,%,5,X,
KEN,2013-01-01,2013-12-31,114,'404,Kenya,21041,Percentage of children under 5 years of age who are overweight (modelled estimates) (percent),6121,Value,2013,2013,%,4.7,X,
KEN,2014-01-01,2014-12-31,114,'404,Kenya,21041,Percentage of children under 5 years of age who are overweight (modelled estimates) (percent),6121,Value,2014,2014,%,4.5,X,
KEN,2015-01-01,2015-12-31,114,'404,Kenya,21041,Percentage of children under 5 years of age who are overweight (modelled estimates) (percent),6121,Value,2015,2015,%,4.2,X,
KEN,2016-01-01,2016-12-31,114,'404,Kenya,21041,Percentage of children under 5 years of age who are overweight (modelled estimates) (percent),6121,Value,2016,2016,%,4,X,
KEN,2017-01-01,2017-12-31,114,'404,Kenya,21041,Percentage of children under 5 years of age who are overweight (modelled estimates) (percent),6121,Value,2017,2017,%,3.9,X,
KEN,2018-01-01,2018-12-31,114,'404,Kenya,21041,Percentage of children under 5 years of age who are overweight (modelled estimates) (percent),6121,Value,2018,2018,%,3.8,X,
KEN,2019-01-01,2019-12-31,114,'404,Kenya,21041,Percentage of children under 5 years of age who are overweight (modelled estimates) (percent),6121,Value,2019,2019,%,3.7,X,
KEN,2020-01-01,2020-12-31,114,'404,Kenya,21041,Percentage of children under 5 years of age who are overweight (modelled estimates) (percent),6121,Value,2020,2020,%,3.7,X,
KEN,2021-01-01,2021-12-31,114,'404,Kenya,21041,Percentage of children under 5 years of age who are overweight (modelled estimates) (percent),6121,Value,2021,2021,%,3.7,X,
KEN,2022-01-01,2022-12-31,114,'404,Kenya,21041,Percentage of children under 5 years of age who are overweight (modelled estimates) (percent),6121,Value,2022,2022,%,3.8,X,
KEN,2023-01-01,2023-12-31,114,'404,Kenya,21041,Percentage of children under 5 years of age who are overweight (modelled estimates) (percent),6121,Value,2023,2023,%,4,X,
KEN,2024-01-01,2024-12-31,114,'404,Kenya,21041,Percentage of children under 5 years of age who are overweight (modelled estimates) (percent),6121,Value,2024,2024,%,4.3,X,
KEN,2000-01-01,2000-12-31,114,'404,Kenya,210410,Number of children under 5 years of age who are overweight (modeled estimates) (million),6132,Value,2000,2000,million No,0.4,X,
KEN,2001-01-01,2001-12-31,114,'404,Kenya,210410,Number of children under 5 years of age who are overweight (modeled estimates) (million),6132,Value,2001,2001,million No,0.4,X,
KEN,2002-01-01,2002-12-31,114,'404,Kenya,210410,Number of children under 5 years of age who are overweight (modeled estimates) (million),6132,Value,2002,2002,million No,0.4,X,
KEN,2003-01-01,2003-12-31,114,'404,Kenya,210410,Number of children under 5 years of age who are overweight (modeled estimates) (million),6132,Value,2003,2003,million No,0.4,X,
KEN,2004-01-01,2004-12-31,114,'404,Kenya,210410,Number of children under 5 years of age who are overweight (modeled estimates) (million),6132,Value,2004,2004,million No,0.4,X,
KEN,2005-01-01,2005-12-31,114,'404,Kenya,210410,Number of children under 5 years of age who are overweight (modeled estimates) (million),6132,Value,2005,2005,million No,0.4,X,
KEN,2006-01-01,2006-12-31,114,'404,Kenya,210410,Number of children under 5 years of age who are overweight (modeled estimates) (million),6132,Value,2006,2006,million No,0.4,X,
KEN,2007-01-01,2007-12-31,114,'404,Kenya,210410,Number of children under 5 years of age who are overweight (modeled estimates) (million),6132,Value,2007,2007,million No,0.4,X,
KEN,2008-01-01,2008-12-31,114,'404,Kenya,210410,Number of children under 5 years of age who are overweight (modeled estimates) (million),6132,Value,2008,2008,million No,0.4,X,
KEN,2009-01-01,2009-12-31,114,'404,Kenya,210410,Number of children under 5 years of age who are overweight (modeled estimates) (million),6132,Value,2009,2009,million No,0.4,X,
KEN,2010-01-01,2010-12-31,114,'404,Kenya,210410,Number of children under 5 years of age who are overweight (modeled estimates) (million),6132,Value,2010,2010,million No,0.4,X,
KEN,2011-01-01,2011-12-31,114,'404,Kenya,210410,Number of children under 5 years of age who are overweight (modeled estimates) (million),6132,Value,2011,2011,million No,0.4,X,
KEN,2012-01-01,2012-12-31,114,'404,Kenya,210410,Number of children under 5 years of age who are overweight (modeled estimates) (million),6132,Value,2012,2012,million No,0.4,X,
KEN,2013-01-01,2013-12-31,114,'404,Kenya,210410,Number of children under 5 years of age who are overweight (modeled estimates) (million),6132,Value,2013,2013,million No,0.3,X,
KEN,2014-01-01,2014-12-31,114,'404,Kenya,210410,Number of children under 5 years of age who are overweight (modeled estimates) (million),6132,Value,2014,2014,million No,0.3,X,
KEN,2015-01-01,2015-12-31,114,'404,Kenya,210410,Number of children under 5 years of age who are overweight (modeled estimates) (million),6132,Value,2015,2015,million No,0.3,X,
KEN,2016-01-01,2016-12-31,114,'404,Kenya,210410,Number of children under 5 years of age who are overweight (modeled estimates) (million),6132,Value,2016,2016,million No,0.3,X,
KEN,2017-01-01,2017-12-31,114,'404,Kenya,210410,Number of children under 5 years of age who are overweight (modeled estimates) (million),6132,Value,2017,2017,million No,0.3,X,
KEN,2018-01-01,2018-12-31,114,'404,Kenya,210410,Number of children under 5 years of age who are overweight (modeled estimates) (million),6132,Value,2018,2018,million No,0.3,X,
KEN,2019-01-01,2019-12-31,114,'404,Kenya,210410,Number of children under 5 years of age who are overweight (modeled estimates) (million),6132,Value,2019,2019,million No,0.3,X,
KEN,2020-01-01,2020-12-31,114,'404,Kenya,210410,Number of children under 5 years of age who are overweight (modeled estimates) (million),6132,Value,2020,2020,million No,0.3,X,
KEN,2021-01-01,2021-12-31,114,'404,Kenya,210410,Number of children under 5 years of age who are overweight (modeled estimates) (million),6132,Value,2021,2021,million No,0.3,X,
KEN,2022-01-01,2022-12-31,114,'404,Kenya,210410,Number of children under 5 years of age who are overweight (modeled estimates) (million),6132,Value,2022,2022,million No,0.3,X,
KEN,2023-01-01,2023-12-31,114,'404,Kenya,210410,Number of children under 5 years of age who are overweight (modeled estimates) (million),6132,Value,2023,2023,million No,0.3,X,
KEN,2024-01-01,2024-12-31,114,'404,Kenya,210410,Number of children under 5 years of age who are overweight (modeled estimates) (million),6132,Value,2024,2024,million No,0.3,X,
KEN,2000-01-01,2000-12-31,114,'404,Kenya,21042,Prevalence of obesity in the adult population (18 years and older) (percent),6121,Value,2000,2000,%,4.2,X,
KEN,2001-01-01,2001-12-31,114,'404,Kenya,21042,Prevalence of obesity in the adult population (18 years and older) (percent),6121,Value,2001,2001,%,4.4,X,
KEN,2002-01-01,2002-12-31,114,'404,Kenya,21042,Prevalence of obesity in the adult population (18 years and older) (percent),6121,Value,2002,2002,%,4.7,X,
KEN,2003-01-01,2003-12-31,114,'404,Kenya,21042,Prevalence of obesity in the adult population (18 years and older) (percent),6121,Value,2003,2003,%,4.9,X,
KEN,2004-01-01,2004-12-31,114,'404,Kenya,21042,Prevalence of obesity in the adult population (18 years and older) (percent),6121,Value,2004,2004,%,5.2,X,
KEN,2005-01-01,2005-12-31,114,'404,Kenya,21042,Prevalence of obesity in the adult population (18 years and older) (percent),6121,Value,2005,2005,%,5.5,X,
KEN,2006-01-01,2006-12-31,114,'404,Kenya,21042,Prevalence of obesity in the adult population (18 years and older) (percent),6121,Value,2006,2006,%,5.8,X,
KEN,2007-01-01,2007-12-31,114,'404,Kenya,21042,Prevalence of obesity in the adult population (18 years and older) (percent),6121,Value,2007,2007,%,6.1,X,
KEN,2008-01-01,2008-12-31,114,'404,Kenya,21042,Prevalence of obesity in the adult population (18 years and older) (percent),6121,Value,2008,2008,%,6.3,X,
KEN,2009-01-01,2009-12-31,114,'404,Kenya,21042,Prevalence of obesity in the adult population (18 years and older) (percent),6121,Value,2009,2009,%,6.6,X,
KEN,2010-01-01,2010-12-31,114,'404,Kenya,21042,Prevalence of obesity in the adult population (18 years and older) (percent),6121,Value,2010,2010,%,6.9,X,
KEN,2011-01-01,2011-12-31,114,'404,Kenya,21042,Prevalence of obesity in the adult population (18 years and older) (percent),6121,Value,2011,2011,%,7.2,X,
KEN,2012-01-01,2012-12-31,114,'404,Kenya,21042,Prevalence of obesity in the adult population (18 years and older) (percent),6121,Value,2012,2012,%,7.5,X,
KEN,2013-01-01,2013-12-31,114,'404,Kenya,21042,Prevalence of obesity in the adult population (18 years and older) (percent),6121,Value,2013,2013,%,7.8,X,
KEN,2014-01-01,2014-12-31,114,'404,Kenya,21042,Prevalence of obesity in the adult population (18 years and older) (percent),6121,Value,2014,2014,%,8.1,X,
KEN,2015-01-01,2015-12-31,114,'404,Kenya,21042,Prevalence of obesity in the adult population (18 years and older) (percent),6121,Value,2015,2015,%,8.4,X,
KEN,2016-01-01,2016-12-31,114,'404,Kenya,21042,Prevalence of obesity in the adult population (18 years and older) (percent),6121,Value,2016,2016,%,8.7,X,
KEN,2017-01-01,2017-12-31,114,'404,Kenya,21042,Prevalence of obesity in the adult population (18 years and older) (percent),6121,Value,2017,2017,%,9,X,
KEN,2018-01-01,2018-12-31,114,'404,Kenya,21042,Prevalence of obesity in the adult population (18 years and older) (percent),6121,Value,2018,2018,%,9.3,X,
KEN,2019-01-01,2019-12-31,114,'404,Kenya,21042,Prevalence of obesity in the adult population (18 years and older) (percent),6121,Value,2019,2019,%,9.6,X,
KEN,2020-01-01,2020-12-31,114,'404,Kenya,21042,Prevalence of obesity in the adult population (18 years and older) (percent),6121,Value,2020,2020,%,9.9,X,
KEN,2021-01-01,2021-12-31,114,'404,Kenya,21042,Prevalence of obesity in the adult population (18 years and older) (percent),6121,Value,2021,2021,%,10.2,X,
KEN,2022-01-01,2022-12-31,114,'404,Kenya,21042,Prevalence of obesity in the adult population (18 years and older) (percent),6121,Value,2022,2022,%,10.6,X,
KEN,2023-01-01,2023-12-31,114,'404,Kenya,21042,Prevalence of obesity in the adult population (18 years and older) (percent),6121,Value,2023,2023,%,10.9,X,
KEN,2024-01-01,2024-12-31,114,'404,Kenya,21042,Prevalence of obesity in the adult population (18 years and older) (percent),6121,Value,2024,2024,%,11.3,X,
KEN,2000-01-01,2000-12-31,114,'404,Kenya,210420,Number of obese adults (18 years and older) (million),6132,Value,2000,2000,million No,0.6,X,
KEN,2001-01-01,2001-12-31,114,'404,Kenya,210420,Number of obese adults (18 years and older) (million),6132,Value,2001,2001,million No,0.7,X,
KEN,2002-01-01,2002-12-31,114,'404,Kenya,210420,Number of obese adults (18 years and older) (million),6132,Value,2002,2002,million No,0.7,X,
KEN,2003-01-01,2003-12-31,114,'404,Kenya,210420,Number of obese adults (18 years and older) (million),6132,Value,2003,2003,million No,0.8,X,
KEN,2004-01-01,2004-12-31,114,'404,Kenya,210420,Number of obese adults (18 years and older) (million),6132,Value,2004,2004,million No,0.9,X,
KEN,2005-01-01,2005-12-31,114,'404,Kenya,210420,Number of obese adults (18 years and older) (million),6132,Value,2005,2005,million No,1,X,
KEN,2006-01-01,2006-12-31,114,'404,Kenya,210420,Number of obese adults (18 years and older) (million),6132,Value,2006,2006,million No,1,X,
KEN,2007-01-01,2007-12-31,114,'404,Kenya,210420,Number of obese adults (18 years and older) (million),6132,Value,2007,2007,million No,1.1,X,
KEN,2008-01-01,2008-12-31,114,'404,Kenya,210420,Number of obese adults (18 years and older) (million),6132,Value,2008,2008,million No,1.2,X,
KEN,2009-01-01,2009-12-31,114,'404,Kenya,210420,Number of obese adults (18 years and older) (million),6132,Value,2009,2009,million No,1.3,X,
KEN,2010-01-01,2010-12-31,114,'404,Kenya,210420,Number of obese adults (18 years and older) (million),6132,Value,2010,2010,million No,1.4,X,
KEN,2011-01-01,2011-12-31,114,'404,Kenya,210420,Number of obese adults (18 years and older) (million),6132,Value,2011,2011,million No,1.5,X,
KEN,2012-01-01,2012-12-31,114,'404,Kenya,210420,Number of obese adults (18 years and older) (million),6132,Value,2012,2012,million No,1.6,X,
KEN,2013-01-01,2013-12-31,114,'404,Kenya,210420,Number of obese adults (18 years and older) (million),6132,Value,2013,2013,million No,1.8,X,
KEN,2014-01-01,2014-12-31,114,'404,Kenya,210420,Number of obese adults (18 years and older) (million),6132,Value,2014,2014,million No,1.9,X,
KEN,2015-01-01,2015-12-31,114,'404,Kenya,210420,Number of obese adults (18 years and older) (million),6132,Value,2015,2015,million No,2,X,
KEN,2016-01-01,2016-12-31,114,'404,Kenya,210420,Number of obese adults (18 years and older) (million),6132,Value,2016,2016,million No,2.2,X,
KEN,2017-01-01,2017-12-31,114,'404,Kenya,210420,Number of obese adults (18 years and older) (million),6132,Value,2017,2017,million No,2.3,X,
KEN,2018-01-01,2018-12-31,114,'404,Kenya,210420,Number of obese adults (18 years and older) (million),6132,Value,2018,2018,million No,2.5,X,
KEN,2019-01-01,2019-12-31,114,'404,Kenya,210420,Number of obese adults (18 years and older) (million),6132,Value,2019,2019,million No,2.6,X,
KEN,2020-01-01,2020-12-31,114,'404,Kenya,210420,Number of obese adults (18 years and older) (million),6132,Value,2020,2020,million No,2.8,X,
KEN,2021-01-01,2021-12-31,114,'404,Kenya,210420,Number of obese adults (18 years and older) (million),6132,Value,2021,2021,million No,3,X,
KEN,2022-01-01,2022-12-31,114,'404,Kenya,210420,Number of obese adults (18 years and older) (million),6132,Value,2022,2022,million No,3.1,X,
KEN,2023-01-01,2023-12-31,114,'404,Kenya,210420,Number of obese adults (18 years and older) (million),6132,Value,2023,2023,million No,3.4,X,
KEN,2024-01-01,2024-12-31,114,'404,Kenya,210420,Number of obese adults (18 years and older) (million),6132,Value,2024,2024,million No,3.6,X,
KEN,2000-01-01,2000-12-31,114,'404,Kenya,21043,Prevalence of anemia among women of reproductive age (15-49 years) (percent),6121,Value,2000,2000,%,34.4,X,
KEN,2001-01-01,2001-12-31,114,'404,Kenya,21043,Prevalence of anemia among women of reproductive age (15-49 years) (percent),6121,Value,2001,2001,%,33.5,X,
KEN,2002-01-01,2002-12-31,114,'404,Kenya,21043,Prevalence of anemia among women of reproductive age (15-49 years) (percent),6121,Value,2002,2002,%,32.7,X,
KEN,2003-01-01,2003-12-31,114,'404,Kenya,21043,Prevalence of anemia among women of reproductive age (15-49 years) (percent),6121,Value,2003,2003,%,31.9,X,
KEN,2004-01-01,2004-12-31,114,'404,Kenya,21043,Prevalence of anemia among women of reproductive age (15-49 years) (percent),6121,Value,2004,2004,%,31.1,X,
KEN,2005-01-01,2005-12-31,114,'404,Kenya,21043,Prevalence of anemia among women of reproductive age (15-49 years) (percent),6121,Value,2005,2005,%,30.4,X,
KEN,2006-01-01,2006-12-31,114,'404,Kenya,21043,Prevalence of anemia among women of reproductive age (15-49 years) (percent),6121,Value,2006,2006,%,29.6,X,
KEN,2007-01-01,2007-12-31,114,'404,Kenya,21043,Prevalence of anemia among women of reproductive age (15-49 years) (percent),6121,Value,2007,2007,%,29,X,
KEN,2008-01-01,2008-12-31,114,'404,Kenya,21043,Prevalence of anemia among women of reproductive age (15-49 years) (percent),6121,Value,2008,2008,%,28.3,X,
KEN,2009-01-01,2009-12-31,114,'404,Kenya,21043,Prevalence of anemia among women of reproductive age (15-49 years) (percent),6121,Value,2009,2009,%,27.8,X,
KEN,2010-01-01,2010-12-31,114,'404,Kenya,21043,Prevalence of anemia among women of reproductive age (15-49 years) (percent),6121,Value,2010,2010,%,27.5,X,
KEN,2011-01-01,2011-12-31,114,'404,Kenya,21043,Prevalence of anemia among women of reproductive age (15-49 years) (percent),6121,Value,2011,2011,%,27.2,X,
KEN,2012-01-01,2012-12-31,114,'404,Kenya,21043,Prevalence of anemia among women of reproductive age (15-49 years) (percent),6121,Value,2012,2012,%,27.2,X,
KEN,2013-01-01,2013-12-31,114,'404,Kenya,21043,Prevalence of anemia among women of reproductive age (15-49 years) (percent),6121,Value,2013,2013,%,27.3,X,
KEN,2014-01-01,2014-12-31,114,'404,Kenya,21043,Prevalence of anemia among women of reproductive age (15-49 years) (percent),6121,Value,2014,2014,%,27.5,X,
KEN,2015-01-01,2015-12-31,114,'404,Kenya,21043,Prevalence of anemia among women of reproductive age (15-49 years) (percent),6121,Value,2015,2015,%,27.8,X,
KEN,2016-01-01,2016-12-31,114,'404,Kenya,21043,Prevalence of anemia among women of reproductive age (15-49 years) (percent),6121,Value,2016,2016,%,28.1,X,
KEN,2017-01-01,2017-12-31,114,'404,Kenya,21043,Prevalence of anemia among women of reproductive age (15-49 years) (percent),6121,Value,2017,2017,%,28.5,X,
KEN,2018-01-01,2018-12-31,114,'404,Kenya,21043,Prevalence of anemia among women of reproductive age (15-49 years) (percent),6121,Value,2018,2018,%,28.9,X,
KEN,2019-01-01,2019-12-31,114,'404,Kenya,21043,Prevalence of anemia among women of reproductive age (15-49 years) (percent),6121,Value,2019,2019,%,29.3,X,
KEN,2020-01-01,2020-12-31,114,'404,Kenya,21043,Prevalence of anemia among women of reproductive age (15-49 years) (percent),6121,Value,2020,2020,%,29.8,X,
KEN,2021-01-01,2021-12-31,114,'404,Kenya,21043,Prevalence of anemia among women of reproductive age (15-49 years) (percent),6121,Value,2021,2021,%,30.5,X,
KEN,2022-01-01,2022-12-31,114,'404,Kenya,21043,Prevalence of anemia among women of reproductive age (15-49 years) (percent),6121,Value,2022,2022,%,31.3,X,
KEN,2023-01-01,2023-12-31,114,'404,Kenya,21043,Prevalence of anemia among women of reproductive age (15-49 years) (percent),6121,Value,2023,2023,%,32.2,X,
KEN,2000-01-01,2000-12-31,114,'404,Kenya,210430,Number of women of reproductive age (15-49 years) affected by anemia (million),6132,Value,2000,2000,million No,2.5,X,
KEN,2001-01-01,2001-12-31,114,'404,Kenya,210430,Number of women of reproductive age (15-49 years) affected by anemia (million),6132,Value,2001,2001,million No,2.5,X,
KEN,2002-01-01,2002-12-31,114,'404,Kenya,210430,Number of women of reproductive age (15-49 years) affected by anemia (million),6132,Value,2002,2002,million No,2.6,X,
KEN,2003-01-01,2003-12-31,114,'404,Kenya,210430,Number of women of reproductive age (15-49 years) affected by anemia (million),6132,Value,2003,2003,million No,2.6,X,
KEN,2004-01-01,2004-12-31,114,'404,Kenya,210430,Number of women of reproductive age (15-49 years) affected by anemia (million),6132,Value,2004,2004,million No,2.6,X,
KEN,2005-01-01,2005-12-31,114,'404,Kenya,210430,Number of women of reproductive age (15-49 years) affected by anemia (million),6132,Value,2005,2005,million No,2.7,X,
KEN,2006-01-01,2006-12-31,114,'404,Kenya,210430,Number of women of reproductive age (15-49 years) affected by anemia (million),6132,Value,2006,2006,million No,2.7,X,
KEN,2007-01-01,2007-12-31,114,'404,Kenya,210430,Number of women of reproductive age (15-49 years) affected by anemia (million),6132,Value,2007,2007,million No,2.7,X,
KEN,2008-01-01,2008-12-31,114,'404,Kenya,210430,Number of women of reproductive age (15-49 years) affected by anemia (million),6132,Value,2008,2008,million No,2.7,X,
KEN,2009-01-01,2009-12-31,114,'404,Kenya,210430,Number of women of reproductive age (15-49 years) affected by anemia (million),6132,Value,2009,2009,million No,2.8,X,
KEN,2010-01-01,2010-12-31,114,'404,Kenya,210430,Number of women of reproductive age (15-49 years) affected by anemia (million),6132,Value,2010,2010,million No,2.8,X,
KEN,2011-01-01,2011-12-31,114,'404,Kenya,210430,Number of women of reproductive age (15-49 years) affected by anemia (million),6132,Value,2011,2011,million No,2.9,X,
KEN,2012-01-01,2012-12-31,114,'404,Kenya,210430,Number of women of reproductive age (15-49 years) affected by anemia (million),6132,Value,2012,2012,million No,2.9,X,
KEN,2013-01-01,2013-12-31,114,'404,Kenya,210430,Number of women of reproductive age (15-49 years) affected by anemia (million),6132,Value,2013,2013,million No,3,X,
KEN,2014-01-01,2014-12-31,114,'404,Kenya,210430,Number of women of reproductive age (15-49 years) affected by anemia (million),6132,Value,2014,2014,million No,3.1,X,
KEN,2015-01-01,2015-12-31,114,'404,Kenya,210430,Number of women of reproductive age (15-49 years) affected by anemia (million),6132,Value,2015,2015,million No,3.2,X,
KEN,2016-01-01,2016-12-31,114,'404,Kenya,210430,Number of women of reproductive age (15-49 years) affected by anemia (million),6132,Value,2016,2016,million No,3.4,X,
KEN,2017-01-01,2017-12-31,114,'404,Kenya,210430,Number of women of reproductive age (15-49 years) affected by anemia (million),6132,Value,2017,2017,million No,3.5,X,
KEN,2018-01-01,2018-12-31,114,'404,Kenya,210430,Number of women of reproductive age (15-49 years) affected by anemia (million),6132,Value,2018,2018,million No,3.7,X,
KEN,2019-01-01,2019-12-31,114,'404,Kenya,210430,Number of women of reproductive age (15-49 years) affected by anemia (million),6132,Value,2019,2019,million No,3.8,X,
KEN,2020-01-01,2020-12-31,114,'404,Kenya,210430,Number of women of reproductive age (15-49 years) affected by anemia (million),6132,Value,2020,2020,million No,4,X,
KEN,2021-01-01,2021-12-31,114,'404,Kenya,210430,Number of women of reproductive age (15-49 years) affected by anemia (million),6132,Value,2021,2021,million No,4.2,X,
KEN,2022-01-01,2022-12-31,114,'404,Kenya,210430,Number of women of reproductive age (15-49 years) affected by anemia (million),6132,Value,2022,2022,million No,4.4,X,
KEN,2023-01-01,2023-12-31,114,'404,Kenya,210430,Number of women of reproductive age (15-49 years) affected by anemia (million),6132,Value,2023,2023,million No,4.7,X,
KEN,2000-01-01,2000-12-31,114,'404,Kenya,21044,Prevalence of exclusive breastfeeding among infants 0-5 months of age (percent),6121,Value,2000,2000,%,13.8,X,
KEN,2003-01-01,2003-12-31,114,'404,Kenya,21044,Prevalence of exclusive breastfeeding among infants 0-5 months of age (percent),6121,Value,2003,2003,%,12.2,X,
KEN,2008-01-01,2008-12-31,114,'404,Kenya,21044,Prevalence of exclusive breastfeeding among infants 0-5 months of age (percent),6121,Value,2008,2008,%,31.9,X,
KEN,2014-01-01,2014-12-31,114,'404,Kenya,21044,Prevalence of exclusive breastfeeding among infants 0-5 months of age (percent),6121,Value,2014,2014,%,61.4,X,
KEN,2022-01-01,2022-12-31,114,'404,Kenya,21044,Prevalence of exclusive breastfeeding among infants 0-5 months of age (percent),6121,Value,2022,2022,%,59.7,X,
KEN,2000-01-01,2000-12-31,114,'404,Kenya,21049,Prevalence of low birthweight (percent),6121,Value,2000,2000,%,11.7,X,
KEN,2001-01-01,2001-12-31,114,'404,Kenya,21049,Prevalence of low birthweight (percent),6121,Value,2001,2001,%,11.6,X,
KEN,2002-01-01,2002-12-31,114,'404,Kenya,21049,Prevalence of low birthweight (percent),6121,Value,2002,2002,%,11.5,X,
KEN,2003-01-01,2003-12-31,114,'404,Kenya,21049,Prevalence of low birthweight (percent),6121,Value,2003,2003,%,11.5,X,
KEN,2004-01-01,2004-12-31,114,'404,Kenya,21049,Prevalence of low birthweight (percent),6121,Value,2004,2004,%,11.4,X,
KEN,2005-01-01,2005-12-31,114,'404,Kenya,21049,Prevalence of low birthweight (percent),6121,Value,2005,2005,%,11.3,X,
KEN,2006-01-01,2006-12-31,114,'404,Kenya,21049,Prevalence of low birthweight (percent),6121,Value,2006,2006,%,11.2,X,
KEN,2007-01-01,2007-12-31,114,'404,Kenya,21049,Prevalence of low birthweight (percent),6121,Value,2007,2007,%,11.1,X,
KEN,2008-01-01,2008-12-31,114,'404,Kenya,21049,Prevalence of low birthweight (percent),6121,Value,2008,2008,%,11,X,
KEN,2009-01-01,2009-12-31,114,'404,Kenya,21049,Prevalence of low birthweight (percent),6121,Value,2009,2009,%,10.9,X,
KEN,2010-01-01,2010-12-31,114,'404,Kenya,21049,Prevalence of low birthweight (percent),6121,Value,2010,2010,%,10.9,X,
KEN,2011-01-01,2011-12-31,114,'404,Kenya,21049,Prevalence of low birthweight (percent),6121,Value,2011,2011,%,10.8,X,
KEN,2012-01-01,2012-12-31,114,'404,Kenya,21049,Prevalence of low birthweight (percent),6121,Value,2012,2012,%,10.8,X,
KEN,2013-01-01,2013-12-31,114,'404,Kenya,21049,Prevalence of low birthweight (percent),6121,Value,2013,2013,%,10.7,X,
KEN,2014-01-01,2014-12-31,114,'404,Kenya,21049,Prevalence of low birthweight (percent),6121,Value,2014,2014,%,10.6,X,
KEN,2015-01-01,2015-12-31,114,'404,Kenya,21049,Prevalence of low birthweight (percent),6121,Value,2015,2015,%,10.6,X,
KEN,2016-01-01,2016-12-31,114,'404,Kenya,21049,Prevalence of low birthweight (percent),6121,Value,2016,2016,%,10.5,X,
KEN,2017-01-01,2017-12-31,114,'404,Kenya,21049,Prevalence of low birthweight (percent),6121,Value,2017,2017,%,10.3,X,
KEN,2018-01-01,2018-12-31,114,'404,Kenya,21049,Prevalence of low birthweight (percent),6121,Value,2018,2018,%,10.2,X,
KEN,2019-01-01,2019-12-31,114,'404,Kenya,21049,Prevalence of low birthweight (percent),6121,Value,2019,2019,%,10.1,X,
KEN,2020-01-01,2020-12-31,114,'404,Kenya,21049,Prevalence of low birthweight (percent),6121,Value,2020,2020,%,10,X,
KEN,2000-01-01,2000-12-31,114,'404,Kenya,210490,Number of newborns with low birthweight (million),6132,Value,2000,2000,million No,0.1,X,
KEN,2001-01-01,2001-12-31,114,'404,Kenya,210490,Number of newborns with low birthweight (million),6132,Value,2001,2001,million No,0.1,X,
KEN,2002-01-01,2002-12-31,114,'404,Kenya,210490,Number of newborns with low birthweight (million),6132,Value,2002,2002,million No,0.1,X,
KEN,2003-01-01,2003-12-31,114,'404,Kenya,210490,Number of newborns with low birthweight (million),6132,Value,2003,2003,million No,0.2,X,
KEN,2004-01-01,2004-12-31,114,'404,Kenya,210490,Number of newborns with low birthweight (million),6132,Value,2004,2004,million No,0.2,X,
KEN,2005-01-01,2005-12-31,114,'404,Kenya,210490,Number of newborns with low birthweight (million),6132,Value,2005,2005,million No,0.2,X,
KEN,2006-01-01,2006-12-31,114,'404,Kenya,210490,Number of newborns with low birthweight (million),6132,Value,2006,2006,million No,0.2,X,
KEN,2007-01-01,2007-12-31,114,'404,Kenya,210490,Number of newborns with low birthweight (million),6132,Value,2007,2007,million No,0.2,X,
KEN,2008-01-01,2008-12-31,114,'404,Kenya,210490,Number of newborns with low birthweight (million),6132,Value,2008,2008,million No,0.2,X,
KEN,2009-01-01,2009-12-31,114,'404,Kenya,210490,Number of newborns with low birthweight (million),6132,Value,2009,2009,million No,0.2,X,
KEN,2010-01-01,2010-12-31,114,'404,Kenya,210490,Number of newborns with low birthweight (million),6132,Value,2010,2010,million No,0.2,X,
KEN,2011-01-01,2011-12-31,114,'404,Kenya,210490,Number of newborns with low birthweight (million),6132,Value,2011,2011,million No,0.2,X,
KEN,2012-01-01,2012-12-31,114,'404,Kenya,210490,Number of newborns with low birthweight (million),6132,Value,2012,2012,million No,0.2,X,
KEN,2013-01-01,2013-12-31,114,'404,Kenya,210490,Number of newborns with low birthweight (million),6132,Value,2013,2013,million No,0.2,X,
KEN,2014-01-01,2014-12-31,114,'404,Kenya,210490,Number of newborns with low birthweight (million),6132,Value,2014,2014,million No,0.2,X,
KEN,2015-01-01,2015-12-31,114,'404,Kenya,210490,Number of newborns with low birthweight (million),6132,Value,2015,2015,million No,0.2,X,
KEN,2016-01-01,2016-12-31,114,'404,Kenya,210490,Number of newborns with low birthweight (million),6132,Value,2016,2016,million No,0.2,X,
KEN,2017-01-01,2017-12-31,114,'404,Kenya,210490,Number of newborns with low birthweight (million),6132,Value,2017,2017,million No,0.2,X,
KEN,2018-01-01,2018-12-31,114,'404,Kenya,210490,Number of newborns with low birthweight (million),6132,Value,2018,2018,million No,0.1,X,
KEN,2019-01-01,2019-12-31,114,'404,Kenya,210490,Number of newborns with low birthweight (million),6132,Value,2019,2019,million No,0.1,X,
KEN,2020-01-01,2020-12-31,114,'404,Kenya,210490,Number of newborns with low birthweight (million),6132,Value,2020,2020,million No,0.1,X,
KEN,2000-01-01,2000-12-31,114,'404,Kenya,21056,Minimum dietary energy requirement (kcal/cap/day),6128,Value,2000,2000,kcal/cap/d,1665,E,
KEN,2001-01-01,2001-12-31,114,'404,Kenya,21056,Minimum dietary energy requirement (kcal/cap/day),6128,Value,2001,2001,kcal/cap/d,1668,E,
KEN,2002-01-01,2002-12-31,114,'404,Kenya,21056,Minimum dietary energy requirement (kcal/cap/day),6128,Value,2002,2002,kcal/cap/d,1671,E,
KEN,2003-01-01,2003-12-31,114,'404,Kenya,21056,Minimum dietary energy requirement (kcal/cap/day),6128,Value,2003,2003,kcal/cap/d,1673,E,
KEN,2004-01-01,2004-12-31,114,'404,Kenya,21056,Minimum dietary energy requirement (kcal/cap/day),6128,Value,2004,2004,kcal/cap/d,1675,E,
KEN,2005-01-01,2005-12-31,114,'404,Kenya,21056,Minimum dietary energy requirement (kcal/cap/day),6128,Value,2005,2005,kcal/cap/d,1678,E,
KEN,2006-01-01,2006-12-31,114,'404,Kenya,21056,Minimum dietary energy requirement (kcal/cap/day),6128,Value,2006,2006,kcal/cap/d,1681,E,
KEN,2007-01-01,2007-12-31,114,'404,Kenya,21056,Minimum dietary energy requirement (kcal/cap/day),6128,Value,2007,2007,kcal/cap/d,1684,E,
KEN,2008-01-01,2008-12-31,114,'404,Kenya,21056,Minimum dietary energy requirement (kcal/cap/day),6128,Value,2008,2008,kcal/cap/d,1687,E,
KEN,2009-01-01,2009-12-31,114,'404,Kenya,21056,Minimum dietary energy requirement (kcal/cap/day),6128,Value,2009,2009,kcal/cap/d,1690,E,
KEN,2010-01-01,2010-12-31,114,'404,Kenya,21056,Minimum dietary energy requirement (kcal/cap/day),6128,Value,2010,2010,kcal/cap/d,1693,E,
KEN,2011-01-01,2011-12-31,114,'404,Kenya,21056,Minimum dietary energy requirement (kcal/cap/day),6128,Value,2011,2011,kcal/cap/d,1697,E,
KEN,2012-01-01,2012-12-31,114,'404,Kenya,21056,Minimum dietary energy requirement (kcal/cap/day),6128,Value,2012,2012,kcal/cap/d,1702,E,
KEN,2013-01-01,2013-12-31,114,'404,Kenya,21056,Minimum dietary energy requirement (kcal/cap/day),6128,Value,2013,2013,kcal/cap/d,1708,E,
KEN,2014-01-01,2014-12-31,114,'404,Kenya,21056,Minimum dietary energy requirement (kcal/cap/day),6128,Value,2014,2014,kcal/cap/d,1714,E,
KEN,2015-01-01,2015-12-31,114,'404,Kenya,21056,Minimum dietary energy requirement (kcal/cap/day),6128,Value,2015,2015,kcal/cap/d,1725,E,
KEN,2016-01-01,2016-12-31,114,'404,Kenya,21056,Minimum dietary energy requirement (kcal/cap/day),6128,Value,2016,2016,kcal/cap/d,1735,E,
KEN,2017-01-01,2017-12-31,114,'404,Kenya,21056,Minimum dietary energy requirement (kcal/cap/day),6128,Value,2017,2017,kcal/cap/d,1745,E,
KEN,2018-01-01,2018-12-31,114,'404,Kenya,21056,Minimum dietary energy requirement (kcal/cap/day),6128,Value,2018,2018,kcal/cap/d,1756,E,
KEN,2019-01-01,2019-12-31,114,'404,Kenya,21056,Minimum dietary energy requirement (kcal/cap/day),6128,Value,2019,2019,kcal/cap/d,1766,E,
KEN,2020-01-01,2020-12-31,114,'404,Kenya,21056,Minimum dietary energy requirement (kcal/cap/day),6128,Value,2020,2020,kcal/cap/d,1777,E,
KEN,2021-01-01,2021-12-31,114,'404,Kenya,21056,Minimum dietary energy requirement (kcal/cap/day),6128,Value,2021,2021,kcal/cap/d,1787,E,
KEN,2022-01-01,2022-12-31,114,'404,Kenya,21056,Minimum dietary energy requirement (kcal/cap/day),6128,Value,2022,2022,kcal/cap/d,1797,E,
KEN,2023-01-01,2023-12-31,114,'404,Kenya,21056,Minimum dietary energy requirement (kcal/cap/day),6128,Value,2023,2023,kcal/cap/d,1802,E,
KEN,2024-01-01,2024-12-31,114,'404,Kenya,21056,Minimum dietary energy requirement (kcal/cap/day),6128,Value,2024,2024,kcal/cap/d,1806,E,
KEN,2025-01-01,2025-12-31,114,'404,Kenya,21056,Minimum dietary energy requirement (kcal/cap/day),6128,Value,2025,2025,kcal/cap/d,1809,E,
KEN,2000-01-01,2000-12-31,114,'404,Kenya,21057,Average dietary energy requirement (kcal/cap/day),6128,Value,2000,2000,kcal/cap/d,2143,E,
KEN,2001-01-01,2001-12-31,114,'404,Kenya,21057,Average dietary energy requirement (kcal/cap/day),6128,Value,2001,2001,kcal/cap/d,2147,E,
KEN,2002-01-01,2002-12-31,114,'404,Kenya,21057,Average dietary energy requirement (kcal/cap/day),6128,Value,2002,2002,kcal/cap/d,2150,E,
KEN,2003-01-01,2003-12-31,114,'404,Kenya,21057,Average dietary energy requirement (kcal/cap/day),6128,Value,2003,2003,kcal/cap/d,2153,E,
KEN,2004-01-01,2004-12-31,114,'404,Kenya,21057,Average dietary energy requirement (kcal/cap/day),6128,Value,2004,2004,kcal/cap/d,2156,E,
KEN,2005-01-01,2005-12-31,114,'404,Kenya,21057,Average dietary energy requirement (kcal/cap/day),6128,Value,2005,2005,kcal/cap/d,2160,E,
KEN,2006-01-01,2006-12-31,114,'404,Kenya,21057,Average dietary energy requirement (kcal/cap/day),6128,Value,2006,2006,kcal/cap/d,2164,E,
KEN,2007-01-01,2007-12-31,114,'404,Kenya,21057,Average dietary energy requirement (kcal/cap/day),6128,Value,2007,2007,kcal/cap/d,2167,E,
KEN,2008-01-01,2008-12-31,114,'404,Kenya,21057,Average dietary energy requirement (kcal/cap/day),6128,Value,2008,2008,kcal/cap/d,2170,E,
KEN,2009-01-01,2009-12-31,114,'404,Kenya,21057,Average dietary energy requirement (kcal/cap/day),6128,Value,2009,2009,kcal/cap/d,2174,E,
KEN,2010-01-01,2010-12-31,114,'404,Kenya,21057,Average dietary energy requirement (kcal/cap/day),6128,Value,2010,2010,kcal/cap/d,2178,E,
KEN,2011-01-01,2011-12-31,114,'404,Kenya,21057,Average dietary energy requirement (kcal/cap/day),6128,Value,2011,2011,kcal/cap/d,2183,E,
KEN,2012-01-01,2012-12-31,114,'404,Kenya,21057,Average dietary energy requirement (kcal/cap/day),6128,Value,2012,2012,kcal/cap/d,2189,E,
KEN,2013-01-01,2013-12-31,114,'404,Kenya,21057,Average dietary energy requirement (kcal/cap/day),6128,Value,2013,2013,kcal/cap/d,2197,E,
KEN,2014-01-01,2014-12-31,114,'404,Kenya,21057,Average dietary energy requirement (kcal/cap/day),6128,Value,2014,2014,kcal/cap/d,2206,E,
KEN,2015-01-01,2015-12-31,114,'404,Kenya,21057,Average dietary energy requirement (kcal/cap/day),6128,Value,2015,2015,kcal/cap/d,2220,E,
KEN,2016-01-01,2016-12-31,114,'404,Kenya,21057,Average dietary energy requirement (kcal/cap/day),6128,Value,2016,2016,kcal/cap/d,2234,E,
KEN,2017-01-01,2017-12-31,114,'404,Kenya,21057,Average dietary energy requirement (kcal/cap/day),6128,Value,2017,2017,kcal/cap/d,2249,E,
KEN,2018-01-01,2018-12-31,114,'404,Kenya,21057,Average dietary energy requirement (kcal/cap/day),6128,Value,2018,2018,kcal/cap/d,2264,E,
KEN,2019-01-01,2019-12-31,114,'404,Kenya,21057,Average dietary energy requirement (kcal/cap/day),6128,Value,2019,2019,kcal/cap/d,2279,E,
KEN,2020-01-01,2020-12-31,114,'404,Kenya,21057,Average dietary energy requirement (kcal/cap/day),6128,Value,2020,2020,kcal/cap/d,2294,E,
KEN,2021-01-01,2021-12-31,114,'404,Kenya,21057,Average dietary energy requirement (kcal/cap/day),6128,Value,2021,2021,kcal/cap/d,2309,E,
KEN,2022-01-01,2022-12-31,114,'404,Kenya,21057,Average dietary energy requirement (kcal/cap/day),6128,Value,2022,2022,kcal/cap/d,2323,E,
KEN,2023-01-01,2023-12-31,114,'404,Kenya,21057,Average dietary energy requirement (kcal/cap/day),6128,Value,2023,2023,kcal/cap/d,2330,E,
KEN,2024-01-01,2024-12-31,114,'404,Kenya,21057,Average dietary energy requirement (kcal/cap/day),6128,Value,2024,2024,kcal/cap/d,2335,E,
KEN,2025-01-01,2025-12-31,114,'404,Kenya,21057,Average dietary energy requirement (kcal/cap/day),6128,Value,2025,2025,kcal/cap/d,2340,E,
KEN,2001-01-01,2001-12-31,114,'404,Kenya,21058,Coefficient of variation of habitual caloric consumption distribution (real number),6173,Value,2001,2001,No,0.25,E,
KEN,2002-01-01,2002-12-31,114,'404,Kenya,21058,Coefficient of variation of habitual caloric consumption distribution (real number),6173,Value,2002,2002,No,0.25,E,
KEN,2003-01-01,2003-12-31,114,'404,Kenya,21058,Coefficient of variation of habitual caloric consumption distribution (real number),6173,Value,2003,2003,No,0.25,E,
KEN,2004-01-01,2004-12-31,114,'404,Kenya,21058,Coefficient of variation of habitual caloric consumption distribution (real number),6173,Value,2004,2004,No,0.25,E,
KEN,2005-01-01,2005-12-31,114,'404,Kenya,21058,Coefficient of variation of habitual caloric consumption distribution (real number),6173,Value,2005,2005,No,0.25,E,
KEN,2006-01-01,2006-12-31,114,'404,Kenya,21058,Coefficient of variation of habitual caloric consumption distribution (real number),6173,Value,2006,2006,No,0.24,E,
KEN,2007-01-01,2007-12-31,114,'404,Kenya,21058,Coefficient of variation of habitual caloric consumption distribution (real number),6173,Value,2007,2007,No,0.24,E,
KEN,2008-01-01,2008-12-31,114,'404,Kenya,21058,Coefficient of variation of habitual caloric consumption distribution (real number),6173,Value,2008,2008,No,0.24,E,
KEN,2009-01-01,2009-12-31,114,'404,Kenya,21058,Coefficient of variation of habitual caloric consumption distribution (real number),6173,Value,2009,2009,No,0.24,E,
KEN,2010-01-01,2010-12-31,114,'404,Kenya,21058,Coefficient of variation of habitual caloric consumption distribution (real number),6173,Value,2010,2010,No,0.24,E,
KEN,2011-01-01,2011-12-31,114,'404,Kenya,21058,Coefficient of variation of habitual caloric consumption distribution (real number),6173,Value,2011,2011,No,0.24,E,
KEN,2012-01-01,2012-12-31,114,'404,Kenya,21058,Coefficient of variation of habitual caloric consumption distribution (real number),6173,Value,2012,2012,No,0.24,E,
KEN,2013-01-01,2013-12-31,114,'404,Kenya,21058,Coefficient of variation of habitual caloric consumption distribution (real number),6173,Value,2013,2013,No,0.24,E,
KEN,2014-01-01,2014-12-31,114,'404,Kenya,21058,Coefficient of variation of habitual caloric consumption distribution (real number),6173,Value,2014,2014,No,0.24,E,
KEN,2015-01-01,2015-12-31,114,'404,Kenya,21058,Coefficient of variation of habitual caloric consumption distribution (real number),6173,Value,2015,2015,No,0.24,E,
KEN,2016-01-01,2016-12-31,114,'404,Kenya,21058,Coefficient of variation of habitual caloric consumption distribution (real number),6173,Value,2016,2016,No,0.24,E,
KEN,2017-01-01,2017-12-31,114,'404,Kenya,21058,Coefficient of variation of habitual caloric consumption distribution (real number),6173,Value,2017,2017,No,0.25,E,
KEN,2018-01-01,2018-12-31,114,'404,Kenya,21058,Coefficient of variation of habitual caloric consumption distribution (real number),6173,Value,2018,2018,No,0.26,E,
KEN,2019-01-01,2019-12-31,114,'404,Kenya,21058,Coefficient of variation of habitual caloric consumption distribution (real number),6173,Value,2019,2019,No,0.26,E,
KEN,2020-01-01,2020-12-31,114,'404,Kenya,21058,Coefficient of variation of habitual caloric consumption distribution (real number),6173,Value,2020,2020,No,0.29,E,
KEN,2021-01-01,2021-12-31,114,'404,Kenya,21058,Coefficient of variation of habitual caloric consumption distribution (real number),6173,Value,2021,2021,No,0.29,E,
KEN,2022-01-01,2022-12-31,114,'404,Kenya,21058,Coefficient of variation of habitual caloric consumption distribution (real number),6173,Value,2022,2022,No,0.3,E,
KEN,2023-01-01,2023-12-31,114,'404,Kenya,21058,Coefficient of variation of habitual caloric consumption distribution (real number),6173,Value,2023,2023,No,0.3,E,
KEN,2024-01-01,2024-12-31,114,'404,Kenya,21058,Coefficient of variation of habitual caloric consumption distribution (real number),6173,Value,2024,2024,No,0.29,E,
KEN,2000-01-01,2000-12-31,114,'404,Kenya,21059,Incidence of caloric losses at retail distribution level (percent),6121,Value,2000,2000,%,3.38,E,
KEN,2001-01-01,2001-12-31,114,'404,Kenya,21059,Incidence of caloric losses at retail distribution level (percent),6121,Value,2001,2001,%,3.5,E,
KEN,2002-01-01,2002-12-31,114,'404,Kenya,21059,Incidence of caloric losses at retail distribution level (percent),6121,Value,2002,2002,%,3.53,E,
KEN,2003-01-01,2003-12-31,114,'404,Kenya,21059,Incidence of caloric losses at retail distribution level (percent),6121,Value,2003,2003,%,3.46,E,
KEN,2004-01-01,2004-12-31,114,'404,Kenya,21059,Incidence of caloric losses at retail distribution level (percent),6121,Value,2004,2004,%,3.56,E,
KEN,2005-01-01,2005-12-31,114,'404,Kenya,21059,Incidence of caloric losses at retail distribution level (percent),6121,Value,2005,2005,%,3.65,E,
KEN,2006-01-01,2006-12-31,114,'404,Kenya,21059,Incidence of caloric losses at retail distribution level (percent),6121,Value,2006,2006,%,3.61,E,
KEN,2007-01-01,2007-12-31,114,'404,Kenya,21059,Incidence of caloric losses at retail distribution level (percent),6121,Value,2007,2007,%,3.5,E,
KEN,2008-01-01,2008-12-31,114,'404,Kenya,21059,Incidence of caloric losses at retail distribution level (percent),6121,Value,2008,2008,%,3.73,E,
KEN,2009-01-01,2009-12-31,114,'404,Kenya,21059,Incidence of caloric losses at retail distribution level (percent),6121,Value,2009,2009,%,3.72,E,
KEN,2010-01-01,2010-12-31,114,'404,Kenya,21059,Incidence of caloric losses at retail distribution level (percent),6121,Value,2010,2010,%,3.72,E,
KEN,2011-01-01,2011-12-31,114,'404,Kenya,21059,Incidence of caloric losses at retail distribution level (percent),6121,Value,2011,2011,%,3.59,E,
KEN,2012-01-01,2012-12-31,114,'404,Kenya,21059,Incidence of caloric losses at retail distribution level (percent),6121,Value,2012,2012,%,3.58,E,
KEN,2013-01-01,2013-12-31,114,'404,Kenya,21059,Incidence of caloric losses at retail distribution level (percent),6121,Value,2013,2013,%,3.46,E,
KEN,2014-01-01,2014-12-31,114,'404,Kenya,21059,Incidence of caloric losses at retail distribution level (percent),6121,Value,2014,2014,%,3.57,E,
KEN,2015-01-01,2015-12-31,114,'404,Kenya,21059,Incidence of caloric losses at retail distribution level (percent),6121,Value,2015,2015,%,3.41,E,
KEN,2016-01-01,2016-12-31,114,'404,Kenya,21059,Incidence of caloric losses at retail distribution level (percent),6121,Value,2016,2016,%,3.49,E,
KEN,2017-01-01,2017-12-31,114,'404,Kenya,21059,Incidence of caloric losses at retail distribution level (percent),6121,Value,2017,2017,%,3.39,E,
KEN,2018-01-01,2018-12-31,114,'404,Kenya,21059,Incidence of caloric losses at retail distribution level (percent),6121,Value,2018,2018,%,3.43,E,
KEN,2019-01-01,2019-12-31,114,'404,Kenya,21059,Incidence of caloric losses at retail distribution level (percent),6121,Value,2019,2019,%,3.47,E,
KEN,2020-01-01,2020-12-31,114,'404,Kenya,21059,Incidence of caloric losses at retail distribution level (percent),6121,Value,2020,2020,%,3.43,E,
KEN,2021-01-01,2021-12-31,114,'404,Kenya,21059,Incidence of caloric losses at retail distribution level (percent),6121,Value,2021,2021,%,3.51,E,
KEN,2022-01-01,2022-12-31,114,'404,Kenya,21059,Incidence of caloric losses at retail distribution level (percent),6121,Value,2022,2022,%,3.58,E,
KEN,2023-01-01,2023-12-31,114,'404,Kenya,21059,Incidence of caloric losses at retail distribution level (percent),6121,Value,2023,2023,%,3.8,E,
KEN,2024-01-01,2024-12-31,114,'404,Kenya,21059,Incidence of caloric losses at retail distribution level (percent),6121,Value,2024,2024,%,3.8,E,
KEN,2025-01-01,2025-12-31,114,'404,Kenya,21059,Incidence of caloric losses at retail distribution level (percent),6121,Value,2025,2025,%,3.8,E,
KEN,2000-01-01,2002-12-31,114,'404,Kenya,21061,Average fat supply (g/cap/day) (3-year average),6123,Value,20002002,2002,g/cap/d,46.5,E,
KEN,2001-01-01,2003-12-31,114,'404,Kenya,21061,Average fat supply (g/cap/day) (3-year average),6123,Value,20012003,2003,g/cap/d,46.4,E,
KEN,2002-01-01,2004-12-31,114,'404,Kenya,21061,Average fat supply (g/cap/day) (3-year average),6123,Value,20022004,2004,g/cap/d,46.6,E,
KEN,2003-01-01,2005-12-31,114,'404,Kenya,21061,Average fat supply (g/cap/day) (3-year average),6123,Value,20032005,2005,g/cap/d,47.5,E,
KEN,2004-01-01,2006-12-31,114,'404,Kenya,21061,Average fat supply (g/cap/day) (3-year average),6123,Value,20042006,2006,g/cap/d,48.3,E,
KEN,2005-01-01,2007-12-31,114,'404,Kenya,21061,Average fat supply (g/cap/day) (3-year average),6123,Value,20052007,2007,g/cap/d,48.7,E,
KEN,2006-01-01,2008-12-31,114,'404,Kenya,21061,Average fat supply (g/cap/day) (3-year average),6123,Value,20062008,2008,g/cap/d,48.5,E,
KEN,2007-01-01,2009-12-31,114,'404,Kenya,21061,Average fat supply (g/cap/day) (3-year average),6123,Value,20072009,2009,g/cap/d,49.8,E,
KEN,2008-01-01,2010-12-31,114,'404,Kenya,21061,Average fat supply (g/cap/day) (3-year average),6123,Value,20082010,2010,g/cap/d,51.6,E,
KEN,2009-01-01,2011-12-31,114,'404,Kenya,21061,Average fat supply (g/cap/day) (3-year average),6123,Value,20092011,2011,g/cap/d,50.5,E,
KEN,2010-01-01,2012-12-31,114,'404,Kenya,21061,Average fat supply (g/cap/day) (3-year average),6123,Value,20102012,2012,g/cap/d,47.8,E,
KEN,2011-01-01,2013-12-31,114,'404,Kenya,21061,Average fat supply (g/cap/day) (3-year average),6123,Value,20112013,2013,g/cap/d,47.8,E,
KEN,2012-01-01,2014-12-31,114,'404,Kenya,21061,Average fat supply (g/cap/day) (3-year average),6123,Value,20122014,2014,g/cap/d,47.9,E,
KEN,2013-01-01,2015-12-31,114,'404,Kenya,21061,Average fat supply (g/cap/day) (3-year average),6123,Value,20132015,2015,g/cap/d,48,E,
KEN,2014-01-01,2016-12-31,114,'404,Kenya,21061,Average fat supply (g/cap/day) (3-year average),6123,Value,20142016,2016,g/cap/d,44.5,E,
KEN,2015-01-01,2017-12-31,114,'404,Kenya,21061,Average fat supply (g/cap/day) (3-year average),6123,Value,20152017,2017,g/cap/d,45.7,E,
KEN,2016-01-01,2018-12-31,114,'404,Kenya,21061,Average fat supply (g/cap/day) (3-year average),6123,Value,20162018,2018,g/cap/d,47.4,E,
KEN,2017-01-01,2019-12-31,114,'404,Kenya,21061,Average fat supply (g/cap/day) (3-year average),6123,Value,20172019,2019,g/cap/d,49.2,E,
KEN,2018-01-01,2020-12-31,114,'404,Kenya,21061,Average fat supply (g/cap/day) (3-year average),6123,Value,20182020,2020,g/cap/d,51.3,E,
KEN,2019-01-01,2021-12-31,114,'404,Kenya,21061,Average fat supply (g/cap/day) (3-year average),6123,Value,20192021,2021,g/cap/d,52.2,E,
KEN,2020-01-01,2022-12-31,114,'404,Kenya,21061,Average fat supply (g/cap/day) (3-year average),6123,Value,20202022,2022,g/cap/d,52.9,E,
KEN,2021-01-01,2023-12-31,114,'404,Kenya,21061,Average fat supply (g/cap/day) (3-year average),6123,Value,20212023,2023,g/cap/d,50.7,E,
