ISO3,Location,DataId,Indicator,Value,Precision,DHS_CountryCode,CountryName,SurveyYear,SurveyId,IndicatorId,IndicatorOrder,IndicatorType,CharacteristicId,CharacteristicOrder,CharacteristicCategory,CharacteristicLabel,ByVariableId,ByVariableLabel,IsTotal,IsPreferred,SDRID,RegionId,SurveyYearLabel,SurveyType,DenominatorWeighted,DenominatorUnweighted,CILow,CIHigh,LevelRank
KEN,Coast,1443123,Children stunted,48.1,1,KE,Kenya,1993,KE1993DHS,CN_NUTS_C_HA2,104236020,I,416003,1416010,Region,Coast,0,,0,1,CNNUTSCHA2,KEDHS1993416003,1993,DHS,376,565,,,1
KEN,Eastern,5700256,Children stunted,47.6,1,KE,Kenya,1993,KE1993DHS,CN_NUTS_C_HA2,104236020,I,416004,1416030,Region,Eastern,0,,0,1,CNNUTSCHA2,KEDHS1993416004,1993,DHS,980,725,,,1
KEN,Central,6374382,Children stunted,37.5,1,KE,Kenya,1993,KE1993DHS,CN_NUTS_C_HA2,104236020,I,416002,1416040,Region,Central,0,,0,1,CNNUTSCHA2,KEDHS1993416002,1993,DHS,599,582,,,1
KEN,Rift Valley,5714808,Children stunted,34.9,1,KE,Kenya,1993,KE1993DHS,CN_NUTS_C_HA2,104236020,I,416006,1416050,Region,Rift Valley,0,,0,1,CNNUTSCHA2,KEDHS1993416006,1993,DHS,1038,1243,,,1
KEN,Western,5433800,Children stunted,36.7,1,KE,Kenya,1993,KE1993DHS,CN_NUTS_C_HA2,104236020,I,416007,1416070,Region,Western,0,,0,1,CNNUTSCHA2,KEDHS1993416007,1993,DHS,828,744,,,1
KEN,Nyanza,884709,Children stunted,39.4,1,KE,Kenya,1993,KE1993DHS,CN_NUTS_C_HA2,104236020,I,416005,1416080,Region,Nyanza,0,,0,1,CNNUTSCHA2,KEDHS1993416005,1993,DHS,773,852,,,1
KEN,Nairobi,4950466,Children stunted,32.2,1,KE,Kenya,1993,KE1993DHS,CN_NUTS_C_HA2,104236020,I,416001,1416090,Region,Nairobi,0,,0,1,CNNUTSCHA2,KEDHS1993416001,1993,DHS,163,118,,,1
KEN,Coast,1586365,Children wasted,11.9,1,KE,Kenya,1993,KE1993DHS,CN_NUTS_C_WH2,104236050,I,416003,1416010,Region,Coast,0,,0,1,CNNUTSCWH2,KEDHS1993416003,1993,DHS,376,565,,,1
KEN,Eastern,4155201,Children wasted,7.8,1,KE,Kenya,1993,KE1993DHS,CN_NUTS_C_WH2,104236050,I,416004,1416030,Region,Eastern,0,,0,1,CNNUTSCWH2,KEDHS1993416004,1993,DHS,980,725,,,1
KEN,Central,1623526,Children wasted,4.9,1,KE,Kenya,1993,KE1993DHS,CN_NUTS_C_WH2,104236050,I,416002,1416040,Region,Central,0,,0,1,CNNUTSCWH2,KEDHS1993416002,1993,DHS,599,582,,,1
KEN,Rift Valley,423786,Children wasted,8.4,1,KE,Kenya,1993,KE1993DHS,CN_NUTS_C_WH2,104236050,I,416006,1416050,Region,Rift Valley,0,,0,1,CNNUTSCWH2,KEDHS1993416006,1993,DHS,1038,1243,,,1
KEN,Western,1299974,Children wasted,3.9,1,KE,Kenya,1993,KE1993DHS,CN_NUTS_C_WH2,104236050,I,416007,1416070,Region,Western,0,,0,1,CNNUTSCWH2,KEDHS1993416007,1993,DHS,828,744,,,1
KEN,Nyanza,884390,Children wasted,5.9,1,KE,Kenya,1993,KE1993DHS,CN_NUTS_C_WH2,104236050,I,416005,1416080,Region,Nyanza,0,,0,1,CNNUTSCWH2,KEDHS1993416005,1993,DHS,773,852,,,1
KEN,Nairobi,5263009,Children wasted,1.7,1,KE,Kenya,1993,KE1993DHS,CN_NUTS_C_WH2,104236050,I,416001,1416090,Region,Nairobi,0,,0,1,CNNUTSCWH2,KEDHS1993416001,1993,DHS,163,118,,,1
KEN,Coast,1586366,Children overweight,3.4,1,KE,Kenya,1993,KE1993DHS,CN_NUTS_C_WHP,104236060,I,416003,1416010,Region,Coast,0,,0,1,CNNUTSCWHP,KEDHS1993416003,1993,DHS,376,565,,,1
KEN,Eastern,4155202,Children overweight,6.2,1,KE,Kenya,1993,KE1993DHS,CN_NUTS_C_WHP,104236060,I,416004,1416030,Region,Eastern,0,,0,1,CNNUTSCWHP,KEDHS1993416004,1993,DHS,980,725,,,1
KEN,Central,1623527,Children overweight,4.1,1,KE,Kenya,1993,KE1993DHS,CN_NUTS_C_WHP,104236060,I,416002,1416040,Region,Central,0,,0,1,CNNUTSCWHP,KEDHS1993416002,1993,DHS,599,582,,,1
KEN,Rift Valley,423787,Children overweight,5.2,1,KE,Kenya,1993,KE1993DHS,CN_NUTS_C_WHP,104236060,I,416006,1416050,Region,Rift Valley,0,,0,1,CNNUTSCWHP,KEDHS1993416006,1993,DHS,1038,1243,,,1
KEN,Western,1299976,Children overweight,5.7,1,KE,Kenya,1993,KE1993DHS,CN_NUTS_C_WHP,104236060,I,416007,1416070,Region,Western,0,,0,1,CNNUTSCWHP,KEDHS1993416007,1993,DHS,828,744,,,1
KEN,Nyanza,884391,Children overweight,6.5,1,KE,Kenya,1993,KE1993DHS,CN_NUTS_C_WHP,104236060,I,416005,1416080,Region,Nyanza,0,,0,1,CNNUTSCWHP,KEDHS1993416005,1993,DHS,773,852,,,1
KEN,Nairobi,5263010,Children overweight,12.7,1,KE,Kenya,1993,KE1993DHS,CN_NUTS_C_WHP,104236060,I,416001,1416090,Region,Nairobi,0,,0,1,CNNUTSCWHP,KEDHS1993416001,1993,DHS,163,118,,,1
KEN,Coast,6654700,Women who are thin according to BMI (<18.5),14.5,1,KE,Kenya,1993,KE1993DHS,AN_NUTS_W_THN,114563060,I,416003,1416010,Region,Coast,0,,0,1,ANNUTSWTHN,KEDHS1993416003,1993,DHS,266,398,,,1
KEN,Eastern,1623559,Women who are thin according to BMI (<18.5),12.4,1,KE,Kenya,1993,KE1993DHS,AN_NUTS_W_THN,114563060,I,416004,1416030,Region,Eastern,0,,0,1,ANNUTSWTHN,KEDHS1993416004,1993,DHS,644,478,,,1
KEN,Central,4751968,Women who are thin according to BMI (<18.5),7.7,1,KE,Kenya,1993,KE1993DHS,AN_NUTS_W_THN,114563060,I,416002,1416040,Region,Central,0,,0,1,ANNUTSWTHN,KEDHS1993416002,1993,DHS,452,435,,,1
KEN,Rift Valley,5444547,Women who are thin according to BMI (<18.5),13.4,1,KE,Kenya,1993,KE1993DHS,AN_NUTS_W_THN,114563060,I,416006,1416050,Region,Rift Valley,0,,0,1,ANNUTSWTHN,KEDHS1993416006,1993,DHS,698,789,,,1
KEN,Western,5726280,Women who are thin according to BMI (<18.5),4.2,1,KE,Kenya,1993,KE1993DHS,AN_NUTS_W_THN,114563060,I,416007,1416070,Region,Western,0,,0,1,ANNUTSWTHN,KEDHS1993416007,1993,DHS,503,443,,,1
KEN,Nyanza,892874,Women who are thin according to BMI (<18.5),10,1,KE,Kenya,1993,KE1993DHS,AN_NUTS_W_THN,114563060,I,416005,1416080,Region,Nyanza,0,,0,1,ANNUTSWTHN,KEDHS1993416005,1993,DHS,523,570,,,1
KEN,Nairobi,7222808,Women who are thin according to BMI (<18.5),2.7,1,KE,Kenya,1993,KE1993DHS,AN_NUTS_W_THN,114563060,I,416001,1416090,Region,Nairobi,0,,0,1,ANNUTSWTHN,KEDHS1993416001,1993,DHS,156,113,,,1
KEN,Coast,6654727,Women who are overweight or obese according to BMI (>=25.0),11.2,1,KE,Kenya,1993,KE1993DHS,AN_NUTS_W_OWT,114563090,I,416003,1416010,Region,Coast,0,,0,1,ANNUTSWOWT,KEDHS1993416003,1993,DHS,266,398,,,1
KEN,Eastern,1623572,Women who are overweight or obese according to BMI (>=25.0),10.3,1,KE,Kenya,1993,KE1993DHS,AN_NUTS_W_OWT,114563090,I,416004,1416030,Region,Eastern,0,,0,1,ANNUTSWOWT,KEDHS1993416004,1993,DHS,644,478,,,1
KEN,Central,4751966,Women who are overweight or obese according to BMI (>=25.0),18,1,KE,Kenya,1993,KE1993DHS,AN_NUTS_W_OWT,114563090,I,416002,1416040,Region,Central,0,,0,1,ANNUTSWOWT,KEDHS1993416002,1993,DHS,452,435,,,1
KEN,Rift Valley,5444607,Women who are overweight or obese according to BMI (>=25.0),17.8,1,KE,Kenya,1993,KE1993DHS,AN_NUTS_W_OWT,114563090,I,416006,1416050,Region,Rift Valley,0,,0,1,ANNUTSWOWT,KEDHS1993416006,1993,DHS,698,789,,,1
KEN,Western,5726282,Women who are overweight or obese according to BMI (>=25.0),11.8,1,KE,Kenya,1993,KE1993DHS,AN_NUTS_W_OWT,114563090,I,416007,1416070,Region,Western,0,,0,1,ANNUTSWOWT,KEDHS1993416007,1993,DHS,503,443,,,1
KEN,Nyanza,892878,Women who are overweight or obese according to BMI (>=25.0),10.7,1,KE,Kenya,1993,KE1993DHS,AN_NUTS_W_OWT,114563090,I,416005,1416080,Region,Nyanza,0,,0,1,ANNUTSWOWT,KEDHS1993416005,1993,DHS,523,570,,,1
KEN,Nairobi,7222888,Women who are overweight or obese according to BMI (>=25.0),30.1,1,KE,Kenya,1993,KE1993DHS,AN_NUTS_W_OWT,114563090,I,416001,1416090,Region,Nairobi,0,,0,1,ANNUTSWOWT,KEDHS1993416001,1993,DHS,156,113,,,1
KEN,Coast,7340726,Children stunted,42.9,1,KE,Kenya,1998,KE1998DHS,CN_NUTS_C_HA2,104236020,I,416003,1416010,Region,Coast,0,,0,1,CNNUTSCHA2,KEDHS1998416003,1998,DHS,345,674,,,1
KEN,Eastern,4170516,Children stunted,43.3,1,KE,Kenya,1998,KE1998DHS,CN_NUTS_C_HA2,104236020,I,416004,1416030,Region,Eastern,0,,0,1,CNNUTSCHA2,KEDHS1998416004,1998,DHS,754,639,,,1
KEN,Central,543170,Children stunted,33.4,1,KE,Kenya,1998,KE1998DHS,CN_NUTS_C_HA2,104236020,I,416002,1416040,Region,Central,0,,0,1,CNNUTSCHA2,KEDHS1998416002,1998,DHS,411,376,,,1
KEN,Rift Valley,6731571,Children stunted,36.6,1,KE,Kenya,1998,KE1998DHS,CN_NUTS_C_HA2,104236020,I,416006,1416050,Region,Rift Valley,0,,0,1,CNNUTSCHA2,KEDHS1998416006,1998,DHS,1139,1296,,,1
KEN,Western,719178,Children stunted,40,1,KE,Kenya,1998,KE1998DHS,CN_NUTS_C_HA2,104236020,I,416007,1416070,Region,Western,0,,0,1,CNNUTSCHA2,KEDHS1998416007,1998,DHS,606,653,,,1
KEN,Nyanza,1615461,Children stunted,35.8,1,KE,Kenya,1998,KE1998DHS,CN_NUTS_C_HA2,104236020,I,416005,1416080,Region,Nyanza,0,,0,1,CNNUTSCHA2,KEDHS1998416005,1998,DHS,914,758,,,1
KEN,Nairobi,6122638,Children stunted,28.7,1,KE,Kenya,1998,KE1998DHS,CN_NUTS_C_HA2,104236020,I,416001,1416090,Region,Nairobi,0,,0,1,CNNUTSCHA2,KEDHS1998416001,1998,DHS,263,143,,,1
KEN,Coast,1615448,Children wasted,5.5,1,KE,Kenya,1998,KE1998DHS,CN_NUTS_C_WH2,104236050,I,416003,1416010,Region,Coast,0,,0,1,CNNUTSCWH2,KEDHS1998416003,1998,DHS,345,674,,,1
KEN,Eastern,6890591,Children wasted,5.3,1,KE,Kenya,1998,KE1998DHS,CN_NUTS_C_WH2,104236050,I,416004,1416030,Region,Eastern,0,,0,1,CNNUTSCWH2,KEDHS1998416004,1998,DHS,754,639,,,1
KEN,Central,29215,Children wasted,6.1,1,KE,Kenya,1998,KE1998DHS,CN_NUTS_C_WH2,104236050,I,416002,1416040,Region,Central,0,,0,1,CNNUTSCWH2,KEDHS1998416002,1998,DHS,411,376,,,1
KEN,Rift Valley,3730151,Children wasted,8.1,1,KE,Kenya,1998,KE1998DHS,CN_NUTS_C_WH2,104236050,I,416006,1416050,Region,Rift Valley,0,,0,1,CNNUTSCWH2,KEDHS1998416006,1998,DHS,1139,1296,,,1
KEN,Western,719073,Children wasted,4.8,1,KE,Kenya,1998,KE1998DHS,CN_NUTS_C_WH2,104236050,I,416007,1416070,Region,Western,0,,0,1,CNNUTSCWH2,KEDHS1998416007,1998,DHS,606,653,,,1
KEN,Nyanza,4398062,Children wasted,8.4,1,KE,Kenya,1998,KE1998DHS,CN_NUTS_C_WH2,104236050,I,416005,1416080,Region,Nyanza,0,,0,1,CNNUTSCWH2,KEDHS1998416005,1998,DHS,914,758,,,1
KEN,Nairobi,1299999,Children wasted,8.4,1,KE,Kenya,1998,KE1998DHS,CN_NUTS_C_WH2,104236050,I,416001,1416090,Region,Nairobi,0,,0,1,CNNUTSCWH2,KEDHS1998416001,1998,DHS,263,143,,,1
KEN,Coast,1615449,Children overweight,2.6,1,KE,Kenya,1998,KE1998DHS,CN_NUTS_C_WHP,104236060,I,416003,1416010,Region,Coast,0,,0,1,CNNUTSCWHP,KEDHS1998416003,1998,DHS,345,674,,,1
KEN,Eastern,6890603,Children overweight,5.1,1,KE,Kenya,1998,KE1998DHS,CN_NUTS_C_WHP,104236060,I,416004,1416030,Region,Eastern,0,,0,1,CNNUTSCWHP,KEDHS1998416004,1998,DHS,754,639,,,1
KEN,Central,29220,Children overweight,16.5,1,KE,Kenya,1998,KE1998DHS,CN_NUTS_C_WHP,104236060,I,416002,1416040,Region,Central,0,,0,1,CNNUTSCWHP,KEDHS1998416002,1998,DHS,411,376,,,1
KEN,Rift Valley,3730152,Children overweight,6.6,1,KE,Kenya,1998,KE1998DHS,CN_NUTS_C_WHP,104236060,I,416006,1416050,Region,Rift Valley,0,,0,1,CNNUTSCWHP,KEDHS1998416006,1998,DHS,1139,1296,,,1
KEN,Western,719071,Children overweight,4.8,1,KE,Kenya,1998,KE1998DHS,CN_NUTS_C_WHP,104236060,I,416007,1416070,Region,Western,0,,0,1,CNNUTSCWHP,KEDHS1998416007,1998,DHS,606,653,,,1
KEN,Nyanza,4398063,Children overweight,4.9,1,KE,Kenya,1998,KE1998DHS,CN_NUTS_C_WHP,104236060,I,416005,1416080,Region,Nyanza,0,,0,1,CNNUTSCWHP,KEDHS1998416005,1998,DHS,914,758,,,1
KEN,Nairobi,1300000,Children overweight,6.3,1,KE,Kenya,1998,KE1998DHS,CN_NUTS_C_WHP,104236060,I,416001,1416090,Region,Nairobi,0,,0,1,CNNUTSCWHP,KEDHS1998416001,1998,DHS,263,143,,,1
KEN,Coast,3361164,Children who started breastfeeding within 1 hour of birth,44,1,KE,Kenya,1998,KE1998DHS,CN_BRFI_C_1HR,104266020,I,416003,1416010,Region,Coast,0,,0,1,CNBRFIC1HR,KEDHS1998416003,1998,DHS,180,349,,,1
KEN,Eastern,142833,Children who started breastfeeding within 1 hour of birth,63.4,1,KE,Kenya,1998,KE1998DHS,CN_BRFI_C_1HR,104266020,I,416004,1416030,Region,Eastern,0,,0,1,CNBRFIC1HR,KEDHS1998416004,1998,DHS,364,303,,,1
KEN,Central,5620399,Children who started breastfeeding within 1 hour of birth,76.7,1,KE,Kenya,1998,KE1998DHS,CN_BRFI_C_1HR,104266020,I,416002,1416040,Region,Central,0,,0,1,CNBRFIC1HR,KEDHS1998416002,1998,DHS,206,191,,,1
KEN,Rift Valley,6912172,Children who started breastfeeding within 1 hour of birth,66.2,1,KE,Kenya,1998,KE1998DHS,CN_BRFI_C_1HR,104266020,I,416006,1416050,Region,Rift Valley,0,,0,1,CNBRFIC1HR,KEDHS1998416006,1998,DHS,555,653,,,1
KEN,Western,709405,Children who started breastfeeding within 1 hour of birth,39.5,1,KE,Kenya,1998,KE1998DHS,CN_BRFI_C_1HR,104266020,I,416007,1416070,Region,Western,0,,0,1,CNBRFIC1HR,KEDHS1998416007,1998,DHS,284,301,,,1
KEN,Nyanza,1615467,Children who started breastfeeding within 1 hour of birth,46.1,1,KE,Kenya,1998,KE1998DHS,CN_BRFI_C_1HR,104266020,I,416005,1416080,Region,Nyanza,0,,0,1,CNBRFIC1HR,KEDHS1998416005,1998,DHS,514,420,,,1
KEN,Nairobi,3905061,Children who started breastfeeding within 1 hour of birth,57.8,1,KE,Kenya,1998,KE1998DHS,CN_BRFI_C_1HR,104266020,I,416001,1416090,Region,Nairobi,0,,0,1,CNBRFIC1HR,KEDHS1998416001,1998,DHS,153,83,,,1
KEN,Coast,3365402,Women who are thin according to BMI (<18.5),14.9,1,KE,Kenya,1998,KE1998DHS,AN_NUTS_W_THN,114563060,I,416003,1416010,Region,Coast,0,,0,1,ANNUTSWTHN,KEDHS1998416003,1998,DHS,249,469,,,1
KEN,Eastern,142898,Women who are thin according to BMI (<18.5),15.4,1,KE,Kenya,1998,KE1998DHS,AN_NUTS_W_THN,114563060,I,416004,1416030,Region,Eastern,0,,0,1,ANNUTSWTHN,KEDHS1998416004,1998,DHS,527,443,,,1
KEN,Central,5133560,Women who are thin according to BMI (<18.5),8.6,1,KE,Kenya,1998,KE1998DHS,AN_NUTS_W_THN,114563060,I,416002,1416040,Region,Central,0,,0,1,ANNUTSWTHN,KEDHS1998416002,1998,DHS,326,302,,,1
KEN,Rift Valley,1623605,Women who are thin according to BMI (<18.5),15.5,1,KE,Kenya,1998,KE1998DHS,AN_NUTS_W_THN,114563060,I,416006,1416050,Region,Rift Valley,0,,0,1,ANNUTSWTHN,KEDHS1998416006,1998,DHS,740,858,,,1
KEN,Western,719265,Women who are thin according to BMI (<18.5),5.8,1,KE,Kenya,1998,KE1998DHS,AN_NUTS_W_THN,114563060,I,416007,1416070,Region,Western,0,,0,1,ANNUTSWTHN,KEDHS1998416007,1998,DHS,365,385,,,1
KEN,Nyanza,1615485,Women who are thin according to BMI (<18.5),11.3,1,KE,Kenya,1998,KE1998DHS,AN_NUTS_W_THN,114563060,I,416005,1416080,Region,Nyanza,0,,0,1,ANNUTSWTHN,KEDHS1998416005,1998,DHS,666,549,,,1
KEN,Nairobi,5604726,Women who are thin according to BMI (<18.5),4.7,1,KE,Kenya,1998,KE1998DHS,AN_NUTS_W_THN,114563060,I,416001,1416090,Region,Nairobi,0,,0,1,ANNUTSWTHN,KEDHS1998416001,1998,DHS,233,127,,,1
KEN,Coast,3365396,Women who are overweight or obese according to BMI (>=25.0),17.2,1,KE,Kenya,1998,KE1998DHS,AN_NUTS_W_OWT,114563090,I,416003,1416010,Region,Coast,0,,0,1,ANNUTSWOWT,KEDHS1998416003,1998,DHS,249,469,,,1
KEN,Eastern,142838,Women who are overweight or obese according to BMI (>=25.0),11.5,1,KE,Kenya,1998,KE1998DHS,AN_NUTS_W_OWT,114563090,I,416004,1416030,Region,Eastern,0,,0,1,ANNUTSWOWT,KEDHS1998416004,1998,DHS,527,443,,,1
KEN,Central,5133539,Women who are overweight or obese according to BMI (>=25.0),17.7,1,KE,Kenya,1998,KE1998DHS,AN_NUTS_W_OWT,114563090,I,416002,1416040,Region,Central,0,,0,1,ANNUTSWOWT,KEDHS1998416002,1998,DHS,326,302,,,1
KEN,Rift Valley,1623955,Women who are overweight or obese according to BMI (>=25.0),15.8,1,KE,Kenya,1998,KE1998DHS,AN_NUTS_W_OWT,114563090,I,416006,1416050,Region,Rift Valley,0,,0,1,ANNUTSWOWT,KEDHS1998416006,1998,DHS,740,858,,,1
KEN,Western,719261,Women who are overweight or obese according to BMI (>=25.0),13.2,1,KE,Kenya,1998,KE1998DHS,AN_NUTS_W_OWT,114563090,I,416007,1416070,Region,Western,0,,0,1,ANNUTSWOWT,KEDHS1998416007,1998,DHS,365,385,,,1
KEN,Nyanza,1615475,Women who are overweight or obese according to BMI (>=25.0),11.1,1,KE,Kenya,1998,KE1998DHS,AN_NUTS_W_OWT,114563090,I,416005,1416080,Region,Nyanza,0,,0,1,ANNUTSWOWT,KEDHS1998416005,1998,DHS,666,549,,,1
KEN,Nairobi,5604732,Women who are overweight or obese according to BMI (>=25.0),27.6,1,KE,Kenya,1998,KE1998DHS,AN_NUTS_W_OWT,114563090,I,416001,1416090,Region,Nairobi,0,,0,1,ANNUTSWOWT,KEDHS1998416001,1998,DHS,233,127,,,1
KEN,Coast,6427319,Children stunted,41.2,1,KE,Kenya,2003,KE2003DHS,CN_NUTS_C_HA2,104236020,I,416003,1416010,Region,Coast,0,,0,1,CNNUTSCHA2,KEDHS2003416003,2003,DHS,426,600,,,1
KEN,North Eastern,5240934,Children stunted,27.9,1,KE,Kenya,2003,KE2003DHS,CN_NUTS_C_HA2,104236020,I,416008,1416020,Region,North Eastern,0,,0,1,CNNUTSCHA2,KEDHS2003416008,2003,DHS,126,310,,,1
KEN,Eastern,670101,Children stunted,39.2,1,KE,Kenya,2003,KE2003DHS,CN_NUTS_C_HA2,104236020,I,416004,1416030,Region,Eastern,0,,0,1,CNNUTSCHA2,KEDHS2003416004,2003,DHS,892,642,,,1
KEN,Central,3810639,Children stunted,31.1,1,KE,Kenya,2003,KE2003DHS,CN_NUTS_C_HA2,104236020,I,416002,1416040,Region,Central,0,,0,1,CNNUTSCHA2,KEDHS2003416002,2003,DHS,569,655,,,1
KEN,Rift Valley,6673850,Children stunted,37,1,KE,Kenya,2003,KE2003DHS,CN_NUTS_C_HA2,104236020,I,416006,1416050,Region,Rift Valley,0,,0,1,CNNUTSCHA2,KEDHS2003416006,2003,DHS,1430,1037,,,1
KEN,Western,636492,Children stunted,35.4,1,KE,Kenya,2003,KE2003DHS,CN_NUTS_C_HA2,104236020,I,416007,1416070,Region,Western,0,,0,1,CNNUTSCHA2,KEDHS2003416007,2003,DHS,737,747,,,1
KEN,Nyanza,6796728,Children stunted,36,1,KE,Kenya,2003,KE2003DHS,CN_NUTS_C_HA2,104236020,I,416005,1416080,Region,Nyanza,0,,0,1,CNNUTSCHA2,KEDHS2003416005,2003,DHS,829,647,,,1
KEN,Nairobi,1500927,Children stunted,23.5,1,KE,Kenya,2003,KE2003DHS,CN_NUTS_C_HA2,104236020,I,416001,1416090,Region,Nairobi,0,,0,1,CNNUTSCHA2,KEDHS2003416001,2003,DHS,302,432,,,1
KEN,Coast,3141822,Children wasted,5.7,1,KE,Kenya,2003,KE2003DHS,CN_NUTS_C_WH2,104236050,I,416003,1416010,Region,Coast,0,,0,1,CNNUTSCWH2,KEDHS2003416003,2003,DHS,426,600,,,1
KEN,North Eastern,3149476,Children wasted,25.8,1,KE,Kenya,2003,KE2003DHS,CN_NUTS_C_WH2,104236050,I,416008,1416020,Region,North Eastern,0,,0,1,CNNUTSCWH2,KEDHS2003416008,2003,DHS,126,310,,,1
KEN,Eastern,6163468,Children wasted,4.7,1,KE,Kenya,2003,KE2003DHS,CN_NUTS_C_WH2,104236050,I,416004,1416030,Region,Eastern,0,,0,1,CNNUTSCWH2,KEDHS2003416004,2003,DHS,892,642,,,1
KEN,Central,5007655,Children wasted,4.5,1,KE,Kenya,2003,KE2003DHS,CN_NUTS_C_WH2,104236050,I,416002,1416040,Region,Central,0,,0,1,CNNUTSCWH2,KEDHS2003416002,2003,DHS,569,655,,,1
KEN,Rift Valley,5524207,Children wasted,7.8,1,KE,Kenya,2003,KE2003DHS,CN_NUTS_C_WH2,104236050,I,416006,1416050,Region,Rift Valley,0,,0,1,CNNUTSCWH2,KEDHS2003416006,2003,DHS,1430,1037,,,1
KEN,Western,1564702,Children wasted,5.8,1,KE,Kenya,2003,KE2003DHS,CN_NUTS_C_WH2,104236050,I,416007,1416070,Region,Western,0,,0,1,CNNUTSCWH2,KEDHS2003416007,2003,DHS,737,747,,,1
KEN,Nyanza,1334593,Children wasted,3,1,KE,Kenya,2003,KE2003DHS,CN_NUTS_C_WH2,104236050,I,416005,1416080,Region,Nyanza,0,,0,1,CNNUTSCWH2,KEDHS2003416005,2003,DHS,829,647,,,1
KEN,Nairobi,3141753,Children wasted,4.4,1,KE,Kenya,2003,KE2003DHS,CN_NUTS_C_WH2,104236050,I,416001,1416090,Region,Nairobi,0,,0,1,CNNUTSCWH2,KEDHS2003416001,2003,DHS,302,432,,,1
KEN,Coast,3141829,Children overweight,3.8,1,KE,Kenya,2003,KE2003DHS,CN_NUTS_C_WHP,104236060,I,416003,1416010,Region,Coast,0,,0,1,CNNUTSCWHP,KEDHS2003416003,2003,DHS,426,600,,,1
KEN,North Eastern,3149479,Children overweight,3,1,KE,Kenya,2003,KE2003DHS,CN_NUTS_C_WHP,104236060,I,416008,1416020,Region,North Eastern,0,,0,1,CNNUTSCWHP,KEDHS2003416008,2003,DHS,126,310,,,1
KEN,Eastern,6163469,Children overweight,4.7,1,KE,Kenya,2003,KE2003DHS,CN_NUTS_C_WHP,104236060,I,416004,1416030,Region,Eastern,0,,0,1,CNNUTSCWHP,KEDHS2003416004,2003,DHS,892,642,,,1
KEN,Central,5007656,Children overweight,7.2,1,KE,Kenya,2003,KE2003DHS,CN_NUTS_C_WHP,104236060,I,416002,1416040,Region,Central,0,,0,1,CNNUTSCWHP,KEDHS2003416002,2003,DHS,569,655,,,1
KEN,Rift Valley,5524223,Children overweight,5.3,1,KE,Kenya,2003,KE2003DHS,CN_NUTS_C_WHP,104236060,I,416006,1416050,Region,Rift Valley,0,,0,1,CNNUTSCWHP,KEDHS2003416006,2003,DHS,1430,1037,,,1
KEN,Western,1564703,Children overweight,4.7,1,KE,Kenya,2003,KE2003DHS,CN_NUTS_C_WHP,104236060,I,416007,1416070,Region,Western,0,,0,1,CNNUTSCWHP,KEDHS2003416007,2003,DHS,737,747,,,1
KEN,Nyanza,1334594,Children overweight,5.3,1,KE,Kenya,2003,KE2003DHS,CN_NUTS_C_WHP,104236060,I,416005,1416080,Region,Nyanza,0,,0,1,CNNUTSCWHP,KEDHS2003416005,2003,DHS,829,647,,,1
KEN,Nairobi,3141754,Children overweight,12.1,1,KE,Kenya,2003,KE2003DHS,CN_NUTS_C_WHP,104236060,I,416001,1416090,Region,Nairobi,0,,0,1,CNNUTSCWHP,KEDHS2003416001,2003,DHS,302,432,,,1
KEN,Coast,4746585,Children who started breastfeeding within 1 hour of birth,19.6,1,KE,Kenya,2003,KE2003DHS,CN_BRFI_C_1HR,104266020,I,416003,1416010,Region,Coast,0,,0,1,CNBRFIC1HR,KEDHS2003416003,2003,DHS,209,285,,,1
KEN,North Eastern,3149485,Children who started breastfeeding within 1 hour of birth,45.2,1,KE,Kenya,2003,KE2003DHS,CN_BRFI_C_1HR,104266020,I,416008,1416020,Region,North Eastern,0,,0,1,CNBRFIC1HR,KEDHS2003416008,2003,DHS,64,161,,,1
KEN,Eastern,6631928,Children who started breastfeeding within 1 hour of birth,63.4,1,KE,Kenya,2003,KE2003DHS,CN_BRFI_C_1HR,104266020,I,416004,1416030,Region,Eastern,0,,0,1,CNBRFIC1HR,KEDHS2003416004,2003,DHS,381,281,,,1
KEN,Central,5005867,Children who started breastfeeding within 1 hour of birth,58.9,1,KE,Kenya,2003,KE2003DHS,CN_BRFI_C_1HR,104266020,I,416002,1416040,Region,Central,0,,0,1,CNBRFIC1HR,KEDHS2003416002,2003,DHS,256,288,,,1
KEN,Rift Valley,63387,Children who started breastfeeding within 1 hour of birth,59,1,KE,Kenya,2003,KE2003DHS,CN_BRFI_C_1HR,104266020,I,416006,1416050,Region,Rift Valley,0,,0,1,CNBRFIC1HR,KEDHS2003416006,2003,DHS,672,500,,,1
KEN,Western,5625747,Children who started breastfeeding within 1 hour of birth,27.4,1,KE,Kenya,2003,KE2003DHS,CN_BRFI_C_1HR,104266020,I,416007,1416070,Region,Western,0,,0,1,CNBRFIC1HR,KEDHS2003416007,2003,DHS,305,328,,,1
KEN,Nyanza,4971619,Children who started breastfeeding within 1 hour of birth,48.4,1,KE,Kenya,2003,KE2003DHS,CN_BRFI_C_1HR,104266020,I,416005,1416080,Region,Nyanza,0,,0,1,CNBRFIC1HR,KEDHS2003416005,2003,DHS,381,311,,,1
KEN,Nairobi,4459391,Children who started breastfeeding within 1 hour of birth,48.3,1,KE,Kenya,2003,KE2003DHS,CN_BRFI_C_1HR,104266020,I,416001,1416090,Region,Nairobi,0,,0,1,CNBRFIC1HR,KEDHS2003416001,2003,DHS,149,203,,,1
KEN,Coast,7690679,Women who are thin according to BMI (<18.5),13.3,1,KE,Kenya,2003,KE2003DHS,AN_NUTS_W_THN,114563060,I,416003,1416010,Region,Coast,0,,0,1,ANNUTSWTHN,KEDHS2003416003,2003,DHS,567,804,,,1
KEN,North Eastern,3806246,Women who are thin according to BMI (<18.5),27.5,1,KE,Kenya,2003,KE2003DHS,AN_NUTS_W_THN,114563060,I,416008,1416020,Region,North Eastern,0,,0,1,ANNUTSWTHN,KEDHS2003416008,2003,DHS,125,316,,,1
KEN,Eastern,6520618,Women who are thin according to BMI (<18.5),13,1,KE,Kenya,2003,KE2003DHS,AN_NUTS_W_THN,114563060,I,416004,1416030,Region,Eastern,0,,0,1,ANNUTSWTHN,KEDHS2003416004,2003,DHS,1160,873,,,1
KEN,Central,511995,Women who are thin according to BMI (<18.5),7.1,1,KE,Kenya,2003,KE2003DHS,AN_NUTS_W_THN,114563060,I,416002,1416040,Region,Central,0,,0,1,ANNUTSWTHN,KEDHS2003416002,2003,DHS,1046,1167,,,1
KEN,Rift Valley,6675686,Women who are thin according to BMI (<18.5),18.6,1,KE,Kenya,2003,KE2003DHS,AN_NUTS_W_THN,114563060,I,416006,1416050,Region,Rift Valley,0,,0,1,ANNUTSWTHN,KEDHS2003416006,2003,DHS,1579,1112,,,1
KEN,Western,7276969,Women who are thin according to BMI (<18.5),11.9,1,KE,Kenya,2003,KE2003DHS,AN_NUTS_W_THN,114563060,I,416007,1416070,Region,Western,0,,0,1,ANNUTSWTHN,KEDHS2003416007,2003,DHS,798,852,,,1
KEN,Nyanza,3149604,Women who are thin according to BMI (<18.5),10.6,1,KE,Kenya,2003,KE2003DHS,AN_NUTS_W_THN,114563060,I,416005,1416080,Region,Nyanza,0,,0,1,ANNUTSWTHN,KEDHS2003416005,2003,DHS,1050,879,,,1
KEN,Nairobi,7686943,Women who are thin according to BMI (<18.5),4.5,1,KE,Kenya,2003,KE2003DHS,AN_NUTS_W_THN,114563060,I,416001,1416090,Region,Nairobi,0,,0,1,ANNUTSWTHN,KEDHS2003416001,2003,DHS,721,1008,,,1
KEN,Coast,7690665,Women who are overweight or obese according to BMI (>=25.0),26.5,1,KE,Kenya,2003,KE2003DHS,AN_NUTS_W_OWT,114563090,I,416003,1416010,Region,Coast,0,,0,1,ANNUTSWOWT,KEDHS2003416003,2003,DHS,567,804,,,1
KEN,North Eastern,3806242,Women who are overweight or obese according to BMI (>=25.0),7.5,1,KE,Kenya,2003,KE2003DHS,AN_NUTS_W_OWT,114563090,I,416008,1416020,Region,North Eastern,0,,0,1,ANNUTSWOWT,KEDHS2003416008,2003,DHS,125,316,,,1
KEN,Eastern,6520614,Women who are overweight or obese according to BMI (>=25.0),18.6,1,KE,Kenya,2003,KE2003DHS,AN_NUTS_W_OWT,114563090,I,416004,1416030,Region,Eastern,0,,0,1,ANNUTSWOWT,KEDHS2003416004,2003,DHS,1160,873,,,1
KEN,Central,511989,Women who are overweight or obese according to BMI (>=25.0),33.9,1,KE,Kenya,2003,KE2003DHS,AN_NUTS_W_OWT,114563090,I,416002,1416040,Region,Central,0,,0,1,ANNUTSWOWT,KEDHS2003416002,2003,DHS,1046,1167,,,1
KEN,Rift Valley,6675683,Women who are overweight or obese according to BMI (>=25.0),21.1,1,KE,Kenya,2003,KE2003DHS,AN_NUTS_W_OWT,114563090,I,416006,1416050,Region,Rift Valley,0,,0,1,ANNUTSWOWT,KEDHS2003416006,2003,DHS,1579,1112,,,1
KEN,Western,7276963,Women who are overweight or obese according to BMI (>=25.0),16.4,1,KE,Kenya,2003,KE2003DHS,AN_NUTS_W_OWT,114563090,I,416007,1416070,Region,Western,0,,0,1,ANNUTSWOWT,KEDHS2003416007,2003,DHS,798,852,,,1
KEN,Nyanza,3149582,Women who are overweight or obese according to BMI (>=25.0),16.6,1,KE,Kenya,2003,KE2003DHS,AN_NUTS_W_OWT,114563090,I,416005,1416080,Region,Nyanza,0,,0,1,ANNUTSWOWT,KEDHS2003416005,2003,DHS,1050,879,,,1
KEN,Nairobi,7686947,Women who are overweight or obese according to BMI (>=25.0),39.1,1,KE,Kenya,2003,KE2003DHS,AN_NUTS_W_OWT,114563090,I,416001,1416090,Region,Nairobi,0,,0,1,ANNUTSWOWT,KEDHS2003416001,2003,DHS,721,1008,,,1
KEN,Coast,6775268,Children stunted,39,1,KE,Kenya,2008,KE2008DHS,CN_NUTS_C_HA2,104236020,I,416003,1416010,Region,Coast,0,,0,1,CNNUTSCHA2,KEDHS2008416003,2008-09,DHS,485,831,,,1
KEN,North Eastern,7674084,Children stunted,35.2,1,KE,Kenya,2008,KE2008DHS,CN_NUTS_C_HA2,104236020,I,416008,1416020,Region,North Eastern,0,,0,1,CNNUTSCHA2,KEDHS2008416008,2008-09,DHS,133,439,,,1
KEN,Eastern,3390805,Children stunted,41.9,1,KE,Kenya,2008,KE2008DHS,CN_NUTS_C_HA2,104236020,I,416004,1416030,Region,Eastern,0,,0,1,CNNUTSCHA2,KEDHS2008416004,2008-09,DHS,881,707,,,1
KEN,Central,7983732,Children stunted,32.4,1,KE,Kenya,2008,KE2008DHS,CN_NUTS_C_HA2,104236020,I,416002,1416040,Region,Central,0,,0,1,CNNUTSCHA2,KEDHS2008416002,2008-09,DHS,442,466,,,1
KEN,Rift Valley,5558642,Children stunted,35.7,1,KE,Kenya,2008,KE2008DHS,CN_NUTS_C_HA2,104236020,I,416006,1416050,Region,Rift Valley,0,,0,1,CNNUTSCHA2,KEDHS2008416006,2008-09,DHS,1541,994,,,1
KEN,Western,3710417,Children stunted,34.2,1,KE,Kenya,2008,KE2008DHS,CN_NUTS_C_HA2,104236020,I,416007,1416070,Region,Western,0,,0,1,CNNUTSCHA2,KEDHS2008416007,2008-09,DHS,733,820,,,1
KEN,Nyanza,6022896,Children stunted,30.9,1,KE,Kenya,2008,KE2008DHS,CN_NUTS_C_HA2,104236020,I,416005,1416080,Region,Nyanza,0,,0,1,CNNUTSCHA2,KEDHS2008416005,2008-09,DHS,991,961,,,1
KEN,Nairobi,7220163,Children stunted,28.5,1,KE,Kenya,2008,KE2008DHS,CN_NUTS_C_HA2,104236020,I,416001,1416090,Region,Nairobi,0,,0,1,CNNUTSCHA2,KEDHS2008416001,2008-09,DHS,264,345,,,1
KEN,Coast,3142314,Children wasted,10.7,1,KE,Kenya,2008,KE2008DHS,CN_NUTS_C_WH2,104236050,I,416003,1416010,Region,Coast,0,,0,1,CNNUTSCWH2,KEDHS2008416003,2008-09,DHS,485,831,,,1
KEN,North Eastern,3485410,Children wasted,19.5,1,KE,Kenya,2008,KE2008DHS,CN_NUTS_C_WH2,104236050,I,416008,1416020,Region,North Eastern,0,,0,1,CNNUTSCWH2,KEDHS2008416008,2008-09,DHS,133,439,,,1
KEN,Eastern,6719690,Children wasted,7.3,1,KE,Kenya,2008,KE2008DHS,CN_NUTS_C_WH2,104236050,I,416004,1416030,Region,Eastern,0,,0,1,CNNUTSCWH2,KEDHS2008416004,2008-09,DHS,881,707,,,1
KEN,Central,7082019,Children wasted,4.9,1,KE,Kenya,2008,KE2008DHS,CN_NUTS_C_WH2,104236050,I,416002,1416040,Region,Central,0,,0,1,CNNUTSCWH2,KEDHS2008416002,2008-09,DHS,442,466,,,1
KEN,Rift Valley,4701938,Children wasted,8.9,1,KE,Kenya,2008,KE2008DHS,CN_NUTS_C_WH2,104236050,I,416006,1416050,Region,Rift Valley,0,,0,1,CNNUTSCWH2,KEDHS2008416006,2008-09,DHS,1541,994,,,1
KEN,Western,7816313,Children wasted,2.3,1,KE,Kenya,2008,KE2008DHS,CN_NUTS_C_WH2,104236050,I,416007,1416070,Region,Western,0,,0,1,CNNUTSCWH2,KEDHS2008416007,2008-09,DHS,733,820,,,1
KEN,Nyanza,7435153,Children wasted,3.9,1,KE,Kenya,2008,KE2008DHS,CN_NUTS_C_WH2,104236050,I,416005,1416080,Region,Nyanza,0,,0,1,CNNUTSCWH2,KEDHS2008416005,2008-09,DHS,991,961,,,1
KEN,Nairobi,3149626,Children wasted,3.8,1,KE,Kenya,2008,KE2008DHS,CN_NUTS_C_WH2,104236050,I,416001,1416090,Region,Nairobi,0,,0,1,CNNUTSCWH2,KEDHS2008416001,2008-09,DHS,264,345,,,1
KEN,Coast,3142315,Children overweight,3.3,1,KE,Kenya,2008,KE2008DHS,CN_NUTS_C_WHP,104236060,I,416003,1416010,Region,Coast,0,,0,1,CNNUTSCWHP,KEDHS2008416003,2008-09,DHS,485,831,,,1
KEN,North Eastern,3485472,Children overweight,6.2,1,KE,Kenya,2008,KE2008DHS,CN_NUTS_C_WHP,104236060,I,416008,1416020,Region,North Eastern,0,,0,1,CNNUTSCWHP,KEDHS2008416008,2008-09,DHS,133,439,,,1
KEN,Eastern,6719691,Children overweight,4.7,1,KE,Kenya,2008,KE2008DHS,CN_NUTS_C_WHP,104236060,I,416004,1416030,Region,Eastern,0,,0,1,CNNUTSCWHP,KEDHS2008416004,2008-09,DHS,881,707,,,1
KEN,Central,7082020,Children overweight,5,1,KE,Kenya,2008,KE2008DHS,CN_NUTS_C_WHP,104236060,I,416002,1416040,Region,Central,0,,0,1,CNNUTSCWHP,KEDHS2008416002,2008-09,DHS,442,466,,,1
KEN,Rift Valley,4701939,Children overweight,3.5,1,KE,Kenya,2008,KE2008DHS,CN_NUTS_C_WHP,104236060,I,416006,1416050,Region,Rift Valley,0,,0,1,CNNUTSCWHP,KEDHS2008416006,2008-09,DHS,1541,994,,,1
KEN,Western,7816314,Children overweight,5,1,KE,Kenya,2008,KE2008DHS,CN_NUTS_C_WHP,104236060,I,416007,1416070,Region,Western,0,,0,1,CNNUTSCWHP,KEDHS2008416007,2008-09,DHS,733,820,,,1
KEN,Nyanza,7435154,Children overweight,5.9,1,KE,Kenya,2008,KE2008DHS,CN_NUTS_C_WHP,104236060,I,416005,1416080,Region,Nyanza,0,,0,1,CNNUTSCWHP,KEDHS2008416005,2008-09,DHS,991,961,,,1
KEN,Nairobi,3149627,Children overweight,6.8,1,KE,Kenya,2008,KE2008DHS,CN_NUTS_C_WHP,104236060,I,416001,1416090,Region,Nairobi,0,,0,1,CNNUTSCWHP,KEDHS2008416001,2008-09,DHS,264,345,,,1
KEN,Coast,4717022,Children who started breastfeeding within 1 hour of birth,38.7,1,KE,Kenya,2008,KE2008DHS,CN_BRFI_C_1HR,104266020,I,416003,1416010,Region,Coast,0,,0,1,CNBRFIC1HR,KEDHS2008416003,2008-09,DHS,211,358,,,1
KEN,North Eastern,4819712,Children who started breastfeeding within 1 hour of birth,72.1,1,KE,Kenya,2008,KE2008DHS,CN_BRFI_C_1HR,104266020,I,416008,1416020,Region,North Eastern,0,,0,1,CNBRFIC1HR,KEDHS2008416008,2008-09,DHS,62,198,,,1
KEN,Eastern,5496356,Children who started breastfeeding within 1 hour of birth,68.2,1,KE,Kenya,2008,KE2008DHS,CN_BRFI_C_1HR,104266020,I,416004,1416030,Region,Eastern,0,,0,1,CNBRFIC1HR,KEDHS2008416004,2008-09,DHS,334,297,,,1
KEN,Central,24338,Children who started breastfeeding within 1 hour of birth,47.5,1,KE,Kenya,2008,KE2008DHS,CN_BRFI_C_1HR,104266020,I,416002,1416040,Region,Central,0,,0,1,CNBRFIC1HR,KEDHS2008416002,2008-09,DHS,168,184,,,1
KEN,Rift Valley,6715230,Children who started breastfeeding within 1 hour of birth,60,1,KE,Kenya,2008,KE2008DHS,CN_BRFI_C_1HR,104266020,I,416006,1416050,Region,Rift Valley,0,,0,1,CNBRFIC1HR,KEDHS2008416006,2008-09,DHS,647,413,,,1
KEN,Western,4186495,Children who started breastfeeding within 1 hour of birth,30.5,1,KE,Kenya,2008,KE2008DHS,CN_BRFI_C_1HR,104266020,I,416007,1416070,Region,Western,0,,0,1,CNBRFIC1HR,KEDHS2008416007,2008-09,DHS,254,301,,,1
KEN,Nyanza,3142351,Children who started breastfeeding within 1 hour of birth,63,1,KE,Kenya,2008,KE2008DHS,CN_BRFI_C_1HR,104266020,I,416005,1416080,Region,Nyanza,0,,0,1,CNBRFIC1HR,KEDHS2008416005,2008-09,DHS,452,452,,,1
KEN,Nairobi,1381273,Children who started breastfeeding within 1 hour of birth,57.5,1,KE,Kenya,2008,KE2008DHS,CN_BRFI_C_1HR,104266020,I,416001,1416090,Region,Nairobi,0,,0,1,CNBRFIC1HR,KEDHS2008416001,2008-09,DHS,136,170,,,1
KEN,Coast,6683033,Households with iodized salt,98.5,1,KE,Kenya,2008,KE2008DHS,CN_IODZ_H_IOD,104531050,I,416003,1416010,Region,Coast,0,,0,1,CNIODZHIOD,KEDHS2008416003,2008-09,DHS,719,1144,,,1
KEN,North Eastern,3126813,Households with iodized salt,98.3,1,KE,Kenya,2008,KE2008DHS,CN_IODZ_H_IOD,104531050,I,416008,1416020,Region,North Eastern,0,,0,1,CNIODZHIOD,KEDHS2008416008,2008-09,DHS,175,562,,,1
KEN,Eastern,6629040,Households with iodized salt,100,1,KE,Kenya,2008,KE2008DHS,CN_IODZ_H_IOD,104531050,I,416004,1416030,Region,Eastern,0,,0,1,CNIODZHIOD,KEDHS2008416004,2008-09,DHS,1395,1139,,,1
KEN,Central,7624251,Households with iodized salt,100,1,KE,Kenya,2008,KE2008DHS,CN_IODZ_H_IOD,104531050,I,416002,1416040,Region,Central,0,,0,1,CNIODZHIOD,KEDHS2008416002,2008-09,DHS,1046,1098,,,1
KEN,Rift Valley,395753,Households with iodized salt,100,1,KE,Kenya,2008,KE2008DHS,CN_IODZ_H_IOD,104531050,I,416006,1416050,Region,Rift Valley,0,,0,1,CNIODZHIOD,KEDHS2008416006,2008-09,DHS,2232,1260,,,1
KEN,Western,4654302,Households with iodized salt,100,1,KE,Kenya,2008,KE2008DHS,CN_IODZ_H_IOD,104531050,I,416007,1416070,Region,Western,0,,0,1,CNIODZHIOD,KEDHS2008416007,2008-09,DHS,874,990,,,1
KEN,Nyanza,5848208,Households with iodized salt,99.8,1,KE,Kenya,2008,KE2008DHS,CN_IODZ_H_IOD,104531050,I,416005,1416080,Region,Nyanza,0,,0,1,CNIODZHIOD,KEDHS2008416005,2008-09,DHS,1342,1245,,,1
KEN,Nairobi,3149650,Households with iodized salt,99.7,1,KE,Kenya,2008,KE2008DHS,CN_IODZ_H_IOD,104531050,I,416001,1416090,Region,Nairobi,0,,0,1,CNIODZHIOD,KEDHS2008416001,2008-09,DHS,777,1078,,,1
KEN,Coast,5368562,Women who are thin according to BMI (<18.5),15.9,1,KE,Kenya,2008,KE2008DHS,AN_NUTS_W_THN,114563060,I,416003,1416010,Region,Coast,0,,0,1,ANNUTSWTHN,KEDHS2008416003,2008-09,DHS,602,1031,,,1
KEN,North Eastern,3149981,Women who are thin according to BMI (<18.5),26.4,1,KE,Kenya,2008,KE2008DHS,AN_NUTS_W_THN,114563060,I,416008,1416020,Region,North Eastern,0,,0,1,ANNUTSWTHN,KEDHS2008416008,2008-09,DHS,147,495,,,1
KEN,Eastern,7338706,Women who are thin according to BMI (<18.5),17,1,KE,Kenya,2008,KE2008DHS,AN_NUTS_W_THN,114563060,I,416004,1416030,Region,Eastern,0,,0,1,ANNUTSWTHN,KEDHS2008416004,2008-09,DHS,1241,1013,,,1
KEN,Central,1594051,Women who are thin according to BMI (<18.5),10.2,1,KE,Kenya,2008,KE2008DHS,AN_NUTS_W_THN,114563060,I,416002,1416040,Region,Central,0,,0,1,ANNUTSWTHN,KEDHS2008416002,2008-09,DHS,830,890,,,1
KEN,Rift Valley,7397102,Women who are thin according to BMI (<18.5),14.4,1,KE,Kenya,2008,KE2008DHS,AN_NUTS_W_THN,114563060,I,416006,1416050,Region,Rift Valley,0,,0,1,ANNUTSWTHN,KEDHS2008416006,2008-09,DHS,2018,1121,,,1
KEN,Western,6669057,Women who are thin according to BMI (<18.5),9.7,1,KE,Kenya,2008,KE2008DHS,AN_NUTS_W_THN,114563060,I,416007,1416070,Region,Western,0,,0,1,ANNUTSWTHN,KEDHS2008416007,2008-09,DHS,819,921,,,1
KEN,Nyanza,3855212,Women who are thin according to BMI (<18.5),8.8,1,KE,Kenya,2008,KE2008DHS,AN_NUTS_W_THN,114563060,I,416005,1416080,Region,Nyanza,0,,0,1,ANNUTSWTHN,KEDHS2008416005,2008-09,DHS,1228,1152,,,1
KEN,Nairobi,3149653,Women who are thin according to BMI (<18.5),3.2,1,KE,Kenya,2008,KE2008DHS,AN_NUTS_W_THN,114563060,I,416001,1416090,Region,Nairobi,0,,0,1,ANNUTSWTHN,KEDHS2008416001,2008-09,DHS,663,886,,,1
KEN,Coast,5368538,Women who are overweight or obese according to BMI (>=25.0),29.3,1,KE,Kenya,2008,KE2008DHS,AN_NUTS_W_OWT,114563090,I,416003,1416010,Region,Coast,0,,0,1,ANNUTSWOWT,KEDHS2008416003,2008-09,DHS,602,1031,,,1
KEN,North Eastern,3150003,Women who are overweight or obese according to BMI (>=25.0),11.4,1,KE,Kenya,2008,KE2008DHS,AN_NUTS_W_OWT,114563090,I,416008,1416020,Region,North Eastern,0,,0,1,ANNUTSWOWT,KEDHS2008416008,2008-09,DHS,147,495,,,1
KEN,Eastern,7338698,Women who are overweight or obese according to BMI (>=25.0),20.2,1,KE,Kenya,2008,KE2008DHS,AN_NUTS_W_OWT,114563090,I,416004,1416030,Region,Eastern,0,,0,1,ANNUTSWOWT,KEDHS2008416004,2008-09,DHS,1241,1013,,,1
KEN,Central,1594047,Women who are overweight or obese according to BMI (>=25.0),34.9,1,KE,Kenya,2008,KE2008DHS,AN_NUTS_W_OWT,114563090,I,416002,1416040,Region,Central,0,,0,1,ANNUTSWOWT,KEDHS2008416002,2008-09,DHS,830,890,,,1
KEN,Rift Valley,7397103,Women who are overweight or obese according to BMI (>=25.0),22.8,1,KE,Kenya,2008,KE2008DHS,AN_NUTS_W_OWT,114563090,I,416006,1416050,Region,Rift Valley,0,,0,1,ANNUTSWOWT,KEDHS2008416006,2008-09,DHS,2018,1121,,,1
KEN,Western,6669051,Women who are overweight or obese according to BMI (>=25.0),18,1,KE,Kenya,2008,KE2008DHS,AN_NUTS_W_OWT,114563090,I,416007,1416070,Region,Western,0,,0,1,ANNUTSWOWT,KEDHS2008416007,2008-09,DHS,819,921,,,1
KEN,Nyanza,3855197,Women who are overweight or obese according to BMI (>=25.0),22.5,1,KE,Kenya,2008,KE2008DHS,AN_NUTS_W_OWT,114563090,I,416005,1416080,Region,Nyanza,0,,0,1,ANNUTSWOWT,KEDHS2008416005,2008-09,DHS,1228,1152,,,1
KEN,Nairobi,3149671,Women who are overweight or obese according to BMI (>=25.0),41.4,1,KE,Kenya,2008,KE2008DHS,AN_NUTS_W_OWT,114563090,I,416001,1416090,Region,Nairobi,0,,0,1,ANNUTSWOWT,KEDHS2008416001,2008-09,DHS,663,886,,,1
KEN,Coast,5480644,Women with a birth in the past five years who took iron tablets or syrup for 90+ days,3.4,1,KE,Kenya,2008,KE2008DHS,AN_MIAM_W_90P,114633050,I,416003,1416010,Region,Coast,0,,0,1,ANMIAMW90P,KEDHS2008416003,2008-09,DHS,330,590,,,1
KEN,North Eastern,130974,Women with a birth in the past five years who took iron tablets or syrup for 90+ days,0.7,1,KE,Kenya,2008,KE2008DHS,AN_MIAM_W_90P,114633050,I,416008,1416020,Region,North Eastern,0,,0,1,ANMIAMW90P,KEDHS2008416008,2008-09,DHS,97,314,,,1
KEN,Eastern,5802239,Women with a birth in the past five years who took iron tablets or syrup for 90+ days,1.9,1,KE,Kenya,2008,KE2008DHS,AN_MIAM_W_90P,114633050,I,416004,1416030,Region,Eastern,0,,0,1,ANMIAMW90P,KEDHS2008416004,2008-09,DHS,630,522,,,1
KEN,Central,3149768,Women with a birth in the past five years who took iron tablets or syrup for 90+ days,0.7,1,KE,Kenya,2008,KE2008DHS,AN_MIAM_W_90P,114633050,I,416002,1416040,Region,Central,0,,0,1,ANMIAMW90P,KEDHS2008416002,2008-09,DHS,371,396,,,1
KEN,Rift Valley,6606208,Women with a birth in the past five years who took iron tablets or syrup for 90+ days,1.8,1,KE,Kenya,2008,KE2008DHS,AN_MIAM_W_90P,114633050,I,416006,1416050,Region,Rift Valley,0,,0,1,ANMIAMW90P,KEDHS2008416006,2008-09,DHS,1103,694,,,1
KEN,Western,5311746,Women with a birth in the past five years who took iron tablets or syrup for 90+ days,1.1,1,KE,Kenya,2008,KE2008DHS,AN_MIAM_W_90P,114633050,I,416007,1416070,Region,Western,0,,0,1,ANMIAMW90P,KEDHS2008416007,2008-09,DHS,442,514,,,1
KEN,Nyanza,1561542,Women with a birth in the past five years who took iron tablets or syrup for 90+ days,5.1,1,KE,Kenya,2008,KE2008DHS,AN_MIAM_W_90P,114633050,I,416005,1416080,Region,Nyanza,0,,0,1,ANMIAMW90P,KEDHS2008416005,2008-09,DHS,733,719,,,1
KEN,Nairobi,6155650,Women with a birth in the past five years who took iron tablets or syrup for 90+ days,3.6,1,KE,Kenya,2008,KE2008DHS,AN_MIAM_W_90P,114633050,I,416001,1416090,Region,Nairobi,0,,0,1,ANMIAMW90P,KEDHS2008416001,2008-09,DHS,269,333,,,1
KEN,Coast,5359817,Children stunted,30.8,1,KE,Kenya,2014,KE2014DHS,CN_NUTS_C_HA2,104236020,I,416003,1416010,Region,Coast,0,,0,1,CNNUTSCHA2,KEDHS2014416003,2014,DHS,1926,2539,,,1
KEN,Mombasa,6283925,Children stunted,21.1,1,KE,Kenya,2014,KE2014DHS,CN_NUTS_C_HA2,104236020,I,416011,1416011,Region,..Mombasa,0,,0,1,CNNUTSCHA2,KEDHS2014416011,2014,DHS,456,286,,,2
KEN,Kwale,787509,Children stunted,29.7,1,KE,Kenya,2014,KE2014DHS,CN_NUTS_C_HA2,104236020,I,416012,1416012,Region,..Kwale,0,,0,1,CNNUTSCHA2,KEDHS2014416012,2014,DHS,401,442,,,2
KEN,Kilifi,1109857,Children stunted,39.1,1,KE,Kenya,2014,KE2014DHS,CN_NUTS_C_HA2,104236020,I,416013,1416013,Region,..Kilifi,0,,0,1,CNNUTSCHA2,KEDHS2014416013,2014,DHS,737,558,,,2
KEN,Tana River,7353448,Children stunted,28.1,1,KE,Kenya,2014,KE2014DHS,CN_NUTS_C_HA2,104236020,I,416014,1416014,Region,..Tana River,0,,0,1,CNNUTSCHA2,KEDHS2014416014,2014,DHS,164,615,,,2
KEN,Lamu,1167632,Children stunted,29.2,1,KE,Kenya,2014,KE2014DHS,CN_NUTS_C_HA2,104236020,I,416015,1416015,Region,..Lamu,0,,0,1,CNNUTSCHA2,KEDHS2014416015,2014,DHS,53,346,,,2
KEN,Taita Taveta,294738,Children stunted,23.8,1,KE,Kenya,2014,KE2014DHS,CN_NUTS_C_HA2,104236020,I,416016,1416016,Region,..Taita Taveta,0,,0,1,CNNUTSCHA2,KEDHS2014416016,2014,DHS,115,292,,,2
KEN,North Eastern,7819231,Children stunted,24.7,1,KE,Kenya,2014,KE2014DHS,CN_NUTS_C_HA2,104236020,I,416008,1416020,Region,North Eastern,0,,0,1,CNNUTSCHA2,KEDHS2014416008,2014,DHS,604,1485,,,1
KEN,Garissa,5598936,Children stunted,15.6,1,KE,Kenya,2014,KE2014DHS,CN_NUTS_C_HA2,104236020,I,416021,1416021,Region,..Garissa,0,,0,1,CNNUTSCHA2,KEDHS2014416021,2014,DHS,228,530,,,2
KEN,Wajir,5381350,Children stunted,26.4,1,KE,Kenya,2014,KE2014DHS,CN_NUTS_C_HA2,104236020,I,416022,1416022,Region,..Wajir,0,,0,1,CNNUTSCHA2,KEDHS2014416022,2014,DHS,228,529,,,2
KEN,Mandera,212555,Children stunted,36.1,1,KE,Kenya,2014,KE2014DHS,CN_NUTS_C_HA2,104236020,I,416023,1416023,Region,..Mandera,0,,0,1,CNNUTSCHA2,KEDHS2014416023,2014,DHS,148,426,,,2
KEN,Eastern,6567357,Children stunted,30.1,1,KE,Kenya,2014,KE2014DHS,CN_NUTS_C_HA2,104236020,I,416004,1416030,Region,Eastern,0,,0,1,CNNUTSCHA2,KEDHS2014416004,2014,DHS,2409,3058,,,1
KEN,Marsabit,7394422,Children stunted,26.5,1,KE,Kenya,2014,KE2014DHS,CN_NUTS_C_HA2,104236020,I,416031,1416031,Region,..Marsabit,0,,0,1,CNNUTSCHA2,KEDHS2014416031,2014,DHS,90,437,,,2
KEN,Isiolo,1116271,Children stunted,19.1,1,KE,Kenya,2014,KE2014DHS,CN_NUTS_C_HA2,104236020,I,416032,1416032,Region,..Isiolo,0,,0,1,CNNUTSCHA2,KEDHS2014416032,2014,DHS,80,505,,,2
KEN,Meru,7780943,Children stunted,25.2,1,KE,Kenya,2014,KE2014DHS,CN_NUTS_C_HA2,104236020,I,416033,1416033,Region,..Meru,0,,0,1,CNNUTSCHA2,KEDHS2014416033,2014,DHS,529,319,,,2
KEN,Tharaka-Nithi,3491090,Children stunted,32.9,1,KE,Kenya,2014,KE2014DHS,CN_NUTS_C_HA2,104236020,I,416034,1416034,Region,..Tharaka-Nithi,0,,0,1,CNNUTSCHA2,KEDHS2014416034,2014,DHS,151,269,,,2
KEN,Embu,7511540,Children stunted,26.8,1,KE,Kenya,2014,KE2014DHS,CN_NUTS_C_HA2,104236020,I,416035,1416035,Region,..Embu,0,,0,1,CNNUTSCHA2,KEDHS2014416035,2014,DHS,202,267,,,2
KEN,Kitui,3149859,Children stunted,45.8,1,KE,Kenya,2014,KE2014DHS,CN_NUTS_C_HA2,104236020,I,416036,1416036,Region,..Kitui,0,,0,1,CNNUTSCHA2,KEDHS2014416036,2014,DHS,486,449,,,2
KEN,Machakos,6326795,Children stunted,26.5,1,KE,Kenya,2014,KE2014DHS,CN_NUTS_C_HA2,104236020,I,416037,1416037,Region,..Machakos,0,,0,1,CNNUTSCHA2,KEDHS2014416037,2014,DHS,502,396,,,2
KEN,Makueni,5008343,Children stunted,25.1,1,KE,Kenya,2014,KE2014DHS,CN_NUTS_C_HA2,104236020,I,416038,1416038,Region,..Makueni,0,,0,1,CNNUTSCHA2,KEDHS2014416038,2014,DHS,369,416,,,2
KEN,Central,5622017,Children stunted,18.4,1,KE,Kenya,2014,KE2014DHS,CN_NUTS_C_HA2,104236020,I,416002,1416040,Region,Central,0,,0,1,CNNUTSCHA2,KEDHS2014416002,2014,DHS,1694,1401,,,1
KEN,Nyandarua,5273004,Children stunted,29.4,1,KE,Kenya,2014,KE2014DHS,CN_NUTS_C_HA2,104236020,I,416041,1416041,Region,..Nyandarua,0,,0,1,CNNUTSCHA2,KEDHS2014416041,2014,DHS,248,307,,,2
KEN,Nyeri,184922,Children stunted,15.1,1,KE,Kenya,2014,KE2014DHS,CN_NUTS_C_HA2,104236020,I,416042,1416042,Region,..Nyeri,0,,0,1,CNNUTSCHA2,KEDHS2014416042,2014,DHS,268,295,,,2
KEN,Kirinyaga,4971625,Children stunted,17.2,1,KE,Kenya,2014,KE2014DHS,CN_NUTS_C_HA2,104236020,I,416043,1416043,Region,..Kirinyaga,0,,0,1,CNNUTSCHA2,KEDHS2014416043,2014,DHS,185,220,,,2
KEN,Murang'a,6345342,Children stunted,19.3,1,KE,Kenya,2014,KE2014DHS,CN_NUTS_C_HA2,104236020,I,416044,1416044,Region,..Murang'a,0,,0,1,CNNUTSCHA2,KEDHS2014416044,2014,DHS,307,284,,,2
KEN,Kiambu,1499028,Children stunted,15.7,1,KE,Kenya,2014,KE2014DHS,CN_NUTS_C_HA2,104236020,I,416045,1416045,Region,..Kiambu,0,,0,1,CNNUTSCHA2,KEDHS2014416045,2014,DHS,686,295,,,2
KEN,Rift Valley,6206935,Children stunted,29.8,1,KE,Kenya,2014,KE2014DHS,CN_NUTS_C_HA2,104236020,I,416006,1416050,Region,Rift Valley,0,,0,1,CNNUTSCHA2,KEDHS2014416006,2014,DHS,5466,6608,,,1
KEN,Turkana,5968249,Children stunted,23.9,1,KE,Kenya,2014,KE2014DHS,CN_NUTS_C_HA2,104236020,I,416051,1416051,Region,..Turkana,0,,0,1,CNNUTSCHA2,KEDHS2014416051,2014,DHS,359,530,,,2
KEN,West Pokot,1181143,Children stunted,45.9,1,KE,Kenya,2014,KE2014DHS,CN_NUTS_C_HA2,104236020,I,416052,1416052,Region,..West Pokot,0,,0,1,CNNUTSCHA2,KEDHS2014416052,2014,DHS,286,573,,,2
KEN,Samburu,4053190,Children stunted,30.1,1,KE,Kenya,2014,KE2014DHS,CN_NUTS_C_HA2,104236020,I,416053,1416053,Region,..Samburu,0,,0,1,CNNUTSCHA2,KEDHS2014416053,2014,DHS,112,534,,,2
KEN,Trans-Nzoia,887072,Children stunted,29.2,1,KE,Kenya,2014,KE2014DHS,CN_NUTS_C_HA2,104236020,I,416054,1416054,Region,..Trans-Nzoia,0,,0,1,CNNUTSCHA2,KEDHS2014416054,2014,DHS,556,479,,,2
KEN,Uasin Gishu,3150048,Children stunted,31.2,1,KE,Kenya,2014,KE2014DHS,CN_NUTS_C_HA2,104236020,I,416055,1416055,Region,..Uasin Gishu,0,,0,1,CNNUTSCHA2,KEDHS2014416055,2014,DHS,482,418,,,2
KEN,Elgeyo Marakwet,6432257,Children stunted,29.9,1,KE,Kenya,2014,KE2014DHS,CN_NUTS_C_HA2,104236020,I,416056,1416056,Region,..Elgeyo Marakwet,0,,0,1,CNNUTSCHA2,KEDHS2014416056,2014,DHS,170,410,,,2
KEN,Nandi,5027564,Children stunted,29.9,1,KE,Kenya,2014,KE2014DHS,CN_NUTS_C_HA2,104236020,I,416057,1416057,Region,..Nandi,0,,0,1,CNNUTSCHA2,KEDHS2014416057,2014,DHS,405,467,,,2
KEN,Baringo,3847601,Children stunted,29.5,1,KE,Kenya,2014,KE2014DHS,CN_NUTS_C_HA2,104236020,I,416058,1416058,Region,..Baringo,0,,0,1,CNNUTSCHA2,KEDHS2014416058,2014,DHS,233,431,,,2
KEN,Laikipia,5741274,Children stunted,26.9,1,KE,Kenya,2014,KE2014DHS,CN_NUTS_C_HA2,104236020,I,416059,1416059,Region,..Laikipia,0,,0,1,CNNUTSCHA2,KEDHS2014416059,2014,DHS,211,384,,,2
KEN,Nakuru,7844430,Children stunted,27.6,1,KE,Kenya,2014,KE2014DHS,CN_NUTS_C_HA2,104236020,I,416060,1416060,Region,..Nakuru,0,,0,1,CNNUTSCHA2,KEDHS2014416060,2014,DHS,840,432,,,2
KEN,Narok,186856,Children stunted,32.9,1,KE,Kenya,2014,KE2014DHS,CN_NUTS_C_HA2,104236020,I,416061,1416061,Region,..Narok,0,,0,1,CNNUTSCHA2,KEDHS2014416061,2014,DHS,628,657,,,2
KEN,Kajiado,4951644,Children stunted,18.2,1,KE,Kenya,2014,KE2014DHS,CN_NUTS_C_HA2,104236020,I,416062,1416062,Region,..Kajiado,0,,0,1,CNNUTSCHA2,KEDHS2014416062,2014,DHS,400,435,,,2
KEN,Kericho,6338771,Children stunted,28.7,1,KE,Kenya,2014,KE2014DHS,CN_NUTS_C_HA2,104236020,I,416063,1416063,Region,..Kericho,0,,0,1,CNNUTSCHA2,KEDHS2014416063,2014,DHS,311,384,,,2
KEN,Bomet,5554297,Children stunted,35.5,1,KE,Kenya,2014,KE2014DHS,CN_NUTS_C_HA2,104236020,I,416064,1416064,Region,..Bomet,0,,0,1,CNNUTSCHA2,KEDHS2014416064,2014,DHS,472,474,,,2
KEN,Western,1491046,Children stunted,25.2,1,KE,Kenya,2014,KE2014DHS,CN_NUTS_C_HA2,104236020,I,416007,1416070,Region,Western,0,,0,1,CNNUTSCHA2,KEDHS2014416007,2014,DHS,2476,2124,,,1
KEN,Kakamega,7621403,Children stunted,28.4,1,KE,Kenya,2014,KE2014DHS,CN_NUTS_C_HA2,104236020,I,416071,1416071,Region,..Kakamega,0,,0,1,CNNUTSCHA2,KEDHS2014416071,2014,DHS,845,545,,,2
KEN,Vihiga,4045436,Children stunted,23.5,1,KE,Kenya,2014,KE2014DHS,CN_NUTS_C_HA2,104236020,I,416072,1416072,Region,..Vihiga,0,,0,1,CNNUTSCHA2,KEDHS2014416072,2014,DHS,260,445,,,2
KEN,Bungoma,1009534,Children stunted,24.4,1,KE,Kenya,2014,KE2014DHS,CN_NUTS_C_HA2,104236020,I,416073,1416073,Region,..Bungoma,0,,0,1,CNNUTSCHA2,KEDHS2014416073,2014,DHS,938,605,,,2
KEN,Busia,3149850,Children stunted,22,1,KE,Kenya,2014,KE2014DHS,CN_NUTS_C_HA2,104236020,I,416074,1416074,Region,..Busia,0,,0,1,CNNUTSCHA2,KEDHS2014416074,2014,DHS,433,529,,,2
KEN,Nyanza,3150052,Children stunted,22.7,1,KE,Kenya,2014,KE2014DHS,CN_NUTS_C_HA2,104236020,I,416005,1416080,Region,Nyanza,0,,0,1,CNNUTSCHA2,KEDHS2014416005,2014,DHS,2769,2860,,,1
KEN,Siaya,5375594,Children stunted,24.7,1,KE,Kenya,2014,KE2014DHS,CN_NUTS_C_HA2,104236020,I,416081,1416081,Region,..Siaya,0,,0,1,CNNUTSCHA2,KEDHS2014416081,2014,DHS,423,465,,,2
KEN,Kisumu,6324937,Children stunted,18,1,KE,Kenya,2014,KE2014DHS,CN_NUTS_C_HA2,104236020,I,416082,1416082,Region,..Kisumu,0,,0,1,CNNUTSCHA2,KEDHS2014416082,2014,DHS,492,437,,,2
KEN,Homa Bay,5540877,Children stunted,18.7,1,KE,Kenya,2014,KE2014DHS,CN_NUTS_C_HA2,104236020,I,416083,1416083,Region,..Homa Bay,0,,0,1,CNNUTSCHA2,KEDHS2014416083,2014,DHS,621,537,,,2
KEN,Migori,3134113,Children stunted,26.4,1,KE,Kenya,2014,KE2014DHS,CN_NUTS_C_HA2,104236020,I,416084,1416084,Region,..Migori,0,,0,1,CNNUTSCHA2,KEDHS2014416084,2014,DHS,526,605,,,2
KEN,Kisii,6889352,Children stunted,25.5,1,KE,Kenya,2014,KE2014DHS,CN_NUTS_C_HA2,104236020,I,416085,1416085,Region,..Kisii,0,,0,1,CNNUTSCHA2,KEDHS2014416085,2014,DHS,511,462,,,2
KEN,Nyamira,3134157,Children stunted,25.5,1,KE,Kenya,2014,KE2014DHS,CN_NUTS_C_HA2,104236020,I,416086,1416086,Region,..Nyamira,0,,0,1,CNNUTSCHA2,KEDHS2014416086,2014,DHS,195,354,,,2
KEN,Nairobi,7669531,Children stunted,17.2,1,KE,Kenya,2014,KE2014DHS,CN_NUTS_C_HA2,104236020,I,416001,1416090,Region,Nairobi,0,,0,1,CNNUTSCHA2,KEDHS2014416001,2014,DHS,1643,449,,,2
KEN,Nairobi,7669532,Children stunted,17.2,1,KE,Kenya,2014,KE2014DHS,CN_NUTS_C_HA2,104236020,I,416001,1416090,Region,Nairobi,0,,0,1,CNNUTSCHA2,KEDHS2014416001,2014,DHS,1643,449,,,1
KEN,Coast,343948,Children wasted,4.5,1,KE,Kenya,2014,KE2014DHS,CN_NUTS_C_WH2,104236050,I,416003,1416010,Region,Coast,0,,0,1,CNNUTSCWH2,KEDHS2014416003,2014,DHS,1926,2539,,,1
KEN,Mombasa,1414577,Children wasted,4.1,1,KE,Kenya,2014,KE2014DHS,CN_NUTS_C_WH2,104236050,I,416011,1416011,Region,..Mombasa,0,,0,1,CNNUTSCWH2,KEDHS2014416011,2014,DHS,456,286,,,2
KEN,Kwale,788046,Children wasted,4.4,1,KE,Kenya,2014,KE2014DHS,CN_NUTS_C_WH2,104236050,I,416012,1416012,Region,..Kwale,0,,0,1,CNNUTSCWH2,KEDHS2014416012,2014,DHS,401,442,,,2
KEN,Kilifi,1137808,Children wasted,4.1,1,KE,Kenya,2014,KE2014DHS,CN_NUTS_C_WH2,104236050,I,416013,1416013,Region,..Kilifi,0,,0,1,CNNUTSCWH2,KEDHS2014416013,2014,DHS,737,558,,,2
KEN,Tana River,6175688,Children wasted,5.7,1,KE,Kenya,2014,KE2014DHS,CN_NUTS_C_WH2,104236050,I,416014,1416014,Region,..Tana River,0,,0,1,CNNUTSCWH2,KEDHS2014416014,2014,DHS,164,615,,,2
KEN,Lamu,1166740,Children wasted,4.2,1,KE,Kenya,2014,KE2014DHS,CN_NUTS_C_WH2,104236050,I,416015,1416015,Region,..Lamu,0,,0,1,CNNUTSCWH2,KEDHS2014416015,2014,DHS,53,346,,,2
KEN,Taita Taveta,3142833,Children wasted,7.2,1,KE,Kenya,2014,KE2014DHS,CN_NUTS_C_WH2,104236050,I,416016,1416016,Region,..Taita Taveta,0,,0,1,CNNUTSCWH2,KEDHS2014416016,2014,DHS,115,292,,,2
KEN,North Eastern,5484500,Children wasted,13.3,1,KE,Kenya,2014,KE2014DHS,CN_NUTS_C_WH2,104236050,I,416008,1416020,Region,North Eastern,0,,0,1,CNNUTSCWH2,KEDHS2014416008,2014,DHS,604,1485,,,1
KEN,Garissa,5782001,Children wasted,11.4,1,KE,Kenya,2014,KE2014DHS,CN_NUTS_C_WH2,104236050,I,416021,1416021,Region,..Garissa,0,,0,1,CNNUTSCWH2,KEDHS2014416021,2014,DHS,228,530,,,2
KEN,Wajir,355124,Children wasted,14.2,1,KE,Kenya,2014,KE2014DHS,CN_NUTS_C_WH2,104236050,I,416022,1416022,Region,..Wajir,0,,0,1,CNNUTSCWH2,KEDHS2014416022,2014,DHS,228,529,,,2
KEN,Mandera,3947189,Children wasted,14.8,1,KE,Kenya,2014,KE2014DHS,CN_NUTS_C_WH2,104236050,I,416023,1416023,Region,..Mandera,0,,0,1,CNNUTSCWH2,KEDHS2014416023,2014,DHS,148,426,,,2
KEN,Eastern,3142842,Children wasted,4.4,1,KE,Kenya,2014,KE2014DHS,CN_NUTS_C_WH2,104236050,I,416004,1416030,Region,Eastern,0,,0,1,CNNUTSCWH2,KEDHS2014416004,2014,DHS,2409,3058,,,1
KEN,Marsabit,6408177,Children wasted,16.3,1,KE,Kenya,2014,KE2014DHS,CN_NUTS_C_WH2,104236050,I,416031,1416031,Region,..Marsabit,0,,0,1,CNNUTSCWH2,KEDHS2014416031,2014,DHS,90,437,,,2
KEN,Isiolo,1115846,Children wasted,9.1,1,KE,Kenya,2014,KE2014DHS,CN_NUTS_C_WH2,104236050,I,416032,1416032,Region,..Isiolo,0,,0,1,CNNUTSCWH2,KEDHS2014416032,2014,DHS,80,505,,,2
KEN,Meru,5986767,Children wasted,2.9,1,KE,Kenya,2014,KE2014DHS,CN_NUTS_C_WH2,104236050,I,416033,1416033,Region,..Meru,0,,0,1,CNNUTSCWH2,KEDHS2014416033,2014,DHS,529,319,,,2
KEN,Tharaka-Nithi,7276961,Children wasted,3.3,1,KE,Kenya,2014,KE2014DHS,CN_NUTS_C_WH2,104236050,I,416034,1416034,Region,..Tharaka-Nithi,0,,0,1,CNNUTSCWH2,KEDHS2014416034,2014,DHS,151,269,,,2
KEN,Embu,3149822,Children wasted,3,1,KE,Kenya,2014,KE2014DHS,CN_NUTS_C_WH2,104236050,I,416035,1416035,Region,..Embu,0,,0,1,CNNUTSCWH2,KEDHS2014416035,2014,DHS,202,267,,,2
KEN,Kitui,7509958,Children wasted,3.4,1,KE,Kenya,2014,KE2014DHS,CN_NUTS_C_WH2,104236050,I,416036,1416036,Region,..Kitui,0,,0,1,CNNUTSCWH2,KEDHS2014416036,2014,DHS,486,449,,,2
KEN,Machakos,3376678,Children wasted,6.5,1,KE,Kenya,2014,KE2014DHS,CN_NUTS_C_WH2,104236050,I,416037,1416037,Region,..Machakos,0,,0,1,CNNUTSCWH2,KEDHS2014416037,2014,DHS,502,396,,,2
KEN,Makueni,6043416,Children wasted,2.1,1,KE,Kenya,2014,KE2014DHS,CN_NUTS_C_WH2,104236050,I,416038,1416038,Region,..Makueni,0,,0,1,CNNUTSCWH2,KEDHS2014416038,2014,DHS,369,416,,,2
KEN,Central,7809158,Children wasted,2.3,1,KE,Kenya,2014,KE2014DHS,CN_NUTS_C_WH2,104236050,I,416002,1416040,Region,Central,0,,0,1,CNNUTSCWH2,KEDHS2014416002,2014,DHS,1694,1401,,,1
KEN,Nyandarua,7167543,Children wasted,2,1,KE,Kenya,2014,KE2014DHS,CN_NUTS_C_WH2,104236050,I,416041,1416041,Region,..Nyandarua,0,,0,1,CNNUTSCWH2,KEDHS2014416041,2014,DHS,248,307,,,2
KEN,Nyeri,1449451,Children wasted,2.4,1,KE,Kenya,2014,KE2014DHS,CN_NUTS_C_WH2,104236050,I,416042,1416042,Region,..Nyeri,0,,0,1,CNNUTSCWH2,KEDHS2014416042,2014,DHS,268,295,,,2
KEN,Kirinyaga,4557086,Children wasted,3.9,1,KE,Kenya,2014,KE2014DHS,CN_NUTS_C_WH2,104236050,I,416043,1416043,Region,..Kirinyaga,0,,0,1,CNNUTSCWH2,KEDHS2014416043,2014,DHS,185,220,,,2
KEN,Murang'a,3149825,Children wasted,1.4,1,KE,Kenya,2014,KE2014DHS,CN_NUTS_C_WH2,104236050,I,416044,1416044,Region,..Murang'a,0,,0,1,CNNUTSCWH2,KEDHS2014416044,2014,DHS,307,284,,,2
KEN,Kiambu,3149830,Children wasted,2.3,1,KE,Kenya,2014,KE2014DHS,CN_NUTS_C_WH2,104236050,I,416045,1416045,Region,..Kiambu,0,,0,1,CNNUTSCWH2,KEDHS2014416045,2014,DHS,686,295,,,2
KEN,Rift Valley,3315240,Children wasted,5.7,1,KE,Kenya,2014,KE2014DHS,CN_NUTS_C_WH2,104236050,I,416006,1416050,Region,Rift Valley,0,,0,1,CNNUTSCWH2,KEDHS2014416006,2014,DHS,5466,6608,,,1
KEN,Turkana,4549823,Children wasted,22.9,1,KE,Kenya,2014,KE2014DHS,CN_NUTS_C_WH2,104236050,I,416051,1416051,Region,..Turkana,0,,0,1,CNNUTSCWH2,KEDHS2014416051,2014,DHS,359,530,,,2
KEN,West Pokot,1181836,Children wasted,14.3,1,KE,Kenya,2014,KE2014DHS,CN_NUTS_C_WH2,104236050,I,416052,1416052,Region,..West Pokot,0,,0,1,CNNUTSCWH2,KEDHS2014416052,2014,DHS,286,573,,,2
KEN,Samburu,7263719,Children wasted,13.6,1,KE,Kenya,2014,KE2014DHS,CN_NUTS_C_WH2,104236050,I,416053,1416053,Region,..Samburu,0,,0,1,CNNUTSCWH2,KEDHS2014416053,2014,DHS,112,534,,,2
KEN,Trans-Nzoia,886865,Children wasted,3.9,1,KE,Kenya,2014,KE2014DHS,CN_NUTS_C_WH2,104236050,I,416054,1416054,Region,..Trans-Nzoia,0,,0,1,CNNUTSCWH2,KEDHS2014416054,2014,DHS,556,479,,,2
KEN,Uasin Gishu,7617758,Children wasted,3,1,KE,Kenya,2014,KE2014DHS,CN_NUTS_C_WH2,104236050,I,416055,1416055,Region,..Uasin Gishu,0,,0,1,CNNUTSCWH2,KEDHS2014416055,2014,DHS,482,418,,,2
KEN,Elgeyo Marakwet,3362839,Children wasted,4.3,1,KE,Kenya,2014,KE2014DHS,CN_NUTS_C_WH2,104236050,I,416056,1416056,Region,..Elgeyo Marakwet,0,,0,1,CNNUTSCWH2,KEDHS2014416056,2014,DHS,170,410,,,2
KEN,Nandi,6035577,Children wasted,3.9,1,KE,Kenya,2014,KE2014DHS,CN_NUTS_C_WH2,104236050,I,416057,1416057,Region,..Nandi,0,,0,1,CNNUTSCWH2,KEDHS2014416057,2014,DHS,405,467,,,2
KEN,Baringo,5725756,Children wasted,6.9,1,KE,Kenya,2014,KE2014DHS,CN_NUTS_C_WH2,104236050,I,416058,1416058,Region,..Baringo,0,,0,1,CNNUTSCWH2,KEDHS2014416058,2014,DHS,233,431,,,2
KEN,Laikipia,5746620,Children wasted,4.4,1,KE,Kenya,2014,KE2014DHS,CN_NUTS_C_WH2,104236050,I,416059,1416059,Region,..Laikipia,0,,0,1,CNNUTSCWH2,KEDHS2014416059,2014,DHS,211,384,,,2
KEN,Nakuru,6584503,Children wasted,4.5,1,KE,Kenya,2014,KE2014DHS,CN_NUTS_C_WH2,104236050,I,416060,1416060,Region,..Nakuru,0,,0,1,CNNUTSCWH2,KEDHS2014416060,2014,DHS,840,432,,,2
KEN,Narok,1428309,Children wasted,2.4,1,KE,Kenya,2014,KE2014DHS,CN_NUTS_C_WH2,104236050,I,416061,1416061,Region,..Narok,0,,0,1,CNNUTSCWH2,KEDHS2014416061,2014,DHS,628,657,,,2
KEN,Kajiado,6487351,Children wasted,3,1,KE,Kenya,2014,KE2014DHS,CN_NUTS_C_WH2,104236050,I,416062,1416062,Region,..Kajiado,0,,0,1,CNNUTSCWH2,KEDHS2014416062,2014,DHS,400,435,,,2
KEN,Kericho,3142839,Children wasted,5.6,1,KE,Kenya,2014,KE2014DHS,CN_NUTS_C_WH2,104236050,I,416063,1416063,Region,..Kericho,0,,0,1,CNNUTSCWH2,KEDHS2014416063,2014,DHS,311,384,,,2
KEN,Bomet,3134140,Children wasted,1.8,1,KE,Kenya,2014,KE2014DHS,CN_NUTS_C_WH2,104236050,I,416064,1416064,Region,..Bomet,0,,0,1,CNNUTSCWH2,KEDHS2014416064,2014,DHS,472,474,,,2
KEN,Western,3150064,Children wasted,1.9,1,KE,Kenya,2014,KE2014DHS,CN_NUTS_C_WH2,104236050,I,416007,1416070,Region,Western,0,,0,1,CNNUTSCWH2,KEDHS2014416007,2014,DHS,2476,2124,,,1
KEN,Kakamega,5920544,Children wasted,1.8,1,KE,Kenya,2014,KE2014DHS,CN_NUTS_C_WH2,104236050,I,416071,1416071,Region,..Kakamega,0,,0,1,CNNUTSCWH2,KEDHS2014416071,2014,DHS,845,545,,,2
KEN,Vihiga,7271342,Children wasted,2.6,1,KE,Kenya,2014,KE2014DHS,CN_NUTS_C_WH2,104236050,I,416072,1416072,Region,..Vihiga,0,,0,1,CNNUTSCWH2,KEDHS2014416072,2014,DHS,260,445,,,2
KEN,Bungoma,1036998,Children wasted,1.8,1,KE,Kenya,2014,KE2014DHS,CN_NUTS_C_WH2,104236050,I,416073,1416073,Region,..Bungoma,0,,0,1,CNNUTSCWH2,KEDHS2014416073,2014,DHS,938,605,,,2
KEN,Busia,352864,Children wasted,2.2,1,KE,Kenya,2014,KE2014DHS,CN_NUTS_C_WH2,104236050,I,416074,1416074,Region,..Busia,0,,0,1,CNNUTSCWH2,KEDHS2014416074,2014,DHS,433,529,,,2
KEN,Nyanza,3958136,Children wasted,2,1,KE,Kenya,2014,KE2014DHS,CN_NUTS_C_WH2,104236050,I,416005,1416080,Region,Nyanza,0,,0,1,CNNUTSCWH2,KEDHS2014416005,2014,DHS,2769,2860,,,1
KEN,Siaya,6474375,Children wasted,0.2,1,KE,Kenya,2014,KE2014DHS,CN_NUTS_C_WH2,104236050,I,416081,1416081,Region,..Siaya,0,,0,1,CNNUTSCWH2,KEDHS2014416081,2014,DHS,423,465,,,2
KEN,Kisumu,3150057,Children wasted,0.8,1,KE,Kenya,2014,KE2014DHS,CN_NUTS_C_WH2,104236050,I,416082,1416082,Region,..Kisumu,0,,0,1,CNNUTSCWH2,KEDHS2014416082,2014,DHS,492,437,,,2
KEN,Homa Bay,6199893,Children wasted,2.3,1,KE,Kenya,2014,KE2014DHS,CN_NUTS_C_WH2,104236050,I,416083,1416083,Region,..Homa Bay,0,,0,1,CNNUTSCWH2,KEDHS2014416083,2014,DHS,621,537,,,2
KEN,Migori,5414179,Children wasted,4,1,KE,Kenya,2014,KE2014DHS,CN_NUTS_C_WH2,104236050,I,416084,1416084,Region,..Migori,0,,0,1,CNNUTSCWH2,KEDHS2014416084,2014,DHS,526,605,,,2
KEN,Kisii,3142878,Children wasted,1.7,1,KE,Kenya,2014,KE2014DHS,CN_NUTS_C_WH2,104236050,I,416085,1416085,Region,..Kisii,0,,0,1,CNNUTSCWH2,KEDHS2014416085,2014,DHS,511,462,,,2
KEN,Nyamira,7196292,Children wasted,4.1,1,KE,Kenya,2014,KE2014DHS,CN_NUTS_C_WH2,104236050,I,416086,1416086,Region,..Nyamira,0,,0,1,CNNUTSCWH2,KEDHS2014416086,2014,DHS,195,354,,,2
KEN,Nairobi,5092235,Children wasted,2.5,1,KE,Kenya,2014,KE2014DHS,CN_NUTS_C_WH2,104236050,I,416001,1416090,Region,Nairobi,0,,0,1,CNNUTSCWH2,KEDHS2014416001,2014,DHS,1643,449,,,2
KEN,Nairobi,5092236,Children wasted,2.5,1,KE,Kenya,2014,KE2014DHS,CN_NUTS_C_WH2,104236050,I,416001,1416090,Region,Nairobi,0,,0,1,CNNUTSCWH2,KEDHS2014416001,2014,DHS,1643,449,,,1
KEN,Coast,343949,Children overweight,3.3,1,KE,Kenya,2014,KE2014DHS,CN_NUTS_C_WHP,104236060,I,416003,1416010,Region,Coast,0,,0,1,CNNUTSCWHP,KEDHS2014416003,2014,DHS,1926,2539,,,1
KEN,Mombasa,1414578,Children overweight,4.2,1,KE,Kenya,2014,KE2014DHS,CN_NUTS_C_WHP,104236060,I,416011,1416011,Region,..Mombasa,0,,0,1,CNNUTSCWHP,KEDHS2014416011,2014,DHS,456,286,,,2
KEN,Kwale,788047,Children overweight,3.8,1,KE,Kenya,2014,KE2014DHS,CN_NUTS_C_WHP,104236060,I,416012,1416012,Region,..Kwale,0,,0,1,CNNUTSCWHP,KEDHS2014416012,2014,DHS,401,442,,,2
KEN,Kilifi,1137809,Children overweight,2.8,1,KE,Kenya,2014,KE2014DHS,CN_NUTS_C_WHP,104236060,I,416013,1416013,Region,..Kilifi,0,,0,1,CNNUTSCWHP,KEDHS2014416013,2014,DHS,737,558,,,2
KEN,Tana River,6175689,Children overweight,1.3,1,KE,Kenya,2014,KE2014DHS,CN_NUTS_C_WHP,104236060,I,416014,1416014,Region,..Tana River,0,,0,1,CNNUTSCWHP,KEDHS2014416014,2014,DHS,164,615,,,2
KEN,Lamu,1166741,Children overweight,2,1,KE,Kenya,2014,KE2014DHS,CN_NUTS_C_WHP,104236060,I,416015,1416015,Region,..Lamu,0,,0,1,CNNUTSCWHP,KEDHS2014416015,2014,DHS,53,346,,,2
KEN,Taita Taveta,3142852,Children overweight,4.2,1,KE,Kenya,2014,KE2014DHS,CN_NUTS_C_WHP,104236060,I,416016,1416016,Region,..Taita Taveta,0,,0,1,CNNUTSCWHP,KEDHS2014416016,2014,DHS,115,292,,,2
KEN,North Eastern,5484501,Children overweight,2.6,1,KE,Kenya,2014,KE2014DHS,CN_NUTS_C_WHP,104236060,I,416008,1416020,Region,North Eastern,0,,0,1,CNNUTSCWHP,KEDHS2014416008,2014,DHS,604,1485,,,1
KEN,Garissa,5782002,Children overweight,2.3,1,KE,Kenya,2014,KE2014DHS,CN_NUTS_C_WHP,104236060,I,416021,1416021,Region,..Garissa,0,,0,1,CNNUTSCWHP,KEDHS2014416021,2014,DHS,228,530,,,2
KEN,Wajir,355125,Children overweight,0.7,1,KE,Kenya,2014,KE2014DHS,CN_NUTS_C_WHP,104236060,I,416022,1416022,Region,..Wajir,0,,0,1,CNNUTSCWHP,KEDHS2014416022,2014,DHS,228,529,,,2
KEN,Mandera,3947190,Children overweight,5.9,1,KE,Kenya,2014,KE2014DHS,CN_NUTS_C_WHP,104236060,I,416023,1416023,Region,..Mandera,0,,0,1,CNNUTSCWHP,KEDHS2014416023,2014,DHS,148,426,,,2
KEN,Eastern,3142843,Children overweight,4.3,1,KE,Kenya,2014,KE2014DHS,CN_NUTS_C_WHP,104236060,I,416004,1416030,Region,Eastern,0,,0,1,CNNUTSCWHP,KEDHS2014416004,2014,DHS,2409,3058,,,1
KEN,Marsabit,6408178,Children overweight,1,1,KE,Kenya,2014,KE2014DHS,CN_NUTS_C_WHP,104236060,I,416031,1416031,Region,..Marsabit,0,,0,1,CNNUTSCWHP,KEDHS2014416031,2014,DHS,90,437,,,2
KEN,Isiolo,1115847,Children overweight,1.6,1,KE,Kenya,2014,KE2014DHS,CN_NUTS_C_WHP,104236060,I,416032,1416032,Region,..Isiolo,0,,0,1,CNNUTSCWHP,KEDHS2014416032,2014,DHS,80,505,,,2
KEN,Meru,5986768,Children overweight,4.9,1,KE,Kenya,2014,KE2014DHS,CN_NUTS_C_WHP,104236060,I,416033,1416033,Region,..Meru,0,,0,1,CNNUTSCWHP,KEDHS2014416033,2014,DHS,529,319,,,2
KEN,Tharaka-Nithi,7276962,Children overweight,3.6,1,KE,Kenya,2014,KE2014DHS,CN_NUTS_C_WHP,104236060,I,416034,1416034,Region,..Tharaka-Nithi,0,,0,1,CNNUTSCWHP,KEDHS2014416034,2014,DHS,151,269,,,2
KEN,Embu,3149823,Children overweight,3.6,1,KE,Kenya,2014,KE2014DHS,CN_NUTS_C_WHP,104236060,I,416035,1416035,Region,..Embu,0,,0,1,CNNUTSCWHP,KEDHS2014416035,2014,DHS,202,267,,,2
KEN,Kitui,7509959,Children overweight,3.1,1,KE,Kenya,2014,KE2014DHS,CN_NUTS_C_WHP,104236060,I,416036,1416036,Region,..Kitui,0,,0,1,CNNUTSCWHP,KEDHS2014416036,2014,DHS,486,449,,,2
KEN,Machakos,3376679,Children overweight,5.5,1,KE,Kenya,2014,KE2014DHS,CN_NUTS_C_WHP,104236060,I,416037,1416037,Region,..Machakos,0,,0,1,CNNUTSCWHP,KEDHS2014416037,2014,DHS,502,396,,,2
KEN,Makueni,6043417,Children overweight,5.3,1,KE,Kenya,2014,KE2014DHS,CN_NUTS_C_WHP,104236060,I,416038,1416038,Region,..Makueni,0,,0,1,CNNUTSCWHP,KEDHS2014416038,2014,DHS,369,416,,,2
KEN,Central,7809159,Children overweight,6.2,1,KE,Kenya,2014,KE2014DHS,CN_NUTS_C_WHP,104236060,I,416002,1416040,Region,Central,0,,0,1,CNNUTSCWHP,KEDHS2014416002,2014,DHS,1694,1401,,,1
KEN,Nyandarua,7167544,Children overweight,6.8,1,KE,Kenya,2014,KE2014DHS,CN_NUTS_C_WHP,104236060,I,416041,1416041,Region,..Nyandarua,0,,0,1,CNNUTSCWHP,KEDHS2014416041,2014,DHS,248,307,,,2
KEN,Nyeri,1449452,Children overweight,5.9,1,KE,Kenya,2014,KE2014DHS,CN_NUTS_C_WHP,104236060,I,416042,1416042,Region,..Nyeri,0,,0,1,CNNUTSCWHP,KEDHS2014416042,2014,DHS,268,295,,,2
KEN,Kirinyaga,4557088,Children overweight,4.5,1,KE,Kenya,2014,KE2014DHS,CN_NUTS_C_WHP,104236060,I,416043,1416043,Region,..Kirinyaga,0,,0,1,CNNUTSCWHP,KEDHS2014416043,2014,DHS,185,220,,,2
KEN,Murang'a,3149863,Children overweight,3.1,1,KE,Kenya,2014,KE2014DHS,CN_NUTS_C_WHP,104236060,I,416044,1416044,Region,..Murang'a,0,,0,1,CNNUTSCWHP,KEDHS2014416044,2014,DHS,307,284,,,2
KEN,Kiambu,3149846,Children overweight,7.9,1,KE,Kenya,2014,KE2014DHS,CN_NUTS_C_WHP,104236060,I,416045,1416045,Region,..Kiambu,0,,0,1,CNNUTSCWHP,KEDHS2014416045,2014,DHS,686,295,,,2
KEN,Rift Valley,3315241,Children overweight,3.7,1,KE,Kenya,2014,KE2014DHS,CN_NUTS_C_WHP,104236060,I,416006,1416050,Region,Rift Valley,0,,0,1,CNNUTSCWHP,KEDHS2014416006,2014,DHS,5466,6608,,,1
KEN,Turkana,4549824,Children overweight,0.2,1,KE,Kenya,2014,KE2014DHS,CN_NUTS_C_WHP,104236060,I,416051,1416051,Region,..Turkana,0,,0,1,CNNUTSCWHP,KEDHS2014416051,2014,DHS,359,530,,,2
KEN,West Pokot,1181843,Children overweight,1.4,1,KE,Kenya,2014,KE2014DHS,CN_NUTS_C_WHP,104236060,I,416052,1416052,Region,..West Pokot,0,,0,1,CNNUTSCWHP,KEDHS2014416052,2014,DHS,286,573,,,2
KEN,Samburu,7263720,Children overweight,0.6,1,KE,Kenya,2014,KE2014DHS,CN_NUTS_C_WHP,104236060,I,416053,1416053,Region,..Samburu,0,,0,1,CNNUTSCWHP,KEDHS2014416053,2014,DHS,112,534,,,2
KEN,Trans-Nzoia,886866,Children overweight,2.4,1,KE,Kenya,2014,KE2014DHS,CN_NUTS_C_WHP,104236060,I,416054,1416054,Region,..Trans-Nzoia,0,,0,1,CNNUTSCWHP,KEDHS2014416054,2014,DHS,556,479,,,2
KEN,Uasin Gishu,7617699,Children overweight,5.1,1,KE,Kenya,2014,KE2014DHS,CN_NUTS_C_WHP,104236060,I,416055,1416055,Region,..Uasin Gishu,0,,0,1,CNNUTSCWHP,KEDHS2014416055,2014,DHS,482,418,,,2
KEN,Elgeyo Marakwet,3362840,Children overweight,4.5,1,KE,Kenya,2014,KE2014DHS,CN_NUTS_C_WHP,104236060,I,416056,1416056,Region,..Elgeyo Marakwet,0,,0,1,CNNUTSCWHP,KEDHS2014416056,2014,DHS,170,410,,,2
KEN,Nandi,6035578,Children overweight,3.7,1,KE,Kenya,2014,KE2014DHS,CN_NUTS_C_WHP,104236060,I,416057,1416057,Region,..Nandi,0,,0,1,CNNUTSCWHP,KEDHS2014416057,2014,DHS,405,467,,,2
KEN,Baringo,5725758,Children overweight,2,1,KE,Kenya,2014,KE2014DHS,CN_NUTS_C_WHP,104236060,I,416058,1416058,Region,..Baringo,0,,0,1,CNNUTSCWHP,KEDHS2014416058,2014,DHS,233,431,,,2
KEN,Laikipia,5746674,Children overweight,3.7,1,KE,Kenya,2014,KE2014DHS,CN_NUTS_C_WHP,104236060,I,416059,1416059,Region,..Laikipia,0,,0,1,CNNUTSCWHP,KEDHS2014416059,2014,DHS,211,384,,,2
KEN,Nakuru,6584504,Children overweight,5.7,1,KE,Kenya,2014,KE2014DHS,CN_NUTS_C_WHP,104236060,I,416060,1416060,Region,..Nakuru,0,,0,1,CNNUTSCWHP,KEDHS2014416060,2014,DHS,840,432,,,2
KEN,Narok,1428314,Children overweight,3,1,KE,Kenya,2014,KE2014DHS,CN_NUTS_C_WHP,104236060,I,416061,1416061,Region,..Narok,0,,0,1,CNNUTSCWHP,KEDHS2014416061,2014,DHS,628,657,,,2
KEN,Kajiado,6487352,Children overweight,4.3,1,KE,Kenya,2014,KE2014DHS,CN_NUTS_C_WHP,104236060,I,416062,1416062,Region,..Kajiado,0,,0,1,CNNUTSCWHP,KEDHS2014416062,2014,DHS,400,435,,,2
KEN,Kericho,3142846,Children overweight,6.6,1,KE,Kenya,2014,KE2014DHS,CN_NUTS_C_WHP,104236060,I,416063,1416063,Region,..Kericho,0,,0,1,CNNUTSCWHP,KEDHS2014416063,2014,DHS,311,384,,,2
KEN,Bomet,3134161,Children overweight,3.7,1,KE,Kenya,2014,KE2014DHS,CN_NUTS_C_WHP,104236060,I,416064,1416064,Region,..Bomet,0,,0,1,CNNUTSCWHP,KEDHS2014416064,2014,DHS,472,474,,,2
KEN,Western,3150065,Children overweight,3.4,1,KE,Kenya,2014,KE2014DHS,CN_NUTS_C_WHP,104236060,I,416007,1416070,Region,Western,0,,0,1,CNNUTSCWHP,KEDHS2014416007,2014,DHS,2476,2124,,,1
KEN,Kakamega,5920545,Children overweight,4.3,1,KE,Kenya,2014,KE2014DHS,CN_NUTS_C_WHP,104236060,I,416071,1416071,Region,..Kakamega,0,,0,1,CNNUTSCWHP,KEDHS2014416071,2014,DHS,845,545,,,2
KEN,Vihiga,7271343,Children overweight,4,1,KE,Kenya,2014,KE2014DHS,CN_NUTS_C_WHP,104236060,I,416072,1416072,Region,..Vihiga,0,,0,1,CNNUTSCWHP,KEDHS2014416072,2014,DHS,260,445,,,2
KEN,Bungoma,1036999,Children overweight,2.9,1,KE,Kenya,2014,KE2014DHS,CN_NUTS_C_WHP,104236060,I,416073,1416073,Region,..Bungoma,0,,0,1,CNNUTSCWHP,KEDHS2014416073,2014,DHS,938,605,,,2
KEN,Busia,352865,Children overweight,2.4,1,KE,Kenya,2014,KE2014DHS,CN_NUTS_C_WHP,104236060,I,416074,1416074,Region,..Busia,0,,0,1,CNNUTSCWHP,KEDHS2014416074,2014,DHS,433,529,,,2
KEN,Nyanza,3958137,Children overweight,4.4,1,KE,Kenya,2014,KE2014DHS,CN_NUTS_C_WHP,104236060,I,416005,1416080,Region,Nyanza,0,,0,1,CNNUTSCWHP,KEDHS2014416005,2014,DHS,2769,2860,,,1
KEN,Siaya,6474376,Children overweight,4.7,1,KE,Kenya,2014,KE2014DHS,CN_NUTS_C_WHP,104236060,I,416081,1416081,Region,..Siaya,0,,0,1,CNNUTSCWHP,KEDHS2014416081,2014,DHS,423,465,,,2
KEN,Kisumu,3150069,Children overweight,5.7,1,KE,Kenya,2014,KE2014DHS,CN_NUTS_C_WHP,104236060,I,416082,1416082,Region,..Kisumu,0,,0,1,CNNUTSCWHP,KEDHS2014416082,2014,DHS,492,437,,,2
KEN,Homa Bay,6199894,Children overweight,4.1,1,KE,Kenya,2014,KE2014DHS,CN_NUTS_C_WHP,104236060,I,416083,1416083,Region,..Homa Bay,0,,0,1,CNNUTSCWHP,KEDHS2014416083,2014,DHS,621,537,,,2
KEN,Migori,5414234,Children overweight,4.4,1,KE,Kenya,2014,KE2014DHS,CN_NUTS_C_WHP,104236060,I,416084,1416084,Region,..Migori,0,,0,1,CNNUTSCWHP,KEDHS2014416084,2014,DHS,526,605,,,2
KEN,Kisii,3142879,Children overweight,4,1,KE,Kenya,2014,KE2014DHS,CN_NUTS_C_WHP,104236060,I,416085,1416085,Region,..Kisii,0,,0,1,CNNUTSCWHP,KEDHS2014416085,2014,DHS,511,462,,,2
KEN,Nyamira,7196293,Children overweight,2.9,1,KE,Kenya,2014,KE2014DHS,CN_NUTS_C_WHP,104236060,I,416086,1416086,Region,..Nyamira,0,,0,1,CNNUTSCWHP,KEDHS2014416086,2014,DHS,195,354,,,2
KEN,Nairobi,5092237,Children overweight,5.3,1,KE,Kenya,2014,KE2014DHS,CN_NUTS_C_WHP,104236060,I,416001,1416090,Region,Nairobi,0,,0,1,CNNUTSCWHP,KEDHS2014416001,2014,DHS,1643,449,,,2
KEN,Nairobi,5092238,Children overweight,5.3,1,KE,Kenya,2014,KE2014DHS,CN_NUTS_C_WHP,104236060,I,416001,1416090,Region,Nairobi,0,,0,1,CNNUTSCWHP,KEDHS2014416001,2014,DHS,1643,449,,,1
KEN,Coast,7525945,Children who started breastfeeding within 1 hour of birth,62.1,1,KE,Kenya,2014,KE2014DHS,CN_BRFI_C_1HR,104266020,I,416003,1416010,Region,Coast,0,,0,1,CNBRFIC1HR,KEDHS2014416003,2014,DHS,374,487,,,1
KEN,North Eastern,6727711,Children who started breastfeeding within 1 hour of birth,80.8,1,KE,Kenya,2014,KE2014DHS,CN_BRFI_C_1HR,104266020,I,416008,1416020,Region,North Eastern,0,,0,1,CNBRFIC1HR,KEDHS2014416008,2014,DHS,108,276,,,1
KEN,Eastern,4493535,Children who started breastfeeding within 1 hour of birth,64.9,1,KE,Kenya,2014,KE2014DHS,CN_BRFI_C_1HR,104266020,I,416004,1416030,Region,Eastern,0,,0,1,CNBRFIC1HR,KEDHS2014416004,2014,DHS,429,558,,,1
KEN,Central,4053157,Children who started breastfeeding within 1 hour of birth,48.1,1,KE,Kenya,2014,KE2014DHS,CN_BRFI_C_1HR,104266020,I,416002,1416040,Region,Central,0,,0,1,CNBRFIC1HR,KEDHS2014416002,2014,DHS,312,248,,,1
KEN,Rift Valley,5808975,Children who started breastfeeding within 1 hour of birth,69.4,1,KE,Kenya,2014,KE2014DHS,CN_BRFI_C_1HR,104266020,I,416006,1416050,Region,Rift Valley,0,,0,1,CNBRFIC1HR,KEDHS2014416006,2014,DHS,1057,1306,,,1
KEN,Western,7093775,Children who started breastfeeding within 1 hour of birth,52.8,1,KE,Kenya,2014,KE2014DHS,CN_BRFI_C_1HR,104266020,I,416007,1416070,Region,Western,0,,0,1,CNBRFIC1HR,KEDHS2014416007,2014,DHS,414,347,,,1
KEN,Nyanza,7846616,Children who started breastfeeding within 1 hour of birth,58.4,1,KE,Kenya,2014,KE2014DHS,CN_BRFI_C_1HR,104266020,I,416005,1416080,Region,Nyanza,0,,0,1,CNBRFIC1HR,KEDHS2014416005,2014,DHS,484,504,,,1
KEN,Nairobi,4062951,Children who started breastfeeding within 1 hour of birth,60.8,1,KE,Kenya,2014,KE2014DHS,CN_BRFI_C_1HR,104266020,I,416001,1416090,Region,Nairobi,0,,0,1,CNBRFIC1HR,KEDHS2014416001,2014,DHS,366,95,,,2
KEN,Nairobi,4062952,Children who started breastfeeding within 1 hour of birth,60.8,1,KE,Kenya,2014,KE2014DHS,CN_BRFI_C_1HR,104266020,I,416001,1416090,Region,Nairobi,0,,0,1,CNBRFIC1HR,KEDHS2014416001,2014,DHS,366,95,,,1
KEN,Coast,4366722,Breastfed children 6-23 months fed both 4+ food groups and the minimum meal frequency,15.8,1,KE,Kenya,2014,KE2014DHS,CN_IYCF_C_BTB,104436030,I,416003,1416010,Region,Coast,0,,0,1,CNIYCFCBTB,KEDHS2014416003,2014,DHS,212,295,,,1
KEN,North Eastern,1457228,Breastfed children 6-23 months fed both 4+ food groups and the minimum meal frequency,2.4,1,KE,Kenya,2014,KE2014DHS,CN_IYCF_C_BTB,104436030,I,416008,1416020,Region,North Eastern,0,,0,1,CNIYCFCBTB,KEDHS2014416008,2014,DHS,60,143,,,1
KEN,Eastern,5674691,Breastfed children 6-23 months fed both 4+ food groups and the minimum meal frequency,21.7,1,KE,Kenya,2014,KE2014DHS,CN_IYCF_C_BTB,104436030,I,416004,1416030,Region,Eastern,0,,0,1,CNIYCFCBTB,KEDHS2014416004,2014,DHS,284,370,,,1
KEN,Central,56296,Breastfed children 6-23 months fed both 4+ food groups and the minimum meal frequency,37.4,1,KE,Kenya,2014,KE2014DHS,CN_IYCF_C_BTB,104436030,I,416002,1416040,Region,Central,0,,0,1,CNIYCFCBTB,KEDHS2014416002,2014,DHS,190,151,,,1
KEN,Rift Valley,5692022,Breastfed children 6-23 months fed both 4+ food groups and the minimum meal frequency,21.3,1,KE,Kenya,2014,KE2014DHS,CN_IYCF_C_BTB,104436030,I,416006,1416050,Region,Rift Valley,0,,0,1,CNIYCFCBTB,KEDHS2014416006,2014,DHS,678,811,,,1
KEN,Western,6757062,Breastfed children 6-23 months fed both 4+ food groups and the minimum meal frequency,10.5,1,KE,Kenya,2014,KE2014DHS,CN_IYCF_C_BTB,104436030,I,416007,1416070,Region,Western,0,,0,1,CNIYCFCBTB,KEDHS2014416007,2014,DHS,248,213,,,1
KEN,Nyanza,4739623,Breastfed children 6-23 months fed both 4+ food groups and the minimum meal frequency,25.7,1,KE,Kenya,2014,KE2014DHS,CN_IYCF_C_BTB,104436030,I,416005,1416080,Region,Nyanza,0,,0,1,CNIYCFCBTB,KEDHS2014416005,2014,DHS,274,299,,,1
KEN,Nairobi,4010498,Breastfed children 6-23 months fed both 4+ food groups and the minimum meal frequency,37,1,KE,Kenya,2014,KE2014DHS,CN_IYCF_C_BTB,104436030,I,416001,1416090,Region,Nairobi,0,,0,1,CNIYCFCBTB,KEDHS2014416001,2014,DHS,213,58,,,2
KEN,Nairobi,4010499,Breastfed children 6-23 months fed both 4+ food groups and the minimum meal frequency,37,1,KE,Kenya,2014,KE2014DHS,CN_IYCF_C_BTB,104436030,I,416001,1416090,Region,Nairobi,0,,0,1,CNIYCFCBTB,KEDHS2014416001,2014,DHS,213,58,,,1
KEN,Coast,5612222,Non-breastfed children 6-23 months with 3 IYCF practices,7.3,1,KE,Kenya,2014,KE2014DHS,CN_IYCF_C_3PN,104436090,I,416003,1416010,Region,Coast,0,,0,1,CNIYCFC3PN,KEDHS2014416003,2014,DHS,41,45,,,1
KEN,North Eastern,6442507,Non-breastfed children 6-23 months with 3 IYCF practices,4,1,KE,Kenya,2014,KE2014DHS,CN_IYCF_C_3PN,104436090,I,416008,1416020,Region,North Eastern,0,,0,1,CNIYCFC3PN,KEDHS2014416008,2014,DHS,18,49,,,1
KEN,Eastern,3855078,Non-breastfed children 6-23 months with 3 IYCF practices,15.2,1,KE,Kenya,2014,KE2014DHS,CN_IYCF_C_3PN,104436090,I,416004,1416030,Region,Eastern,0,,0,1,CNIYCFC3PN,KEDHS2014416004,2014,DHS,33,44,,,1
KEN,Central,3143177,Non-breastfed children 6-23 months with 3 IYCF practices,10.7,1,KE,Kenya,2014,KE2014DHS,CN_IYCF_C_3PN,104436090,I,416002,1416040,Region,Central,0,,0,1,CNIYCFC3PN,KEDHS2014416002,2014,DHS,49,38,,,1
KEN,Rift Valley,7674275,Non-breastfed children 6-23 months with 3 IYCF practices,14.5,1,KE,Kenya,2014,KE2014DHS,CN_IYCF_C_3PN,104436090,I,416006,1416050,Region,Rift Valley,0,,0,1,CNIYCFC3PN,KEDHS2014416006,2014,DHS,110,159,,,1
KEN,Western,1430641,Non-breastfed children 6-23 months with 3 IYCF practices,9.1,1,KE,Kenya,2014,KE2014DHS,CN_IYCF_C_3PN,104436090,I,416007,1416070,Region,Western,0,,0,1,CNIYCFC3PN,KEDHS2014416007,2014,DHS,51,46,,,1
KEN,Nyanza,5836266,Non-breastfed children 6-23 months with 3 IYCF practices,18.2,1,KE,Kenya,2014,KE2014DHS,CN_IYCF_C_3PN,104436090,I,416005,1416080,Region,Nyanza,0,,0,1,CNIYCFC3PN,KEDHS2014416005,2014,DHS,68,74,,,1
KEN,Coast,310639,Households with iodized salt,98.5,1,KE,Kenya,2014,KE2014DHS,CN_IODZ_H_IOD,104531050,I,416003,1416010,Region,Coast,0,,0,1,CNIODZHIOD,KEDHS2014416003,2014,DHS,3275,4140,,,1
KEN,Mombasa,4493549,Households with iodized salt,99.9,1,KE,Kenya,2014,KE2014DHS,CN_IODZ_H_IOD,104531050,I,416011,1416011,Region,..Mombasa,0,,0,1,CNIODZHIOD,KEDHS2014416011,2014,DHS,1113,717,,,2
KEN,Kwale,788461,Households with iodized salt,98.7,1,KE,Kenya,2014,KE2014DHS,CN_IODZ_H_IOD,104531050,I,416012,1416012,Region,..Kwale,0,,0,1,CNIODZHIOD,KEDHS2014416012,2014,DHS,644,660,,,2
KEN,Kilifi,1111665,Households with iodized salt,96.9,1,KE,Kenya,2014,KE2014DHS,CN_IODZ_H_IOD,104531050,I,416013,1416013,Region,..Kilifi,0,,0,1,CNIODZHIOD,KEDHS2014416013,2014,DHS,930,737,,,2
KEN,Tana River,5722577,Households with iodized salt,99.7,1,KE,Kenya,2014,KE2014DHS,CN_IODZ_H_IOD,104531050,I,416014,1416014,Region,..Tana River,0,,0,1,CNIODZHIOD,KEDHS2014416014,2014,DHS,196,670,,,2
KEN,Lamu,1167201,Households with iodized salt,89.2,1,KE,Kenya,2014,KE2014DHS,CN_IODZ_H_IOD,104531050,I,416015,1416015,Region,..Lamu,0,,0,1,CNIODZHIOD,KEDHS2014416015,2014,DHS,97,650,,,2
KEN,Taita Taveta,5271316,Households with iodized salt,99.9,1,KE,Kenya,2014,KE2014DHS,CN_IODZ_H_IOD,104531050,I,416016,1416016,Region,..Taita Taveta,0,,0,1,CNIODZHIOD,KEDHS2014416016,2014,DHS,295,706,,,2
KEN,North Eastern,5603514,Households with iodized salt,98.3,1,KE,Kenya,2014,KE2014DHS,CN_IODZ_H_IOD,104531050,I,416008,1416020,Region,North Eastern,0,,0,1,CNIODZHIOD,KEDHS2014416008,2014,DHS,573,1466,,,1
KEN,Garissa,7468722,Households with iodized salt,96.9,1,KE,Kenya,2014,KE2014DHS,CN_IODZ_H_IOD,104531050,I,416021,1416021,Region,..Garissa,0,,0,1,CNIODZHIOD,KEDHS2014416021,2014,DHS,230,561,,,2
KEN,Wajir,317082,Households with iodized salt,99.3,1,KE,Kenya,2014,KE2014DHS,CN_IODZ_H_IOD,104531050,I,416022,1416022,Region,..Wajir,0,,0,1,CNIODZHIOD,KEDHS2014416022,2014,DHS,173,434,,,2
KEN,Mandera,3396698,Households with iodized salt,99.3,1,KE,Kenya,2014,KE2014DHS,CN_IODZ_H_IOD,104531050,I,416023,1416023,Region,..Mandera,0,,0,1,CNIODZHIOD,KEDHS2014416023,2014,DHS,169,471,,,2
KEN,Eastern,3382528,Households with iodized salt,99.6,1,KE,Kenya,2014,KE2014DHS,CN_IODZ_H_IOD,104531050,I,416004,1416030,Region,Eastern,0,,0,1,CNIODZHIOD,KEDHS2014416004,2014,DHS,4905,5789,,,1
KEN,Marsabit,7838226,Households with iodized salt,100,1,KE,Kenya,2014,KE2014DHS,CN_IODZ_H_IOD,104531050,I,416031,1416031,Region,..Marsabit,0,,0,1,CNIODZHIOD,KEDHS2014416031,2014,DHS,127,615,,,2
KEN,Isiolo,1115703,Households with iodized salt,98.2,1,KE,Kenya,2014,KE2014DHS,CN_IODZ_H_IOD,104531050,I,416032,1416032,Region,..Isiolo,0,,0,1,CNIODZHIOD,KEDHS2014416032,2014,DHS,113,676,,,2
KEN,Meru,7201569,Households with iodized salt,100,1,KE,Kenya,2014,KE2014DHS,CN_IODZ_H_IOD,104531050,I,416033,1416033,Region,..Meru,0,,0,1,CNIODZHIOD,KEDHS2014416033,2014,DHS,1275,766,,,2
KEN,Tharaka-Nithi,6742113,Households with iodized salt,99.4,1,KE,Kenya,2014,KE2014DHS,CN_IODZ_H_IOD,104531050,I,416034,1416034,Region,..Tharaka-Nithi,0,,0,1,CNIODZHIOD,KEDHS2014416034,2014,DHS,330,645,,,2
KEN,Embu,1451955,Households with iodized salt,100,1,KE,Kenya,2014,KE2014DHS,CN_IODZ_H_IOD,104531050,I,416035,1416035,Region,..Embu,0,,0,1,CNIODZHIOD,KEDHS2014416035,2014,DHS,531,754,,,2
KEN,Kitui,6013122,Households with iodized salt,99.8,1,KE,Kenya,2014,KE2014DHS,CN_IODZ_H_IOD,104531050,I,416036,1416036,Region,..Kitui,0,,0,1,CNIODZHIOD,KEDHS2014416036,2014,DHS,793,763,,,2
KEN,Machakos,7655421,Households with iodized salt,99.1,1,KE,Kenya,2014,KE2014DHS,CN_IODZ_H_IOD,104531050,I,416037,1416037,Region,..Machakos,0,,0,1,CNIODZHIOD,KEDHS2014416037,2014,DHS,1068,822,,,2
KEN,Makueni,483259,Households with iodized salt,99.5,1,KE,Kenya,2014,KE2014DHS,CN_IODZ_H_IOD,104531050,I,416038,1416038,Region,..Makueni,0,,0,1,CNIODZHIOD,KEDHS2014416038,2014,DHS,668,748,,,2
KEN,Central,7460623,Households with iodized salt,99.5,1,KE,Kenya,2014,KE2014DHS,CN_IODZ_H_IOD,104531050,I,416002,1416040,Region,Central,0,,0,1,CNIODZHIOD,KEDHS2014416002,2014,DHS,4740,3819,,,1
KEN,Nyandarua,346012,Households with iodized salt,100,1,KE,Kenya,2014,KE2014DHS,CN_IODZ_H_IOD,104531050,I,416041,1416041,Region,..Nyandarua,0,,0,1,CNIODZHIOD,KEDHS2014416041,2014,DHS,578,734,,,2
KEN,Nyeri,3158152,Households with iodized salt,99.9,1,KE,Kenya,2014,KE2014DHS,CN_IODZ_H_IOD,104531050,I,416042,1416042,Region,..Nyeri,0,,0,1,CNIODZHIOD,KEDHS2014416042,2014,DHS,776,834,,,2
KEN,Kirinyaga,6560093,Households with iodized salt,95.9,1,KE,Kenya,2014,KE2014DHS,CN_IODZ_H_IOD,104531050,I,416043,1416043,Region,..Kirinyaga,0,,0,1,CNIODZHIOD,KEDHS2014416043,2014,DHS,532,674,,,2
KEN,Murang'a,4919464,Households with iodized salt,100,1,KE,Kenya,2014,KE2014DHS,CN_IODZ_H_IOD,104531050,I,416044,1416044,Region,..Murang'a,0,,0,1,CNIODZHIOD,KEDHS2014416044,2014,DHS,894,774,,,2
KEN,Kiambu,7248274,Households with iodized salt,100,1,KE,Kenya,2014,KE2014DHS,CN_IODZ_H_IOD,104531050,I,416045,1416045,Region,..Kiambu,0,,0,1,CNIODZHIOD,KEDHS2014416045,2014,DHS,1961,803,,,2
KEN,Rift Valley,3710407,Households with iodized salt,99.8,1,KE,Kenya,2014,KE2014DHS,CN_IODZ_H_IOD,104531050,I,416006,1416050,Region,Rift Valley,0,,0,1,CNIODZHIOD,KEDHS2014416006,2014,DHS,8635,9690,,,1
KEN,Turkana,3143235,Households with iodized salt,99.4,1,KE,Kenya,2014,KE2014DHS,CN_IODZ_H_IOD,104531050,I,416051,1416051,Region,..Turkana,0,,0,1,CNIODZHIOD,KEDHS2014416051,2014,DHS,298,458,,,2
KEN,West Pokot,1181245,Households with iodized salt,100,1,KE,Kenya,2014,KE2014DHS,CN_IODZ_H_IOD,104531050,I,416052,1416052,Region,..West Pokot,0,,0,1,CNIODZHIOD,KEDHS2014416052,2014,DHS,313,642,,,2
KEN,Samburu,6651800,Households with iodized salt,99.5,1,KE,Kenya,2014,KE2014DHS,CN_IODZ_H_IOD,104531050,I,416053,1416053,Region,..Samburu,0,,0,1,CNIODZHIOD,KEDHS2014416053,2014,DHS,127,608,,,2
KEN,Trans-Nzoia,886399,Households with iodized salt,99.7,1,KE,Kenya,2014,KE2014DHS,CN_IODZ_H_IOD,104531050,I,416054,1416054,Region,..Trans-Nzoia,0,,0,1,CNIODZHIOD,KEDHS2014416054,2014,DHS,772,758,,,2
KEN,Uasin Gishu,6005895,Households with iodized salt,99.7,1,KE,Kenya,2014,KE2014DHS,CN_IODZ_H_IOD,104531050,I,416055,1416055,Region,..Uasin Gishu,0,,0,1,CNIODZHIOD,KEDHS2014416055,2014,DHS,917,778,,,2
KEN,Elgeyo Marakwet,5719508,Households with iodized salt,100,1,KE,Kenya,2014,KE2014DHS,CN_IODZ_H_IOD,104531050,I,416056,1416056,Region,..Elgeyo Marakwet,0,,0,1,CNIODZHIOD,KEDHS2014416056,2014,DHS,295,705,,,2
KEN,Nandi,499211,Households with iodized salt,99.9,1,KE,Kenya,2014,KE2014DHS,CN_IODZ_H_IOD,104531050,I,416057,1416057,Region,..Nandi,0,,0,1,CNIODZHIOD,KEDHS2014416057,2014,DHS,663,767,,,2
KEN,Baringo,3150530,Households with iodized salt,99.7,1,KE,Kenya,2014,KE2014DHS,CN_IODZ_H_IOD,104531050,I,416058,1416058,Region,..Baringo,0,,0,1,CNIODZHIOD,KEDHS2014416058,2014,DHS,343,604,,,2
KEN,Laikipia,7227738,Households with iodized salt,99.8,1,KE,Kenya,2014,KE2014DHS,CN_IODZ_H_IOD,104531050,I,416059,1416059,Region,..Laikipia,0,,0,1,CNIODZHIOD,KEDHS2014416059,2014,DHS,375,684,,,2
KEN,Nakuru,7617690,Households with iodized salt,99.9,1,KE,Kenya,2014,KE2014DHS,CN_IODZ_H_IOD,104531050,I,416060,1416060,Region,..Nakuru,0,,0,1,CNIODZHIOD,KEDHS2014416060,2014,DHS,1912,886,,,2
KEN,Narok,3150533,Households with iodized salt,100,1,KE,Kenya,2014,KE2014DHS,CN_IODZ_H_IOD,104531050,I,416061,1416061,Region,..Narok,0,,0,1,CNIODZHIOD,KEDHS2014416061,2014,DHS,713,764,,,2
KEN,Kajiado,6546521,Households with iodized salt,99.5,1,KE,Kenya,2014,KE2014DHS,CN_IODZ_H_IOD,104531050,I,416062,1416062,Region,..Kajiado,0,,0,1,CNIODZHIOD,KEDHS2014416062,2014,DHS,684,678,,,2
KEN,Kericho,3143230,Households with iodized salt,99.5,1,KE,Kenya,2014,KE2014DHS,CN_IODZ_H_IOD,104531050,I,416063,1416063,Region,..Kericho,0,,0,1,CNIODZHIOD,KEDHS2014416063,2014,DHS,548,677,,,2
KEN,Bomet,399032,Households with iodized salt,100,1,KE,Kenya,2014,KE2014DHS,CN_IODZ_H_IOD,104531050,I,416064,1416064,Region,..Bomet,0,,0,1,CNIODZHIOD,KEDHS2014416064,2014,DHS,675,681,,,2
KEN,Western,7214814,Households with iodized salt,99.1,1,KE,Kenya,2014,KE2014DHS,CN_IODZ_H_IOD,104531050,I,416007,1416070,Region,Western,0,,0,1,CNIODZHIOD,KEDHS2014416007,2014,DHS,3405,3051,,,1
KEN,Kakamega,7150689,Households with iodized salt,98.6,1,KE,Kenya,2014,KE2014DHS,CN_IODZ_H_IOD,104531050,I,416071,1416071,Region,..Kakamega,0,,0,1,CNIODZHIOD,KEDHS2014416071,2014,DHS,1276,825,,,2
KEN,Vihiga,4186535,Households with iodized salt,98.5,1,KE,Kenya,2014,KE2014DHS,CN_IODZ_H_IOD,104531050,I,416072,1416072,Region,..Vihiga,0,,0,1,CNIODZHIOD,KEDHS2014416072,2014,DHS,433,736,,,2
KEN,Bungoma,1018692,Households with iodized salt,99.6,1,KE,Kenya,2014,KE2014DHS,CN_IODZ_H_IOD,104531050,I,416073,1416073,Region,..Bungoma,0,,0,1,CNIODZHIOD,KEDHS2014416073,2014,DHS,1096,752,,,2
KEN,Busia,6013125,Households with iodized salt,99.8,1,KE,Kenya,2014,KE2014DHS,CN_IODZ_H_IOD,104531050,I,416074,1416074,Region,..Busia,0,,0,1,CNIODZHIOD,KEDHS2014416074,2014,DHS,599,738,,,2
KEN,Nyanza,6205968,Households with iodized salt,99.7,1,KE,Kenya,2014,KE2014DHS,CN_IODZ_H_IOD,104531050,I,416005,1416080,Region,Nyanza,0,,0,1,CNIODZHIOD,KEDHS2014416005,2014,DHS,4348,4571,,,1
KEN,Siaya,6347381,Households with iodized salt,99.8,1,KE,Kenya,2014,KE2014DHS,CN_IODZ_H_IOD,104531050,I,416081,1416081,Region,..Siaya,0,,0,1,CNIODZHIOD,KEDHS2014416081,2014,DHS,672,743,,,2
KEN,Kisumu,3150506,Households with iodized salt,99.6,1,KE,Kenya,2014,KE2014DHS,CN_IODZ_H_IOD,104531050,I,416082,1416082,Region,..Kisumu,0,,0,1,CNIODZHIOD,KEDHS2014416082,2014,DHS,889,754,,,2
KEN,Homa Bay,406381,Households with iodized salt,99.5,1,KE,Kenya,2014,KE2014DHS,CN_IODZ_H_IOD,104531050,I,416083,1416083,Region,..Homa Bay,0,,0,1,CNIODZHIOD,KEDHS2014416083,2014,DHS,851,769,,,2
KEN,Migori,4234439,Households with iodized salt,99.8,1,KE,Kenya,2014,KE2014DHS,CN_IODZ_H_IOD,104531050,I,416084,1416084,Region,..Migori,0,,0,1,CNIODZHIOD,KEDHS2014416084,2014,DHS,659,767,,,2
KEN,Kisii,1360183,Households with iodized salt,99.8,1,KE,Kenya,2014,KE2014DHS,CN_IODZ_H_IOD,104531050,I,416085,1416085,Region,..Kisii,0,,0,1,CNIODZHIOD,KEDHS2014416085,2014,DHS,874,816,,,2
KEN,Nyamira,285804,Households with iodized salt,100,1,KE,Kenya,2014,KE2014DHS,CN_IODZ_H_IOD,104531050,I,416086,1416086,Region,..Nyamira,0,,0,1,CNIODZHIOD,KEDHS2014416086,2014,DHS,404,722,,,2
KEN,Nairobi,3535141,Households with iodized salt,99.7,1,KE,Kenya,2014,KE2014DHS,CN_IODZ_H_IOD,104531050,I,416001,1416090,Region,Nairobi,0,,0,1,CNIODZHIOD,KEDHS2014416001,2014,DHS,4260,1184,,,2
KEN,Nairobi,3535142,Households with iodized salt,99.7,1,KE,Kenya,2014,KE2014DHS,CN_IODZ_H_IOD,104531050,I,416001,1416090,Region,Nairobi,0,,0,1,CNIODZHIOD,KEDHS2014416001,2014,DHS,4260,1184,,,1
KEN,Coast,6019929,Women who are thin according to BMI (<18.5),11,1,KE,Kenya,2014,KE2014DHS,AN_NUTS_W_THN,114563060,I,416003,1416010,Region,Coast,0,,0,1,ANNUTSWTHN,KEDHS2014416003,2014,DHS,1262,1644,,,1
KEN,Mombasa,7773857,Women who are thin according to BMI (<18.5),4.8,1,KE,Kenya,2014,KE2014DHS,AN_NUTS_W_THN,114563060,I,416011,1416011,Region,..Mombasa,0,,0,1,ANNUTSWTHN,KEDHS2014416011,2014,DHS,362,237,,,2
KEN,Kwale,787415,Women who are thin according to BMI (<18.5),16.3,1,KE,Kenya,2014,KE2014DHS,AN_NUTS_W_THN,114563060,I,416012,1416012,Region,..Kwale,0,,0,1,ANNUTSWTHN,KEDHS2014416012,2014,DHS,252,275,,,2
KEN,Kilifi,1137438,Women who are thin according to BMI (<18.5),10.9,1,KE,Kenya,2014,KE2014DHS,AN_NUTS_W_THN,114563060,I,416013,1416013,Region,..Kilifi,0,,0,1,ANNUTSWTHN,KEDHS2014416013,2014,DHS,435,346,,,2
KEN,Tana River,3150565,Women who are thin according to BMI (<18.5),29.1,1,KE,Kenya,2014,KE2014DHS,AN_NUTS_W_THN,114563060,I,416014,1416014,Region,..Tana River,0,,0,1,ANNUTSWTHN,KEDHS2014416014,2014,DHS,81,277,,,2
KEN,Lamu,1199428,Women who are thin according to BMI (<18.5),13.9,1,KE,Kenya,2014,KE2014DHS,AN_NUTS_W_THN,114563060,I,416015,1416015,Region,..Lamu,0,,0,1,ANNUTSWTHN,KEDHS2014416015,2014,DHS,41,276,,,2
KEN,Taita Taveta,7429098,Women who are thin according to BMI (<18.5),4.5,1,KE,Kenya,2014,KE2014DHS,AN_NUTS_W_THN,114563060,I,416016,1416016,Region,..Taita Taveta,0,,0,1,ANNUTSWTHN,KEDHS2014416016,2014,DHS,91,233,,,2
KEN,North Eastern,161979,Women who are thin according to BMI (<18.5),28.7,1,KE,Kenya,2014,KE2014DHS,AN_NUTS_W_THN,114563060,I,416008,1416020,Region,North Eastern,0,,0,1,ANNUTSWTHN,KEDHS2014416008,2014,DHS,239,624,,,1
KEN,Garissa,677007,Women who are thin according to BMI (<18.5),33.2,1,KE,Kenya,2014,KE2014DHS,AN_NUTS_W_THN,114563060,I,416021,1416021,Region,..Garissa,0,,0,1,ANNUTSWTHN,KEDHS2014416021,2014,DHS,96,224,,,2
KEN,Wajir,6040648,Women who are thin according to BMI (<18.5),28.3,1,KE,Kenya,2014,KE2014DHS,AN_NUTS_W_THN,114563060,I,416022,1416022,Region,..Wajir,0,,0,1,ANNUTSWTHN,KEDHS2014416022,2014,DHS,67,183,,,2
KEN,Mandera,3158204,Women who are thin according to BMI (<18.5),23.5,1,KE,Kenya,2014,KE2014DHS,AN_NUTS_W_THN,114563060,I,416023,1416023,Region,..Mandera,0,,0,1,ANNUTSWTHN,KEDHS2014416023,2014,DHS,76,217,,,2
KEN,Eastern,3143258,Women who are thin according to BMI (<18.5),9.8,1,KE,Kenya,2014,KE2014DHS,AN_NUTS_W_THN,114563060,I,416004,1416030,Region,Eastern,0,,0,1,ANNUTSWTHN,KEDHS2014416004,2014,DHS,1918,2299,,,1
KEN,Marsabit,5088860,Women who are thin according to BMI (<18.5),27,1,KE,Kenya,2014,KE2014DHS,AN_NUTS_W_THN,114563060,I,416031,1416031,Region,..Marsabit,0,,0,1,ANNUTSWTHN,KEDHS2014416031,2014,DHS,45,228,,,2
KEN,Isiolo,1115701,Women who are thin according to BMI (<18.5),24.4,1,KE,Kenya,2014,KE2014DHS,AN_NUTS_W_THN,114563060,I,416032,1416032,Region,..Isiolo,0,,0,1,ANNUTSWTHN,KEDHS2014416032,2014,DHS,44,260,,,2
KEN,Meru,3134557,Women who are thin according to BMI (<18.5),7.7,1,KE,Kenya,2014,KE2014DHS,AN_NUTS_W_THN,114563060,I,416033,1416033,Region,..Meru,0,,0,1,ANNUTSWTHN,KEDHS2014416033,2014,DHS,495,304,,,2
KEN,Tharaka-Nithi,317088,Women who are thin according to BMI (<18.5),10.9,1,KE,Kenya,2014,KE2014DHS,AN_NUTS_W_THN,114563060,I,416034,1416034,Region,..Tharaka-Nithi,0,,0,1,ANNUTSWTHN,KEDHS2014416034,2014,DHS,125,240,,,2
KEN,Embu,3734347,Women who are thin according to BMI (<18.5),12.8,1,KE,Kenya,2014,KE2014DHS,AN_NUTS_W_THN,114563060,I,416035,1416035,Region,..Embu,0,,0,1,ANNUTSWTHN,KEDHS2014416035,2014,DHS,197,278,,,2
KEN,Kitui,6362405,Women who are thin according to BMI (<18.5),9.5,1,KE,Kenya,2014,KE2014DHS,AN_NUTS_W_THN,114563060,I,416036,1416036,Region,..Kitui,0,,0,1,ANNUTSWTHN,KEDHS2014416036,2014,DHS,335,336,,,2
KEN,Machakos,568101,Women who are thin according to BMI (<18.5),6.3,1,KE,Kenya,2014,KE2014DHS,AN_NUTS_W_THN,114563060,I,416037,1416037,Region,..Machakos,0,,0,1,ANNUTSWTHN,KEDHS2014416037,2014,DHS,371,319,,,2
KEN,Makueni,6903003,Women who are thin according to BMI (<18.5),10.6,1,KE,Kenya,2014,KE2014DHS,AN_NUTS_W_THN,114563060,I,416038,1416038,Region,..Makueni,0,,0,1,ANNUTSWTHN,KEDHS2014416038,2014,DHS,306,334,,,2
KEN,Central,662370,Women who are thin according to BMI (<18.5),6.2,1,KE,Kenya,2014,KE2014DHS,AN_NUTS_W_THN,114563060,I,416002,1416040,Region,Central,0,,0,1,ANNUTSWTHN,KEDHS2014416002,2014,DHS,1697,1376,,,1
KEN,Nyandarua,6026938,Women who are thin according to BMI (<18.5),5.5,1,KE,Kenya,2014,KE2014DHS,AN_NUTS_W_THN,114563060,I,416041,1416041,Region,..Nyandarua,0,,0,1,ANNUTSWTHN,KEDHS2014416041,2014,DHS,187,248,,,2
KEN,Nyeri,3158212,Women who are thin according to BMI (<18.5),3.6,1,KE,Kenya,2014,KE2014DHS,AN_NUTS_W_THN,114563060,I,416042,1416042,Region,..Nyeri,0,,0,1,ANNUTSWTHN,KEDHS2014416042,2014,DHS,297,330,,,2
KEN,Kirinyaga,5625796,Women who are thin according to BMI (<18.5),6.8,1,KE,Kenya,2014,KE2014DHS,AN_NUTS_W_THN,114563060,I,416043,1416043,Region,..Kirinyaga,0,,0,1,ANNUTSWTHN,KEDHS2014416043,2014,DHS,196,246,,,2
KEN,Murang'a,3861063,Women who are thin according to BMI (<18.5),5.8,1,KE,Kenya,2014,KE2014DHS,AN_NUTS_W_THN,114563060,I,416044,1416044,Region,..Murang'a,0,,0,1,ANNUTSWTHN,KEDHS2014416044,2014,DHS,328,285,,,2
KEN,Kiambu,5729088,Women who are thin according to BMI (<18.5),7.6,1,KE,Kenya,2014,KE2014DHS,AN_NUTS_W_THN,114563060,I,416045,1416045,Region,..Kiambu,0,,0,1,ANNUTSWTHN,KEDHS2014416045,2014,DHS,689,267,,,2
KEN,Rift Valley,7962734,Women who are thin according to BMI (<18.5),11.8,1,KE,Kenya,2014,KE2014DHS,AN_NUTS_W_THN,114563060,I,416006,1416050,Region,Rift Valley,0,,0,1,ANNUTSWTHN,KEDHS2014416006,2014,DHS,3349,3786,,,1
KEN,Turkana,3143305,Women who are thin according to BMI (<18.5),45.3,1,KE,Kenya,2014,KE2014DHS,AN_NUTS_W_THN,114563060,I,416051,1416051,Region,..Turkana,0,,0,1,ANNUTSWTHN,KEDHS2014416051,2014,DHS,121,195,,,2
KEN,West Pokot,1204105,Women who are thin according to BMI (<18.5),23.3,1,KE,Kenya,2014,KE2014DHS,AN_NUTS_W_THN,114563060,I,416052,1416052,Region,..West Pokot,0,,0,1,ANNUTSWTHN,KEDHS2014416052,2014,DHS,108,207,,,2
KEN,Samburu,346029,Women who are thin according to BMI (<18.5),40.8,1,KE,Kenya,2014,KE2014DHS,AN_NUTS_W_THN,114563060,I,416053,1416053,Region,..Samburu,0,,0,1,ANNUTSWTHN,KEDHS2014416053,2014,DHS,52,246,,,2
KEN,Trans-Nzoia,886620,Women who are thin according to BMI (<18.5),7.4,1,KE,Kenya,2014,KE2014DHS,AN_NUTS_W_THN,114563060,I,416054,1416054,Region,..Trans-Nzoia,0,,0,1,ANNUTSWTHN,KEDHS2014416054,2014,DHS,316,300,,,2
KEN,Uasin Gishu,6553211,Women who are thin according to BMI (<18.5),11.2,1,KE,Kenya,2014,KE2014DHS,AN_NUTS_W_THN,114563060,I,416055,1416055,Region,..Uasin Gishu,0,,0,1,ANNUTSWTHN,KEDHS2014416055,2014,DHS,353,306,,,2
KEN,Elgeyo Marakwet,5886415,Women who are thin according to BMI (<18.5),12.8,1,KE,Kenya,2014,KE2014DHS,AN_NUTS_W_THN,114563060,I,416056,1416056,Region,..Elgeyo Marakwet,0,,0,1,ANNUTSWTHN,KEDHS2014416056,2014,DHS,99,248,,,2
KEN,Nandi,6952931,Women who are thin according to BMI (<18.5),8.4,1,KE,Kenya,2014,KE2014DHS,AN_NUTS_W_THN,114563060,I,416057,1416057,Region,..Nandi,0,,0,1,ANNUTSWTHN,KEDHS2014416057,2014,DHS,269,319,,,2
KEN,Baringo,7729134,Women who are thin according to BMI (<18.5),25.1,1,KE,Kenya,2014,KE2014DHS,AN_NUTS_W_THN,114563060,I,416058,1416058,Region,..Baringo,0,,0,1,ANNUTSWTHN,KEDHS2014416058,2014,DHS,134,237,,,2
KEN,Laikipia,7945340,Women who are thin according to BMI (<18.5),14.2,1,KE,Kenya,2014,KE2014DHS,AN_NUTS_W_THN,114563060,I,416059,1416059,Region,..Laikipia,0,,0,1,ANNUTSWTHN,KEDHS2014416059,2014,DHS,133,258,,,2
KEN,Nakuru,42223,Women who are thin according to BMI (<18.5),6.2,1,KE,Kenya,2014,KE2014DHS,AN_NUTS_W_THN,114563060,I,416060,1416060,Region,..Nakuru,0,,0,1,ANNUTSWTHN,KEDHS2014416060,2014,DHS,671,321,,,2
KEN,Narok,3150596,Women who are thin according to BMI (<18.5),9.7,1,KE,Kenya,2014,KE2014DHS,AN_NUTS_W_THN,114563060,I,416061,1416061,Region,..Narok,0,,0,1,ANNUTSWTHN,KEDHS2014416061,2014,DHS,260,282,,,2
KEN,Kajiado,5612218,Women who are thin according to BMI (<18.5),10.9,1,KE,Kenya,2014,KE2014DHS,AN_NUTS_W_THN,114563060,I,416062,1416062,Region,..Kajiado,0,,0,1,ANNUTSWTHN,KEDHS2014416062,2014,DHS,276,262,,,2
KEN,Kericho,3855072,Women who are thin according to BMI (<18.5),6.4,1,KE,Kenya,2014,KE2014DHS,AN_NUTS_W_THN,114563060,I,416063,1416063,Region,..Kericho,0,,0,1,ANNUTSWTHN,KEDHS2014416063,2014,DHS,249,290,,,2
KEN,Bomet,5829915,Women who are thin according to BMI (<18.5),9.8,1,KE,Kenya,2014,KE2014DHS,AN_NUTS_W_THN,114563060,I,416064,1416064,Region,..Bomet,0,,0,1,ANNUTSWTHN,KEDHS2014416064,2014,DHS,309,315,,,2
KEN,Western,5722583,Women who are thin according to BMI (<18.5),8.6,1,KE,Kenya,2014,KE2014DHS,AN_NUTS_W_THN,114563060,I,416007,1416070,Region,Western,0,,0,1,ANNUTSWTHN,KEDHS2014416007,2014,DHS,1431,1261,,,1
KEN,Kakamega,7359357,Women who are thin according to BMI (<18.5),7.7,1,KE,Kenya,2014,KE2014DHS,AN_NUTS_W_THN,114563060,I,416071,1416071,Region,..Kakamega,0,,0,1,ANNUTSWTHN,KEDHS2014416071,2014,DHS,500,319,,,2
KEN,Vihiga,3150555,Women who are thin according to BMI (<18.5),8.3,1,KE,Kenya,2014,KE2014DHS,AN_NUTS_W_THN,114563060,I,416072,1416072,Region,..Vihiga,0,,0,1,ANNUTSWTHN,KEDHS2014416072,2014,DHS,163,281,,,2
KEN,Bungoma,1020165,Women who are thin according to BMI (<18.5),9,1,KE,Kenya,2014,KE2014DHS,AN_NUTS_W_THN,114563060,I,416073,1416073,Region,..Bungoma,0,,0,1,ANNUTSWTHN,KEDHS2014416073,2014,DHS,513,349,,,2
KEN,Busia,6560091,Women who are thin according to BMI (<18.5),9.8,1,KE,Kenya,2014,KE2014DHS,AN_NUTS_W_THN,114563060,I,416074,1416074,Region,..Busia,0,,0,1,ANNUTSWTHN,KEDHS2014416074,2014,DHS,256,312,,,2
KEN,Nyanza,1495651,Women who are thin according to BMI (<18.5),6.3,1,KE,Kenya,2014,KE2014DHS,AN_NUTS_W_THN,114563060,I,416005,1416080,Region,Nyanza,0,,0,1,ANNUTSWTHN,KEDHS2014416005,2014,DHS,1729,1825,,,1
KEN,Siaya,5605507,Women who are thin according to BMI (<18.5),9.1,1,KE,Kenya,2014,KE2014DHS,AN_NUTS_W_THN,114563060,I,416081,1416081,Region,..Siaya,0,,0,1,ANNUTSWTHN,KEDHS2014416081,2014,DHS,251,288,,,2
KEN,Kisumu,3847626,Women who are thin according to BMI (<18.5),4.5,1,KE,Kenya,2014,KE2014DHS,AN_NUTS_W_THN,114563060,I,416082,1416082,Region,..Kisumu,0,,0,1,ANNUTSWTHN,KEDHS2014416082,2014,DHS,353,298,,,2
KEN,Homa Bay,5823148,Women who are thin according to BMI (<18.5),7.1,1,KE,Kenya,2014,KE2014DHS,AN_NUTS_W_THN,114563060,I,416083,1416083,Region,..Homa Bay,0,,0,1,ANNUTSWTHN,KEDHS2014416083,2014,DHS,330,296,,,2
KEN,Migori,4119475,Women who are thin according to BMI (<18.5),8.1,1,KE,Kenya,2014,KE2014DHS,AN_NUTS_W_THN,114563060,I,416084,1416084,Region,..Migori,0,,0,1,ANNUTSWTHN,KEDHS2014416084,2014,DHS,256,306,,,2
KEN,Kisii,1475414,Women who are thin according to BMI (<18.5),4.6,1,KE,Kenya,2014,KE2014DHS,AN_NUTS_W_THN,114563060,I,416085,1416085,Region,..Kisii,0,,0,1,ANNUTSWTHN,KEDHS2014416085,2014,DHS,387,353,,,2
KEN,Nyamira,4924205,Women who are thin according to BMI (<18.5),4.9,1,KE,Kenya,2014,KE2014DHS,AN_NUTS_W_THN,114563060,I,416086,1416086,Region,..Nyamira,0,,0,1,ANNUTSWTHN,KEDHS2014416086,2014,DHS,152,284,,,2
KEN,Nairobi,4646375,Women who are thin according to BMI (<18.5),2.8,1,KE,Kenya,2014,KE2014DHS,AN_NUTS_W_THN,114563060,I,416001,1416090,Region,Nairobi,0,,0,1,ANNUTSWTHN,KEDHS2014416001,2014,DHS,1517,400,,,2
KEN,Nairobi,4646376,Women who are thin according to BMI (<18.5),2.8,1,KE,Kenya,2014,KE2014DHS,AN_NUTS_W_THN,114563060,I,416001,1416090,Region,Nairobi,0,,0,1,ANNUTSWTHN,KEDHS2014416001,2014,DHS,1517,400,,,1
KEN,Coast,6019896,Women who are overweight or obese according to BMI (>=25.0),32.1,1,KE,Kenya,2014,KE2014DHS,AN_NUTS_W_OWT,114563090,I,416003,1416010,Region,Coast,0,,0,1,ANNUTSWOWT,KEDHS2014416003,2014,DHS,1262,1644,,,1
KEN,Mombasa,7773848,Women who are overweight or obese according to BMI (>=25.0),48.2,1,KE,Kenya,2014,KE2014DHS,AN_NUTS_W_OWT,114563090,I,416011,1416011,Region,..Mombasa,0,,0,1,ANNUTSWOWT,KEDHS2014416011,2014,DHS,362,237,,,2
KEN,Kwale,787396,Women who are overweight or obese according to BMI (>=25.0),27.8,1,KE,Kenya,2014,KE2014DHS,AN_NUTS_W_OWT,114563090,I,416012,1416012,Region,..Kwale,0,,0,1,ANNUTSWOWT,KEDHS2014416012,2014,DHS,252,275,,,2
KEN,Kilifi,1137432,Women who are overweight or obese according to BMI (>=25.0),20.4,1,KE,Kenya,2014,KE2014DHS,AN_NUTS_W_OWT,114563090,I,416013,1416013,Region,..Kilifi,0,,0,1,ANNUTSWOWT,KEDHS2014416013,2014,DHS,435,346,,,2
KEN,Tana River,3150516,Women who are overweight or obese according to BMI (>=25.0),19.7,1,KE,Kenya,2014,KE2014DHS,AN_NUTS_W_OWT,114563090,I,416014,1416014,Region,..Tana River,0,,0,1,ANNUTSWOWT,KEDHS2014416014,2014,DHS,81,277,,,2
KEN,Lamu,1199390,Women who are overweight or obese according to BMI (>=25.0),37.2,1,KE,Kenya,2014,KE2014DHS,AN_NUTS_W_OWT,114563090,I,416015,1416015,Region,..Lamu,0,,0,1,ANNUTSWOWT,KEDHS2014416015,2014,DHS,41,276,,,2
KEN,Taita Taveta,7429065,Women who are overweight or obese according to BMI (>=25.0),45,1,KE,Kenya,2014,KE2014DHS,AN_NUTS_W_OWT,114563090,I,416016,1416016,Region,..Taita Taveta,0,,0,1,ANNUTSWOWT,KEDHS2014416016,2014,DHS,91,233,,,2
KEN,North Eastern,161975,Women who are overweight or obese according to BMI (>=25.0),19,1,KE,Kenya,2014,KE2014DHS,AN_NUTS_W_OWT,114563090,I,416008,1416020,Region,North Eastern,0,,0,1,ANNUTSWOWT,KEDHS2014416008,2014,DHS,239,624,,,1
KEN,Garissa,677003,Women who are overweight or obese according to BMI (>=25.0),17.7,1,KE,Kenya,2014,KE2014DHS,AN_NUTS_W_OWT,114563090,I,416021,1416021,Region,..Garissa,0,,0,1,ANNUTSWOWT,KEDHS2014416021,2014,DHS,96,224,,,2
KEN,Wajir,6040644,Women who are overweight or obese according to BMI (>=25.0),25,1,KE,Kenya,2014,KE2014DHS,AN_NUTS_W_OWT,114563090,I,416022,1416022,Region,..Wajir,0,,0,1,ANNUTSWOWT,KEDHS2014416022,2014,DHS,67,183,,,2
KEN,Mandera,3158189,Women who are overweight or obese according to BMI (>=25.0),15.2,1,KE,Kenya,2014,KE2014DHS,AN_NUTS_W_OWT,114563090,I,416023,1416023,Region,..Mandera,0,,0,1,ANNUTSWOWT,KEDHS2014416023,2014,DHS,76,217,,,2
KEN,Eastern,3143243,Women who are overweight or obese according to BMI (>=25.0),30.1,1,KE,Kenya,2014,KE2014DHS,AN_NUTS_W_OWT,114563090,I,416004,1416030,Region,Eastern,0,,0,1,ANNUTSWOWT,KEDHS2014416004,2014,DHS,1918,2299,,,1
KEN,Marsabit,5063573,Women who are overweight or obese according to BMI (>=25.0),17.6,1,KE,Kenya,2014,KE2014DHS,AN_NUTS_W_OWT,114563090,I,416031,1416031,Region,..Marsabit,0,,0,1,ANNUTSWOWT,KEDHS2014416031,2014,DHS,45,228,,,2
KEN,Isiolo,1115695,Women who are overweight or obese according to BMI (>=25.0),25.2,1,KE,Kenya,2014,KE2014DHS,AN_NUTS_W_OWT,114563090,I,416032,1416032,Region,..Isiolo,0,,0,1,ANNUTSWOWT,KEDHS2014416032,2014,DHS,44,260,,,2
KEN,Meru,3134543,Women who are overweight or obese according to BMI (>=25.0),31.6,1,KE,Kenya,2014,KE2014DHS,AN_NUTS_W_OWT,114563090,I,416033,1416033,Region,..Meru,0,,0,1,ANNUTSWOWT,KEDHS2014416033,2014,DHS,495,304,,,2
KEN,Tharaka-Nithi,317092,Women who are overweight or obese according to BMI (>=25.0),24.5,1,KE,Kenya,2014,KE2014DHS,AN_NUTS_W_OWT,114563090,I,416034,1416034,Region,..Tharaka-Nithi,0,,0,1,ANNUTSWOWT,KEDHS2014416034,2014,DHS,125,240,,,2
KEN,Embu,3734354,Women who are overweight or obese according to BMI (>=25.0),33.5,1,KE,Kenya,2014,KE2014DHS,AN_NUTS_W_OWT,114563090,I,416035,1416035,Region,..Embu,0,,0,1,ANNUTSWOWT,KEDHS2014416035,2014,DHS,197,278,,,2
KEN,Kitui,6362408,Women who are overweight or obese according to BMI (>=25.0),31,1,KE,Kenya,2014,KE2014DHS,AN_NUTS_W_OWT,114563090,I,416036,1416036,Region,..Kitui,0,,0,1,ANNUTSWOWT,KEDHS2014416036,2014,DHS,335,336,,,2
KEN,Machakos,568097,Women who are overweight or obese according to BMI (>=25.0),29.4,1,KE,Kenya,2014,KE2014DHS,AN_NUTS_W_OWT,114563090,I,416037,1416037,Region,..Machakos,0,,0,1,ANNUTSWOWT,KEDHS2014416037,2014,DHS,371,319,,,2
KEN,Makueni,6902999,Women who are overweight or obese according to BMI (>=25.0),30,1,KE,Kenya,2014,KE2014DHS,AN_NUTS_W_OWT,114563090,I,416038,1416038,Region,..Makueni,0,,0,1,ANNUTSWOWT,KEDHS2014416038,2014,DHS,306,334,,,2
KEN,Central,662407,Women who are overweight or obese according to BMI (>=25.0),47.1,1,KE,Kenya,2014,KE2014DHS,AN_NUTS_W_OWT,114563090,I,416002,1416040,Region,Central,0,,0,1,ANNUTSWOWT,KEDHS2014416002,2014,DHS,1697,1376,,,1
KEN,Nyandarua,6026936,Women who are overweight or obese according to BMI (>=25.0),40.6,1,KE,Kenya,2014,KE2014DHS,AN_NUTS_W_OWT,114563090,I,416041,1416041,Region,..Nyandarua,0,,0,1,ANNUTSWOWT,KEDHS2014416041,2014,DHS,187,248,,,2
KEN,Nyeri,3158192,Women who are overweight or obese according to BMI (>=25.0),49.2,1,KE,Kenya,2014,KE2014DHS,AN_NUTS_W_OWT,114563090,I,416042,1416042,Region,..Nyeri,0,,0,1,ANNUTSWOWT,KEDHS2014416042,2014,DHS,297,330,,,2
KEN,Kirinyaga,5625761,Women who are overweight or obese according to BMI (>=25.0),54.4,1,KE,Kenya,2014,KE2014DHS,AN_NUTS_W_OWT,114563090,I,416043,1416043,Region,..Kirinyaga,0,,0,1,ANNUTSWOWT,KEDHS2014416043,2014,DHS,196,246,,,2
KEN,Murang'a,3861066,Women who are overweight or obese according to BMI (>=25.0),47.3,1,KE,Kenya,2014,KE2014DHS,AN_NUTS_W_OWT,114563090,I,416044,1416044,Region,..Murang'a,0,,0,1,ANNUTSWOWT,KEDHS2014416044,2014,DHS,328,285,,,2
KEN,Kiambu,5729060,Women who are overweight or obese according to BMI (>=25.0),45.7,1,KE,Kenya,2014,KE2014DHS,AN_NUTS_W_OWT,114563090,I,416045,1416045,Region,..Kiambu,0,,0,1,ANNUTSWOWT,KEDHS2014416045,2014,DHS,689,267,,,2
KEN,Rift Valley,7962691,Women who are overweight or obese according to BMI (>=25.0),28.6,1,KE,Kenya,2014,KE2014DHS,AN_NUTS_W_OWT,114563090,I,416006,1416050,Region,Rift Valley,0,,0,1,ANNUTSWOWT,KEDHS2014416006,2014,DHS,3349,3786,,,1
KEN,Turkana,3143294,Women who are overweight or obese according to BMI (>=25.0),4.7,1,KE,Kenya,2014,KE2014DHS,AN_NUTS_W_OWT,114563090,I,416051,1416051,Region,..Turkana,0,,0,1,ANNUTSWOWT,KEDHS2014416051,2014,DHS,121,195,,,2
KEN,West Pokot,1204102,Women who are overweight or obese according to BMI (>=25.0),10.4,1,KE,Kenya,2014,KE2014DHS,AN_NUTS_W_OWT,114563090,I,416052,1416052,Region,..West Pokot,0,,0,1,ANNUTSWOWT,KEDHS2014416052,2014,DHS,108,207,,,2
KEN,Samburu,346019,Women who are overweight or obese according to BMI (>=25.0),8.5,1,KE,Kenya,2014,KE2014DHS,AN_NUTS_W_OWT,114563090,I,416053,1416053,Region,..Samburu,0,,0,1,ANNUTSWOWT,KEDHS2014416053,2014,DHS,52,246,,,2
KEN,Trans-Nzoia,886616,Women who are overweight or obese according to BMI (>=25.0),28.7,1,KE,Kenya,2014,KE2014DHS,AN_NUTS_W_OWT,114563090,I,416054,1416054,Region,..Trans-Nzoia,0,,0,1,ANNUTSWOWT,KEDHS2014416054,2014,DHS,316,300,,,2
KEN,Uasin Gishu,6553197,Women who are overweight or obese according to BMI (>=25.0),32.2,1,KE,Kenya,2014,KE2014DHS,AN_NUTS_W_OWT,114563090,I,416055,1416055,Region,..Uasin Gishu,0,,0,1,ANNUTSWOWT,KEDHS2014416055,2014,DHS,353,306,,,2
KEN,Elgeyo Marakwet,5886392,Women who are overweight or obese according to BMI (>=25.0),22.9,1,KE,Kenya,2014,KE2014DHS,AN_NUTS_W_OWT,114563090,I,416056,1416056,Region,..Elgeyo Marakwet,0,,0,1,ANNUTSWOWT,KEDHS2014416056,2014,DHS,99,248,,,2
KEN,Nandi,6952965,Women who are overweight or obese according to BMI (>=25.0),23.7,1,KE,Kenya,2014,KE2014DHS,AN_NUTS_W_OWT,114563090,I,416057,1416057,Region,..Nandi,0,,0,1,ANNUTSWOWT,KEDHS2014416057,2014,DHS,269,319,,,2
KEN,Baringo,7729130,Women who are overweight or obese according to BMI (>=25.0),23.2,1,KE,Kenya,2014,KE2014DHS,AN_NUTS_W_OWT,114563090,I,416058,1416058,Region,..Baringo,0,,0,1,ANNUTSWOWT,KEDHS2014416058,2014,DHS,134,237,,,2
KEN,Laikipia,7945336,Women who are overweight or obese according to BMI (>=25.0),34.4,1,KE,Kenya,2014,KE2014DHS,AN_NUTS_W_OWT,114563090,I,416059,1416059,Region,..Laikipia,0,,0,1,ANNUTSWOWT,KEDHS2014416059,2014,DHS,133,258,,,2
KEN,Nakuru,42181,Women who are overweight or obese according to BMI (>=25.0),38.5,1,KE,Kenya,2014,KE2014DHS,AN_NUTS_W_OWT,114563090,I,416060,1416060,Region,..Nakuru,0,,0,1,ANNUTSWOWT,KEDHS2014416060,2014,DHS,671,321,,,2
KEN,Narok,3150576,Women who are overweight or obese according to BMI (>=25.0),25.7,1,KE,Kenya,2014,KE2014DHS,AN_NUTS_W_OWT,114563090,I,416061,1416061,Region,..Narok,0,,0,1,ANNUTSWOWT,KEDHS2014416061,2014,DHS,260,282,,,2
KEN,Kajiado,5612212,Women who are overweight or obese according to BMI (>=25.0),44,1,KE,Kenya,2014,KE2014DHS,AN_NUTS_W_OWT,114563090,I,416062,1416062,Region,..Kajiado,0,,0,1,ANNUTSWOWT,KEDHS2014416062,2014,DHS,276,262,,,2
KEN,Kericho,3855076,Women who are overweight or obese according to BMI (>=25.0),23.9,1,KE,Kenya,2014,KE2014DHS,AN_NUTS_W_OWT,114563090,I,416063,1416063,Region,..Kericho,0,,0,1,ANNUTSWOWT,KEDHS2014416063,2014,DHS,249,290,,,2
KEN,Bomet,5829978,Women who are overweight or obese according to BMI (>=25.0),20.3,1,KE,Kenya,2014,KE2014DHS,AN_NUTS_W_OWT,114563090,I,416064,1416064,Region,..Bomet,0,,0,1,ANNUTSWOWT,KEDHS2014416064,2014,DHS,309,315,,,2
KEN,Western,5722579,Women who are overweight or obese according to BMI (>=25.0),24.4,1,KE,Kenya,2014,KE2014DHS,AN_NUTS_W_OWT,114563090,I,416007,1416070,Region,Western,0,,0,1,ANNUTSWOWT,KEDHS2014416007,2014,DHS,1431,1261,,,1
KEN,Kakamega,7359354,Women who are overweight or obese according to BMI (>=25.0),27.3,1,KE,Kenya,2014,KE2014DHS,AN_NUTS_W_OWT,114563090,I,416071,1416071,Region,..Kakamega,0,,0,1,ANNUTSWOWT,KEDHS2014416071,2014,DHS,500,319,,,2
KEN,Vihiga,3150563,Women who are overweight or obese according to BMI (>=25.0),26.4,1,KE,Kenya,2014,KE2014DHS,AN_NUTS_W_OWT,114563090,I,416072,1416072,Region,..Vihiga,0,,0,1,ANNUTSWOWT,KEDHS2014416072,2014,DHS,163,281,,,2
KEN,Bungoma,1020159,Women who are overweight or obese according to BMI (>=25.0),24.1,1,KE,Kenya,2014,KE2014DHS,AN_NUTS_W_OWT,114563090,I,416073,1416073,Region,..Bungoma,0,,0,1,ANNUTSWOWT,KEDHS2014416073,2014,DHS,513,349,,,2
KEN,Busia,6560085,Women who are overweight or obese according to BMI (>=25.0),18.3,1,KE,Kenya,2014,KE2014DHS,AN_NUTS_W_OWT,114563090,I,416074,1416074,Region,..Busia,0,,0,1,ANNUTSWOWT,KEDHS2014416074,2014,DHS,256,312,,,2
KEN,Nyanza,1495653,Women who are overweight or obese according to BMI (>=25.0),26.5,1,KE,Kenya,2014,KE2014DHS,AN_NUTS_W_OWT,114563090,I,416005,1416080,Region,Nyanza,0,,0,1,ANNUTSWOWT,KEDHS2014416005,2014,DHS,1729,1825,,,1
KEN,Siaya,5605503,Women who are overweight or obese according to BMI (>=25.0),23,1,KE,Kenya,2014,KE2014DHS,AN_NUTS_W_OWT,114563090,I,416081,1416081,Region,..Siaya,0,,0,1,ANNUTSWOWT,KEDHS2014416081,2014,DHS,251,288,,,2
KEN,Kisumu,3847603,Women who are overweight or obese according to BMI (>=25.0),33.6,1,KE,Kenya,2014,KE2014DHS,AN_NUTS_W_OWT,114563090,I,416082,1416082,Region,..Kisumu,0,,0,1,ANNUTSWOWT,KEDHS2014416082,2014,DHS,353,298,,,2
KEN,Homa Bay,5823142,Women who are overweight or obese according to BMI (>=25.0),18.8,1,KE,Kenya,2014,KE2014DHS,AN_NUTS_W_OWT,114563090,I,416083,1416083,Region,..Homa Bay,0,,0,1,ANNUTSWOWT,KEDHS2014416083,2014,DHS,330,296,,,2
KEN,Migori,4119466,Women who are overweight or obese according to BMI (>=25.0),26.9,1,KE,Kenya,2014,KE2014DHS,AN_NUTS_W_OWT,114563090,I,416084,1416084,Region,..Migori,0,,0,1,ANNUTSWOWT,KEDHS2014416084,2014,DHS,256,306,,,2
KEN,Kisii,1475400,Women who are overweight or obese according to BMI (>=25.0),28.2,1,KE,Kenya,2014,KE2014DHS,AN_NUTS_W_OWT,114563090,I,416085,1416085,Region,..Kisii,0,,0,1,ANNUTSWOWT,KEDHS2014416085,2014,DHS,387,353,,,2
KEN,Nyamira,4924201,Women who are overweight or obese according to BMI (>=25.0),27.8,1,KE,Kenya,2014,KE2014DHS,AN_NUTS_W_OWT,114563090,I,416086,1416086,Region,..Nyamira,0,,0,1,ANNUTSWOWT,KEDHS2014416086,2014,DHS,152,284,,,2
KEN,Nairobi,4646348,Women who are overweight or obese according to BMI (>=25.0),47.6,1,KE,Kenya,2014,KE2014DHS,AN_NUTS_W_OWT,114563090,I,416001,1416090,Region,Nairobi,0,,0,1,ANNUTSWOWT,KEDHS2014416001,2014,DHS,1517,400,,,2
KEN,Nairobi,4646349,Women who are overweight or obese according to BMI (>=25.0),47.6,1,KE,Kenya,2014,KE2014DHS,AN_NUTS_W_OWT,114563090,I,416001,1416090,Region,Nairobi,0,,0,1,ANNUTSWOWT,KEDHS2014416001,2014,DHS,1517,400,,,1
KEN,Coast,4895025,Women with a birth in the past five years who took iron tablets or syrup for 90+ days,12.9,1,KE,Kenya,2014,KE2014DHS,AN_MIAM_W_90P,114633050,I,416003,1416010,Region,Coast,0,,0,1,ANMIAMW90P,KEDHS2014416003,2014,DHS,698,873,,,1
KEN,North Eastern,4587477,Women with a birth in the past five years who took iron tablets or syrup for 90+ days,1.2,1,KE,Kenya,2014,KE2014DHS,AN_MIAM_W_90P,114633050,I,416008,1416020,Region,North Eastern,0,,0,1,ANMIAMW90P,KEDHS2014416008,2014,DHS,178,453,,,1
KEN,Eastern,5186953,Women with a birth in the past five years who took iron tablets or syrup for 90+ days,6.3,1,KE,Kenya,2014,KE2014DHS,AN_MIAM_W_90P,114633050,I,416004,1416030,Region,Eastern,0,,0,1,ANMIAMW90P,KEDHS2014416004,2014,DHS,891,1115,,,1
KEN,Central,292203,Women with a birth in the past five years who took iron tablets or syrup for 90+ days,5.6,1,KE,Kenya,2014,KE2014DHS,AN_MIAM_W_90P,114633050,I,416002,1416040,Region,Central,0,,0,1,ANMIAMW90P,KEDHS2014416002,2014,DHS,715,562,,,1
KEN,Rift Valley,7326374,Women with a birth in the past five years who took iron tablets or syrup for 90+ days,4.3,1,KE,Kenya,2014,KE2014DHS,AN_MIAM_W_90P,114633050,I,416006,1416050,Region,Rift Valley,0,,0,1,ANMIAMW90P,KEDHS2014416006,2014,DHS,1899,2305,,,1
KEN,Western,6781047,Women with a birth in the past five years who took iron tablets or syrup for 90+ days,6.9,1,KE,Kenya,2014,KE2014DHS,AN_MIAM_W_90P,114633050,I,416007,1416070,Region,Western,0,,0,1,ANMIAMW90P,KEDHS2014416007,2014,DHS,790,688,,,1
KEN,Nyanza,3150594,Women with a birth in the past five years who took iron tablets or syrup for 90+ days,12.6,1,KE,Kenya,2014,KE2014DHS,AN_MIAM_W_90P,114633050,I,416005,1416080,Region,Nyanza,0,,0,1,ANMIAMW90P,KEDHS2014416005,2014,DHS,934,980,,,1
KEN,Nairobi,7945350,Women with a birth in the past five years who took iron tablets or syrup for 90+ days,9.3,1,KE,Kenya,2014,KE2014DHS,AN_MIAM_W_90P,114633050,I,416001,1416090,Region,Nairobi,0,,0,1,ANMIAMW90P,KEDHS2014416001,2014,DHS,771,200,,,2
KEN,Nairobi,7945351,Women with a birth in the past five years who took iron tablets or syrup for 90+ days,9.3,1,KE,Kenya,2014,KE2014DHS,AN_MIAM_W_90P,114633050,I,416001,1416090,Region,Nairobi,0,,0,1,ANMIAMW90P,KEDHS2014416001,2014,DHS,771,200,,,1
KEN,Coast,6677168,Children stunted,24.3,1,KE,Kenya,2022,KE2022DHS,CN_NUTS_C_HA2,104236020,I,416003,1416010,Region,Coast,0,,0,1,CNNUTSCHA2,KEDHS2022416003,2022,DHS,1586,2478,,,
KEN,Mombasa,5932577,Children stunted,13.5,1,KE,Kenya,2022,KE2022DHS,CN_NUTS_C_HA2,104236020,I,416011,1416011,Region,..Mombasa,0,,0,1,CNNUTSCHA2,KEDHS2022416011,2022,DHS,419,328,,,1
KEN,Kwale,6509144,Children stunted,22.7,1,KE,Kenya,2022,KE2022DHS,CN_NUTS_C_HA2,104236020,I,416012,1416012,Region,..Kwale,0,,0,1,CNNUTSCHA2,KEDHS2022416012,2022,DHS,315,444,,,1
KEN,Kilifi,2666233,Children stunted,37,1,KE,Kenya,2022,KE2022DHS,CN_NUTS_C_HA2,104236020,I,416013,1416013,Region,..Kilifi,0,,0,1,CNNUTSCHA2,KEDHS2022416013,2022,DHS,521,404,,,1
KEN,Tana River,305884,Children stunted,21.1,1,KE,Kenya,2022,KE2022DHS,CN_NUTS_C_HA2,104236020,I,416014,1416014,Region,..Tana River,0,,0,1,CNNUTSCHA2,KEDHS2022416014,2022,DHS,144,620,,,1
KEN,Lamu,7329302,Children stunted,16.1,1,KE,Kenya,2022,KE2022DHS,CN_NUTS_C_HA2,104236020,I,416015,1416015,Region,..Lamu,0,,0,1,CNNUTSCHA2,KEDHS2022416015,2022,DHS,62,415,,,1
KEN,Taita Taveta,3767657,Children stunted,19.2,1,KE,Kenya,2022,KE2022DHS,CN_NUTS_C_HA2,104236020,I,416016,1416016,Region,..Taita Taveta,0,,0,1,CNNUTSCHA2,KEDHS2022416016,2022,DHS,124,267,,,1
KEN,North Eastern,7197157,Children stunted,14.4,1,KE,Kenya,2022,KE2022DHS,CN_NUTS_C_HA2,104236020,I,416008,1416020,Region,North Eastern,0,,0,1,CNNUTSCHA2,KEDHS2022416008,2022,DHS,597,2059,,,
KEN,Garissa,7988685,Children stunted,9,1,KE,Kenya,2022,KE2022DHS,CN_NUTS_C_HA2,104236020,I,416021,1416021,Region,..Garissa,0,,0,1,CNNUTSCHA2,KEDHS2022416021,2022,DHS,222,571,,,1
KEN,Wajir,5678025,Children stunted,12.4,1,KE,Kenya,2022,KE2022DHS,CN_NUTS_C_HA2,104236020,I,416022,1416022,Region,..Wajir,0,,0,1,CNNUTSCHA2,KEDHS2022416022,2022,DHS,135,633,,,1
KEN,Mandera,5746906,Children stunted,20.5,1,KE,Kenya,2022,KE2022DHS,CN_NUTS_C_HA2,104236020,I,416023,1416023,Region,..Mandera,0,,0,1,CNNUTSCHA2,KEDHS2022416023,2022,DHS,240,855,,,1
KEN,Eastern,4566321,Children stunted,21.1,1,KE,Kenya,2022,KE2022DHS,CN_NUTS_C_HA2,104236020,I,416004,1416030,Region,Eastern,0,,0,1,CNNUTSCHA2,KEDHS2022416004,2022,DHS,2125,2793,,,
KEN,Marsabit,6174394,Children stunted,18.9,1,KE,Kenya,2022,KE2022DHS,CN_NUTS_C_HA2,104236020,I,416031,1416031,Region,..Marsabit,0,,0,1,CNNUTSCHA2,KEDHS2022416031,2022,DHS,133,533,,,1
KEN,Isiolo,7992839,Children stunted,14.1,1,KE,Kenya,2022,KE2022DHS,CN_NUTS_C_HA2,104236020,I,416032,1416032,Region,..Isiolo,0,,0,1,CNNUTSCHA2,KEDHS2022416032,2022,DHS,95,487,,,1
KEN,Meru,305886,Children stunted,25.2,1,KE,Kenya,2022,KE2022DHS,CN_NUTS_C_HA2,104236020,I,416033,1416033,Region,..Meru,0,,0,1,CNNUTSCHA2,KEDHS2022416033,2022,DHS,499,301,,,1
KEN,Tharaka-Nithi,6977354,Children stunted,20.5,1,KE,Kenya,2022,KE2022DHS,CN_NUTS_C_HA2,104236020,I,416034,1416034,Region,..Tharaka-Nithi,0,,0,1,CNNUTSCHA2,KEDHS2022416034,2022,DHS,136,270,,,1
KEN,Embu,2666235,Children stunted,19.9,1,KE,Kenya,2022,KE2022DHS,CN_NUTS_C_HA2,104236020,I,416035,1416035,Region,..Embu,0,,0,1,CNNUTSCHA2,KEDHS2022416035,2022,DHS,170,252,,,1
KEN,Kitui,533185,Children stunted,25.1,1,KE,Kenya,2022,KE2022DHS,CN_NUTS_C_HA2,104236020,I,416036,1416036,Region,..Kitui,0,,0,1,CNNUTSCHA2,KEDHS2022416036,2022,DHS,382,347,,,1
KEN,Machakos,7090356,Children stunted,16.2,1,KE,Kenya,2022,KE2022DHS,CN_NUTS_C_HA2,104236020,I,416037,1416037,Region,..Machakos,0,,0,1,CNNUTSCHA2,KEDHS2022416037,2022,DHS,404,282,,,1
KEN,Makueni,6694057,Children stunted,19.8,1,KE,Kenya,2022,KE2022DHS,CN_NUTS_C_HA2,104236020,I,416038,1416038,Region,..Makueni,0,,0,1,CNNUTSCHA2,KEDHS2022416038,2022,DHS,306,321,,,1
KEN,Central,7974619,Children stunted,13.9,1,KE,Kenya,2022,KE2022DHS,CN_NUTS_C_HA2,104236020,I,416002,1416040,Region,Central,0,,0,1,CNNUTSCHA2,KEDHS2022416002,2022,DHS,1870,1357,,,
KEN,Nyandarua,897991,Children stunted,17.8,1,KE,Kenya,2022,KE2022DHS,CN_NUTS_C_HA2,104236020,I,416041,1416041,Region,..Nyandarua,0,,0,1,CNNUTSCHA2,KEDHS2022416041,2022,DHS,198,287,,,1
KEN,Nyeri,5760575,Children stunted,12.5,1,KE,Kenya,2022,KE2022DHS,CN_NUTS_C_HA2,104236020,I,416042,1416042,Region,..Nyeri,0,,0,1,CNNUTSCHA2,KEDHS2022416042,2022,DHS,231,231,,,1
KEN,Kirinyaga,1602389,Children stunted,11.2,1,KE,Kenya,2022,KE2022DHS,CN_NUTS_C_HA2,104236020,I,416043,1416043,Region,..Kirinyaga,0,,0,1,CNNUTSCHA2,KEDHS2022416043,2022,DHS,200,259,,,1
KEN,Murang'a,2680942,Children stunted,10.1,1,KE,Kenya,2022,KE2022DHS,CN_NUTS_C_HA2,104236020,I,416044,1416044,Region,..Murang'a,0,,0,1,CNNUTSCHA2,KEDHS2022416044,2022,DHS,326,267,,,1
KEN,Kiambu,6821426,Children stunted,15.3,1,KE,Kenya,2022,KE2022DHS,CN_NUTS_C_HA2,104236020,I,416045,1416045,Region,..Kiambu,0,,0,1,CNNUTSCHA2,KEDHS2022416045,2022,DHS,916,313,,,1
KEN,Rift Valley,2666239,Children stunted,20.1,1,KE,Kenya,2022,KE2022DHS,CN_NUTS_C_HA2,104236020,I,416006,1416050,Region,Rift Valley,0,,0,1,CNNUTSCHA2,KEDHS2022416006,2022,DHS,5266,6381,,,
KEN,Turkana,1393920,Children stunted,23,1,KE,Kenya,2022,KE2022DHS,CN_NUTS_C_HA2,104236020,I,416051,1416051,Region,..Turkana,0,,0,1,CNNUTSCHA2,KEDHS2022416051,2022,DHS,305,588,,,1
KEN,West Pokot,326161,Children stunted,33.5,1,KE,Kenya,2022,KE2022DHS,CN_NUTS_C_HA2,104236020,I,416052,1416052,Region,..West Pokot,0,,0,1,CNNUTSCHA2,KEDHS2022416052,2022,DHS,420,781,,,1
KEN,Samburu,6963713,Children stunted,31.4,1,KE,Kenya,2022,KE2022DHS,CN_NUTS_C_HA2,104236020,I,416053,1416053,Region,..Samburu,0,,0,1,CNNUTSCHA2,KEDHS2022416053,2022,DHS,144,559,,,1
KEN,Trans-Nzoia,2680949,Children stunted,21.3,1,KE,Kenya,2022,KE2022DHS,CN_NUTS_C_HA2,104236020,I,416054,1416054,Region,..Trans-Nzoia,0,,0,1,CNNUTSCHA2,KEDHS2022416054,2022,DHS,366,393,,,1
KEN,Uasin Gishu,5060862,Children stunted,14.2,1,KE,Kenya,2022,KE2022DHS,CN_NUTS_C_HA2,104236020,I,416055,1416055,Region,..Uasin Gishu,0,,0,1,CNNUTSCHA2,KEDHS2022416055,2022,DHS,486,386,,,1
KEN,Elgeyo Marakwet,7112426,Children stunted,21.8,1,KE,Kenya,2022,KE2022DHS,CN_NUTS_C_HA2,104236020,I,416056,1416056,Region,..Elgeyo Marakwet,0,,0,1,CNNUTSCHA2,KEDHS2022416056,2022,DHS,165,407,,,1
KEN,Nandi,4081350,Children stunted,15.1,1,KE,Kenya,2022,KE2022DHS,CN_NUTS_C_HA2,104236020,I,416057,1416057,Region,..Nandi,0,,0,1,CNNUTSCHA2,KEDHS2022416057,2022,DHS,313,379,,,1
KEN,Baringo,5290532,Children stunted,21.2,1,KE,Kenya,2022,KE2022DHS,CN_NUTS_C_HA2,104236020,I,416058,1416058,Region,..Baringo,0,,0,1,CNNUTSCHA2,KEDHS2022416058,2022,DHS,257,439,,,1
KEN,Laikipia,3787556,Children stunted,12.6,1,KE,Kenya,2022,KE2022DHS,CN_NUTS_C_HA2,104236020,I,416059,1416059,Region,..Laikipia,0,,0,1,CNNUTSCHA2,KEDHS2022416059,2022,DHS,158,273,,,1
KEN,Nakuru,5731820,Children stunted,18.5,1,KE,Kenya,2022,KE2022DHS,CN_NUTS_C_HA2,104236020,I,416060,1416060,Region,..Nakuru,0,,0,1,CNNUTSCHA2,KEDHS2022416060,2022,DHS,913,432,,,1
KEN,Narok,5753920,Children stunted,21.5,1,KE,Kenya,2022,KE2022DHS,CN_NUTS_C_HA2,104236020,I,416061,1416061,Region,..Narok,0,,0,1,CNNUTSCHA2,KEDHS2022416061,2022,DHS,553,552,,,1
KEN,Kajiado,1603106,Children stunted,14,1,KE,Kenya,2022,KE2022DHS,CN_NUTS_C_HA2,104236020,I,416062,1416062,Region,..Kajiado,0,,0,1,CNNUTSCHA2,KEDHS2022416062,2022,DHS,506,418,,,1
KEN,Kericho,2687923,Children stunted,19.3,1,KE,Kenya,2022,KE2022DHS,CN_NUTS_C_HA2,104236020,I,416063,1416063,Region,..Kericho,0,,0,1,CNNUTSCHA2,KEDHS2022416063,2022,DHS,338,376,,,1
KEN,Bomet,6787661,Children stunted,22.1,1,KE,Kenya,2022,KE2022DHS,CN_NUTS_C_HA2,104236020,I,416064,1416064,Region,..Bomet,0,,0,1,CNNUTSCHA2,KEDHS2022416064,2022,DHS,341,398,,,1
KEN,Western,220856,Children stunted,15.3,1,KE,Kenya,2022,KE2022DHS,CN_NUTS_C_HA2,104236020,I,416007,1416070,Region,Western,0,,0,1,CNNUTSCHA2,KEDHS2022416007,2022,DHS,1924,1732,,,
KEN,Kakamega,3535005,Children stunted,11.5,1,KE,Kenya,2022,KE2022DHS,CN_NUTS_C_HA2,104236020,I,416071,1416071,Region,..Kakamega,0,,0,1,CNNUTSCHA2,KEDHS2022416071,2022,DHS,698,422,,,1
KEN,Vihiga,409533,Children stunted,16.6,1,KE,Kenya,2022,KE2022DHS,CN_NUTS_C_HA2,104236020,I,416072,1416072,Region,..Vihiga,0,,0,1,CNNUTSCHA2,KEDHS2022416072,2022,DHS,176,343,,,1
KEN,Bungoma,2673741,Children stunted,19,1,KE,Kenya,2022,KE2022DHS,CN_NUTS_C_HA2,104236020,I,416073,1416073,Region,..Bungoma,0,,0,1,CNNUTSCHA2,KEDHS2022416073,2022,DHS,665,480,,,1
KEN,Busia,5054737,Children stunted,15,1,KE,Kenya,2022,KE2022DHS,CN_NUTS_C_HA2,104236020,I,416074,1416074,Region,..Busia,0,,0,1,CNNUTSCHA2,KEDHS2022416074,2022,DHS,385,487,,,1
KEN,Nyanza,4489490,Children stunted,14.1,1,KE,Kenya,2022,KE2022DHS,CN_NUTS_C_HA2,104236020,I,416005,1416080,Region,Nyanza,0,,0,1,CNNUTSCHA2,KEDHS2022416005,2022,DHS,2165,2401,,,
KEN,Siaya,1596572,Children stunted,19.2,1,KE,Kenya,2022,KE2022DHS,CN_NUTS_C_HA2,104236020,I,416081,1416081,Region,..Siaya,0,,0,1,CNNUTSCHA2,KEDHS2022416081,2022,DHS,325,394,,,1
KEN,Kisumu,2673747,Children stunted,9.1,1,KE,Kenya,2022,KE2022DHS,CN_NUTS_C_HA2,104236020,I,416082,1416082,Region,..Kisumu,0,,0,1,CNNUTSCHA2,KEDHS2022416082,2022,DHS,419,416,,,1
KEN,Homa Bay,4122607,Children stunted,12.5,1,KE,Kenya,2022,KE2022DHS,CN_NUTS_C_HA2,104236020,I,416083,1416083,Region,..Homa Bay,0,,0,1,CNNUTSCHA2,KEDHS2022416083,2022,DHS,408,437,,,1
KEN,Migori,7060544,Children stunted,14.8,1,KE,Kenya,2022,KE2022DHS,CN_NUTS_C_HA2,104236020,I,416084,1416084,Region,..Migori,0,,0,1,CNNUTSCHA2,KEDHS2022416084,2022,DHS,450,496,,,1
KEN,Kisii,2687939,Children stunted,16.3,1,KE,Kenya,2022,KE2022DHS,CN_NUTS_C_HA2,104236020,I,416085,1416085,Region,..Kisii,0,,0,1,CNNUTSCHA2,KEDHS2022416085,2022,DHS,411,362,,,1
KEN,Nyamira,1085106,Children stunted,13.5,1,KE,Kenya,2022,KE2022DHS,CN_NUTS_C_HA2,104236020,I,416086,1416086,Region,..Nyamira,0,,0,1,CNNUTSCHA2,KEDHS2022416086,2022,DHS,153,296,,,1
KEN,Nairobi,1445644,Children stunted,11.1,1,KE,Kenya,2022,KE2022DHS,CN_NUTS_C_HA2,104236020,I,416001,1416090,Region,Nairobi,0,,0,1,CNNUTSCHA2,KEDHS2022416001,2022,DHS,1600,387,,,1
KEN,Coast,5451273,Children wasted,6.3,1,KE,Kenya,2022,KE2022DHS,CN_NUTS_C_WH2,104236050,I,416003,1416010,Region,Coast,0,,0,1,CNNUTSCWH2,KEDHS2022416003,2022,DHS,1588,2484,,,
KEN,Mombasa,7889060,Children wasted,4.6,1,KE,Kenya,2022,KE2022DHS,CN_NUTS_C_WH2,104236050,I,416011,1416011,Region,..Mombasa,0,,0,1,CNNUTSCWH2,KEDHS2022416011,2022,DHS,418,327,,,1
KEN,Kwale,7460546,Children wasted,6.2,1,KE,Kenya,2022,KE2022DHS,CN_NUTS_C_WH2,104236050,I,416012,1416012,Region,..Kwale,0,,0,1,CNNUTSCWH2,KEDHS2022416012,2022,DHS,321,452,,,1
KEN,Kilifi,66070,Children wasted,7.2,1,KE,Kenya,2022,KE2022DHS,CN_NUTS_C_WH2,104236050,I,416013,1416013,Region,..Kilifi,0,,0,1,CNNUTSCWH2,KEDHS2022416013,2022,DHS,519,402,,,1
KEN,Tana River,2673702,Children wasted,11.3,1,KE,Kenya,2022,KE2022DHS,CN_NUTS_C_WH2,104236050,I,416014,1416014,Region,..Tana River,0,,0,1,CNNUTSCWH2,KEDHS2022416014,2022,DHS,144,618,,,1
KEN,Lamu,3488342,Children wasted,3.5,1,KE,Kenya,2022,KE2022DHS,CN_NUTS_C_WH2,104236050,I,416015,1416015,Region,..Lamu,0,,0,1,CNNUTSCWH2,KEDHS2022416015,2022,DHS,63,419,,,1
KEN,Taita Taveta,6976838,Children wasted,4.1,1,KE,Kenya,2022,KE2022DHS,CN_NUTS_C_WH2,104236050,I,416016,1416016,Region,..Taita Taveta,0,,0,1,CNNUTSCWH2,KEDHS2022416016,2022,DHS,123,266,,,1
KEN,North Eastern,6823414,Children wasted,17.8,1,KE,Kenya,2022,KE2022DHS,CN_NUTS_C_WH2,104236050,I,416008,1416020,Region,North Eastern,0,,0,1,CNNUTSCWH2,KEDHS2022416008,2022,DHS,599,2064,,,
KEN,Garissa,4276111,Children wasted,15.3,1,KE,Kenya,2022,KE2022DHS,CN_NUTS_C_WH2,104236050,I,416021,1416021,Region,..Garissa,0,,0,1,CNNUTSCWH2,KEDHS2022416021,2022,DHS,224,572,,,1
KEN,Wajir,5452346,Children wasted,22.8,1,KE,Kenya,2022,KE2022DHS,CN_NUTS_C_WH2,104236050,I,416022,1416022,Region,..Wajir,0,,0,1,CNNUTSCWH2,KEDHS2022416022,2022,DHS,136,643,,,1
KEN,Mandera,1510838,Children wasted,17.3,1,KE,Kenya,2022,KE2022DHS,CN_NUTS_C_WH2,104236050,I,416023,1416023,Region,..Mandera,0,,0,1,CNNUTSCWH2,KEDHS2022416023,2022,DHS,238,849,,,1
KEN,Eastern,1510835,Children wasted,5.7,1,KE,Kenya,2022,KE2022DHS,CN_NUTS_C_WH2,104236050,I,416004,1416030,Region,Eastern,0,,0,1,CNNUTSCWH2,KEDHS2022416004,2022,DHS,2144,2812,,,
KEN,Marsabit,7474850,Children wasted,20.4,1,KE,Kenya,2022,KE2022DHS,CN_NUTS_C_WH2,104236050,I,416031,1416031,Region,..Marsabit,0,,0,1,CNNUTSCWH2,KEDHS2022416031,2022,DHS,134,538,,,1
KEN,Isiolo,6294632,Children wasted,7.2,1,KE,Kenya,2022,KE2022DHS,CN_NUTS_C_WH2,104236050,I,416032,1416032,Region,..Isiolo,0,,0,1,CNNUTSCWH2,KEDHS2022416032,2022,DHS,95,489,,,1
KEN,Meru,2673707,Children wasted,6,1,KE,Kenya,2022,KE2022DHS,CN_NUTS_C_WH2,104236050,I,416033,1416033,Region,..Meru,0,,0,1,CNNUTSCWH2,KEDHS2022416033,2022,DHS,505,303,,,1
KEN,Tharaka-Nithi,7010380,Children wasted,3.1,1,KE,Kenya,2022,KE2022DHS,CN_NUTS_C_WH2,104236050,I,416034,1416034,Region,..Tharaka-Nithi,0,,0,1,CNNUTSCWH2,KEDHS2022416034,2022,DHS,136,270,,,1
KEN,Embu,6963123,Children wasted,5.3,1,KE,Kenya,2022,KE2022DHS,CN_NUTS_C_WH2,104236050,I,416035,1416035,Region,..Embu,0,,0,1,CNNUTSCWH2,KEDHS2022416035,2022,DHS,169,251,,,1
KEN,Kitui,3926190,Children wasted,4.9,1,KE,Kenya,2022,KE2022DHS,CN_NUTS_C_WH2,104236050,I,416036,1416036,Region,..Kitui,0,,0,1,CNNUTSCWH2,KEDHS2022416036,2022,DHS,383,348,,,1
KEN,Machakos,5053653,Children wasted,3.5,1,KE,Kenya,2022,KE2022DHS,CN_NUTS_C_WH2,104236050,I,416037,1416037,Region,..Machakos,0,,0,1,CNNUTSCWH2,KEDHS2022416037,2022,DHS,409,286,,,1
KEN,Makueni,4511907,Children wasted,4,1,KE,Kenya,2022,KE2022DHS,CN_NUTS_C_WH2,104236050,I,416038,1416038,Region,..Makueni,0,,0,1,CNNUTSCWH2,KEDHS2022416038,2022,DHS,312,327,,,1
KEN,Central,4253709,Children wasted,2.6,1,KE,Kenya,2022,KE2022DHS,CN_NUTS_C_WH2,104236050,I,416002,1416040,Region,Central,0,,0,1,CNNUTSCWH2,KEDHS2022416002,2022,DHS,1884,1364,,,
KEN,Nyandarua,898850,Children wasted,1.9,1,KE,Kenya,2022,KE2022DHS,CN_NUTS_C_WH2,104236050,I,416041,1416041,Region,..Nyandarua,0,,0,1,CNNUTSCWH2,KEDHS2022416041,2022,DHS,198,288,,,1
KEN,Nyeri,1505361,Children wasted,2.7,1,KE,Kenya,2022,KE2022DHS,CN_NUTS_C_WH2,104236050,I,416042,1416042,Region,..Nyeri,0,,0,1,CNNUTSCWH2,KEDHS2022416042,2022,DHS,231,232,,,1
KEN,Kirinyaga,4807199,Children wasted,2.2,1,KE,Kenya,2022,KE2022DHS,CN_NUTS_C_WH2,104236050,I,416043,1416043,Region,..Kirinyaga,0,,0,1,CNNUTSCWH2,KEDHS2022416043,2022,DHS,200,259,,,1
KEN,Murang'a,6395677,Children wasted,1.7,1,KE,Kenya,2022,KE2022DHS,CN_NUTS_C_WH2,104236050,I,416044,1416044,Region,..Murang'a,0,,0,1,CNNUTSCWH2,KEDHS2022416044,2022,DHS,326,267,,,1
KEN,Kiambu,2666253,Children wasted,3.2,1,KE,Kenya,2022,KE2022DHS,CN_NUTS_C_WH2,104236050,I,416045,1416045,Region,..Kiambu,0,,0,1,CNNUTSCWH2,KEDHS2022416045,2022,DHS,929,318,,,1
KEN,Rift Valley,6186776,Children wasted,6.2,1,KE,Kenya,2022,KE2022DHS,CN_NUTS_C_WH2,104236050,I,416006,1416050,Region,Rift Valley,0,,0,1,CNNUTSCWH2,KEDHS2022416006,2022,DHS,5297,6427,,,
KEN,Turkana,6315683,Children wasted,22.6,1,KE,Kenya,2022,KE2022DHS,CN_NUTS_C_WH2,104236050,I,416051,1416051,Region,..Turkana,0,,0,1,CNNUTSCWH2,KEDHS2022416051,2022,DHS,306,589,,,1
KEN,West Pokot,2687911,Children wasted,11,1,KE,Kenya,2022,KE2022DHS,CN_NUTS_C_WH2,104236050,I,416052,1416052,Region,..West Pokot,0,,0,1,CNNUTSCWH2,KEDHS2022416052,2022,DHS,423,785,,,1
KEN,Samburu,7554657,Children wasted,15.4,1,KE,Kenya,2022,KE2022DHS,CN_NUTS_C_WH2,104236050,I,416053,1416053,Region,..Samburu,0,,0,1,CNNUTSCWH2,KEDHS2022416053,2022,DHS,147,568,,,1
KEN,Trans-Nzoia,6970165,Children wasted,3.2,1,KE,Kenya,2022,KE2022DHS,CN_NUTS_C_WH2,104236050,I,416054,1416054,Region,..Trans-Nzoia,0,,0,1,CNNUTSCWH2,KEDHS2022416054,2022,DHS,368,396,,,1
KEN,Uasin Gishu,3926194,Children wasted,4,1,KE,Kenya,2022,KE2022DHS,CN_NUTS_C_WH2,104236050,I,416055,1416055,Region,..Uasin Gishu,0,,0,1,CNNUTSCWH2,KEDHS2022416055,2022,DHS,486,386,,,1
KEN,Elgeyo Marakwet,5046286,Children wasted,4.8,1,KE,Kenya,2022,KE2022DHS,CN_NUTS_C_WH2,104236050,I,416056,1416056,Region,..Elgeyo Marakwet,0,,0,1,CNNUTSCWH2,KEDHS2022416056,2022,DHS,168,413,,,1
KEN,Nandi,4518053,Children wasted,4,1,KE,Kenya,2022,KE2022DHS,CN_NUTS_C_WH2,104236050,I,416057,1416057,Region,..Nandi,0,,0,1,CNNUTSCWH2,KEDHS2022416057,2022,DHS,314,380,,,1
KEN,Baringo,154498,Children wasted,13.6,1,KE,Kenya,2022,KE2022DHS,CN_NUTS_C_WH2,104236050,I,416058,1416058,Region,..Baringo,0,,0,1,CNNUTSCWH2,KEDHS2022416058,2022,DHS,260,442,,,1
KEN,Laikipia,4276114,Children wasted,2.6,1,KE,Kenya,2022,KE2022DHS,CN_NUTS_C_WH2,104236050,I,416059,1416059,Region,..Laikipia,0,,0,1,CNNUTSCWH2,KEDHS2022416059,2022,DHS,160,275,,,1
KEN,Nakuru,3553135,Children wasted,3,1,KE,Kenya,2022,KE2022DHS,CN_NUTS_C_WH2,104236050,I,416060,1416060,Region,..Nakuru,0,,0,1,CNNUTSCWH2,KEDHS2022416060,2022,DHS,915,433,,,1
KEN,Narok,5630678,Children wasted,2.1,1,KE,Kenya,2022,KE2022DHS,CN_NUTS_C_WH2,104236050,I,416061,1416061,Region,..Narok,0,,0,1,CNNUTSCWH2,KEDHS2022416061,2022,DHS,556,555,,,1
KEN,Kajiado,4559879,Children wasted,7.6,1,KE,Kenya,2022,KE2022DHS,CN_NUTS_C_WH2,104236050,I,416062,1416062,Region,..Kajiado,0,,0,1,CNNUTSCWH2,KEDHS2022416062,2022,DHS,514,428,,,1
KEN,Kericho,6417132,Children wasted,2.5,1,KE,Kenya,2022,KE2022DHS,CN_NUTS_C_WH2,104236050,I,416063,1416063,Region,..Kericho,0,,0,1,CNNUTSCWH2,KEDHS2022416063,2022,DHS,338,376,,,1
KEN,Bomet,2687957,Children wasted,3.3,1,KE,Kenya,2022,KE2022DHS,CN_NUTS_C_WH2,104236050,I,416064,1416064,Region,..Bomet,0,,0,1,CNNUTSCWH2,KEDHS2022416064,2022,DHS,343,401,,,1
KEN,Western,4681743,Children wasted,2.1,1,KE,Kenya,2022,KE2022DHS,CN_NUTS_C_WH2,104236050,I,416007,1416070,Region,Western,0,,0,1,CNNUTSCWH2,KEDHS2022416007,2022,DHS,1934,1740,,,
KEN,Kakamega,2666256,Children wasted,1.5,1,KE,Kenya,2022,KE2022DHS,CN_NUTS_C_WH2,104236050,I,416071,1416071,Region,..Kakamega,0,,0,1,CNNUTSCWH2,KEDHS2022416071,2022,DHS,707,427,,,1
KEN,Vihiga,7546759,Children wasted,2.4,1,KE,Kenya,2022,KE2022DHS,CN_NUTS_C_WH2,104236050,I,416072,1416072,Region,..Vihiga,0,,0,1,CNNUTSCWH2,KEDHS2022416072,2022,DHS,178,346,,,1
KEN,Bungoma,7325565,Children wasted,2.3,1,KE,Kenya,2022,KE2022DHS,CN_NUTS_C_WH2,104236050,I,416073,1416073,Region,..Bungoma,0,,0,1,CNNUTSCWH2,KEDHS2022416073,2022,DHS,663,479,,,1
KEN,Busia,3821114,Children wasted,2.8,1,KE,Kenya,2022,KE2022DHS,CN_NUTS_C_WH2,104236050,I,416074,1416074,Region,..Busia,0,,0,1,CNNUTSCWH2,KEDHS2022416074,2022,DHS,386,488,,,1
KEN,Nyanza,5876923,Children wasted,2.3,1,KE,Kenya,2022,KE2022DHS,CN_NUTS_C_WH2,104236050,I,416005,1416080,Region,Nyanza,0,,0,1,CNNUTSCWH2,KEDHS2022416005,2022,DHS,2169,2405,,,
KEN,Siaya,4566326,Children wasted,1.7,1,KE,Kenya,2022,KE2022DHS,CN_NUTS_C_WH2,104236050,I,416081,1416081,Region,..Siaya,0,,0,1,CNNUTSCWH2,KEDHS2022416081,2022,DHS,327,396,,,1
KEN,Kisumu,4475342,Children wasted,3,1,KE,Kenya,2022,KE2022DHS,CN_NUTS_C_WH2,104236050,I,416082,1416082,Region,..Kisumu,0,,0,1,CNNUTSCWH2,KEDHS2022416082,2022,DHS,418,415,,,1
KEN,Homa Bay,2666279,Children wasted,1.8,1,KE,Kenya,2022,KE2022DHS,CN_NUTS_C_WH2,104236050,I,416083,1416083,Region,..Homa Bay,0,,0,1,CNNUTSCWH2,KEDHS2022416083,2022,DHS,407,436,,,1
KEN,Migori,261045,Children wasted,2.4,1,KE,Kenya,2022,KE2022DHS,CN_NUTS_C_WH2,104236050,I,416084,1416084,Region,..Migori,0,,0,1,CNNUTSCWH2,KEDHS2022416084,2022,DHS,449,495,,,1
KEN,Kisii,7217722,Children wasted,2.9,1,KE,Kenya,2022,KE2022DHS,CN_NUTS_C_WH2,104236050,I,416085,1416085,Region,..Kisii,0,,0,1,CNNUTSCWH2,KEDHS2022416085,2022,DHS,412,363,,,1
KEN,Nyamira,1113916,Children wasted,1.2,1,KE,Kenya,2022,KE2022DHS,CN_NUTS_C_WH2,104236050,I,416086,1416086,Region,..Nyamira,0,,0,1,CNNUTSCWH2,KEDHS2022416086,2022,DHS,156,300,,,1
KEN,Nairobi,6483403,Children wasted,2.5,1,KE,Kenya,2022,KE2022DHS,CN_NUTS_C_WH2,104236050,I,416001,1416090,Region,Nairobi,0,,0,1,CNNUTSCWH2,KEDHS2022416001,2022,DHS,1623,392,,,1
KEN,Coast,5451274,Children overweight,3.4,1,KE,Kenya,2022,KE2022DHS,CN_NUTS_C_WHP,104236060,I,416003,1416010,Region,Coast,0,,0,1,CNNUTSCWHP,KEDHS2022416003,2022,DHS,1588,2484,,,
KEN,Mombasa,7889061,Children overweight,3.1,1,KE,Kenya,2022,KE2022DHS,CN_NUTS_C_WHP,104236060,I,416011,1416011,Region,..Mombasa,0,,0,1,CNNUTSCWHP,KEDHS2022416011,2022,DHS,418,327,,,1
KEN,Kwale,7460553,Children overweight,2.3,1,KE,Kenya,2022,KE2022DHS,CN_NUTS_C_WHP,104236060,I,416012,1416012,Region,..Kwale,0,,0,1,CNNUTSCWHP,KEDHS2022416012,2022,DHS,321,452,,,1
KEN,Kilifi,66071,Children overweight,4.8,1,KE,Kenya,2022,KE2022DHS,CN_NUTS_C_WHP,104236060,I,416013,1416013,Region,..Kilifi,0,,0,1,CNNUTSCWHP,KEDHS2022416013,2022,DHS,519,402,,,1
KEN,Tana River,2673727,Children overweight,2.6,1,KE,Kenya,2022,KE2022DHS,CN_NUTS_C_WHP,104236060,I,416014,1416014,Region,..Tana River,0,,0,1,CNNUTSCWHP,KEDHS2022416014,2022,DHS,144,618,,,1
KEN,Lamu,3488343,Children overweight,1.2,1,KE,Kenya,2022,KE2022DHS,CN_NUTS_C_WHP,104236060,I,416015,1416015,Region,..Lamu,0,,0,1,CNNUTSCWHP,KEDHS2022416015,2022,DHS,63,419,,,1
KEN,Taita Taveta,6976839,Children overweight,3.2,1,KE,Kenya,2022,KE2022DHS,CN_NUTS_C_WHP,104236060,I,416016,1416016,Region,..Taita Taveta,0,,0,1,CNNUTSCWHP,KEDHS2022416016,2022,DHS,123,266,,,1
KEN,North Eastern,6823460,Children overweight,0.3,1,KE,Kenya,2022,KE2022DHS,CN_NUTS_C_WHP,104236060,I,416008,1416020,Region,North Eastern,0,,0,1,CNNUTSCWHP,KEDHS2022416008,2022,DHS,599,2064,,,
KEN,Garissa,4276112,Children overweight,0.4,1,KE,Kenya,2022,KE2022DHS,CN_NUTS_C_WHP,104236060,I,416021,1416021,Region,..Garissa,0,,0,1,CNNUTSCWHP,KEDHS2022416021,2022,DHS,224,572,,,1
KEN,Wajir,5452347,Children overweight,0,1,KE,Kenya,2022,KE2022DHS,CN_NUTS_C_WHP,104236060,I,416022,1416022,Region,..Wajir,0,,0,1,CNNUTSCWHP,KEDHS2022416022,2022,DHS,136,643,,,1
KEN,Mandera,1510839,Children overweight,0.4,1,KE,Kenya,2022,KE2022DHS,CN_NUTS_C_WHP,104236060,I,416023,1416023,Region,..Mandera,0,,0,1,CNNUTSCWHP,KEDHS2022416023,2022,DHS,238,849,,,1
KEN,Eastern,1510836,Children overweight,3.2,1,KE,Kenya,2022,KE2022DHS,CN_NUTS_C_WHP,104236060,I,416004,1416030,Region,Eastern,0,,0,1,CNNUTSCWHP,KEDHS2022416004,2022,DHS,2144,2812,,,
KEN,Marsabit,7474851,Children overweight,0.3,1,KE,Kenya,2022,KE2022DHS,CN_NUTS_C_WHP,104236060,I,416031,1416031,Region,..Marsabit,0,,0,1,CNNUTSCWHP,KEDHS2022416031,2022,DHS,134,538,,,1
KEN,Isiolo,6294633,Children overweight,1,1,KE,Kenya,2022,KE2022DHS,CN_NUTS_C_WHP,104236060,I,416032,1416032,Region,..Isiolo,0,,0,1,CNNUTSCWHP,KEDHS2022416032,2022,DHS,95,489,,,1
KEN,Meru,2673709,Children overweight,4.2,1,KE,Kenya,2022,KE2022DHS,CN_NUTS_C_WHP,104236060,I,416033,1416033,Region,..Meru,0,,0,1,CNNUTSCWHP,KEDHS2022416033,2022,DHS,505,303,,,1
KEN,Tharaka-Nithi,7010422,Children overweight,3.2,1,KE,Kenya,2022,KE2022DHS,CN_NUTS_C_WHP,104236060,I,416034,1416034,Region,..Tharaka-Nithi,0,,0,1,CNNUTSCWHP,KEDHS2022416034,2022,DHS,136,270,,,1
KEN,Embu,6963124,Children overweight,3.4,1,KE,Kenya,2022,KE2022DHS,CN_NUTS_C_WHP,104236060,I,416035,1416035,Region,..Embu,0,,0,1,CNNUTSCWHP,KEDHS2022416035,2022,DHS,169,251,,,1
KEN,Kitui,3926192,Children overweight,4,1,KE,Kenya,2022,KE2022DHS,CN_NUTS_C_WHP,104236060,I,416036,1416036,Region,..Kitui,0,,0,1,CNNUTSCWHP,KEDHS2022416036,2022,DHS,383,348,,,1
KEN,Machakos,5053654,Children overweight,2.6,1,KE,Kenya,2022,KE2022DHS,CN_NUTS_C_WHP,104236060,I,416037,1416037,Region,..Machakos,0,,0,1,CNNUTSCWHP,KEDHS2022416037,2022,DHS,409,286,,,1
KEN,Makueni,4511908,Children overweight,3.2,1,KE,Kenya,2022,KE2022DHS,CN_NUTS_C_WHP,104236060,I,416038,1416038,Region,..Makueni,0,,0,1,CNNUTSCWHP,KEDHS2022416038,2022,DHS,312,327,,,1
KEN,Central,4253710,Children overweight,3.7,1,KE,Kenya,2022,KE2022DHS,CN_NUTS_C_WHP,104236060,I,416002,1416040,Region,Central,0,,0,1,CNNUTSCWHP,KEDHS2022416002,2022,DHS,1884,1364,,,
KEN,Nyandarua,898851,Children overweight,3.1,1,KE,Kenya,2022,KE2022DHS,CN_NUTS_C_WHP,104236060,I,416041,1416041,Region,..Nyandarua,0,,0,1,CNNUTSCWHP,KEDHS2022416041,2022,DHS,198,288,,,1
KEN,Nyeri,1505362,Children overweight,5.5,1,KE,Kenya,2022,KE2022DHS,CN_NUTS_C_WHP,104236060,I,416042,1416042,Region,..Nyeri,0,,0,1,CNNUTSCWHP,KEDHS2022416042,2022,DHS,231,232,,,1
KEN,Kirinyaga,4807200,Children overweight,2.8,1,KE,Kenya,2022,KE2022DHS,CN_NUTS_C_WHP,104236060,I,416043,1416043,Region,..Kirinyaga,0,,0,1,CNNUTSCWHP,KEDHS2022416043,2022,DHS,200,259,,,1
KEN,Murang'a,6395685,Children overweight,2.5,1,KE,Kenya,2022,KE2022DHS,CN_NUTS_C_WHP,104236060,I,416044,1416044,Region,..Murang'a,0,,0,1,CNNUTSCWHP,KEDHS2022416044,2022,DHS,326,267,,,1
KEN,Kiambu,2666272,Children overweight,3.9,1,KE,Kenya,2022,KE2022DHS,CN_NUTS_C_WHP,104236060,I,416045,1416045,Region,..Kiambu,0,,0,1,CNNUTSCWHP,KEDHS2022416045,2022,DHS,929,318,,,1
KEN,Rift Valley,6186777,Children overweight,2.5,1,KE,Kenya,2022,KE2022DHS,CN_NUTS_C_WHP,104236060,I,416006,1416050,Region,Rift Valley,0,,0,1,CNNUTSCWHP,KEDHS2022416006,2022,DHS,5297,6427,,,
KEN,Turkana,6315684,Children overweight,1,1,KE,Kenya,2022,KE2022DHS,CN_NUTS_C_WHP,104236060,I,416051,1416051,Region,..Turkana,0,,0,1,CNNUTSCWHP,KEDHS2022416051,2022,DHS,306,589,,,1
KEN,West Pokot,2687913,Children overweight,0.8,1,KE,Kenya,2022,KE2022DHS,CN_NUTS_C_WHP,104236060,I,416052,1416052,Region,..West Pokot,0,,0,1,CNNUTSCWHP,KEDHS2022416052,2022,DHS,423,785,,,1
KEN,Samburu,7554691,Children overweight,0.4,1,KE,Kenya,2022,KE2022DHS,CN_NUTS_C_WHP,104236060,I,416053,1416053,Region,..Samburu,0,,0,1,CNNUTSCWHP,KEDHS2022416053,2022,DHS,147,568,,,1
KEN,Trans-Nzoia,6970166,Children overweight,1.5,1,KE,Kenya,2022,KE2022DHS,CN_NUTS_C_WHP,104236060,I,416054,1416054,Region,..Trans-Nzoia,0,,0,1,CNNUTSCWHP,KEDHS2022416054,2022,DHS,368,396,,,1
KEN,Uasin Gishu,3926222,Children overweight,2.1,1,KE,Kenya,2022,KE2022DHS,CN_NUTS_C_WHP,104236060,I,416055,1416055,Region,..Uasin Gishu,0,,0,1,CNNUTSCWHP,KEDHS2022416055,2022,DHS,486,386,,,1
KEN,Elgeyo Marakwet,5046287,Children overweight,3.5,1,KE,Kenya,2022,KE2022DHS,CN_NUTS_C_WHP,104236060,I,416056,1416056,Region,..Elgeyo Marakwet,0,,0,1,CNNUTSCWHP,KEDHS2022416056,2022,DHS,168,413,,,1
KEN,Nandi,4518054,Children overweight,2.6,1,KE,Kenya,2022,KE2022DHS,CN_NUTS_C_WHP,104236060,I,416057,1416057,Region,..Nandi,0,,0,1,CNNUTSCWHP,KEDHS2022416057,2022,DHS,314,380,,,1
KEN,Baringo,154499,Children overweight,0.7,1,KE,Kenya,2022,KE2022DHS,CN_NUTS_C_WHP,104236060,I,416058,1416058,Region,..Baringo,0,,0,1,CNNUTSCWHP,KEDHS2022416058,2022,DHS,260,442,,,1
KEN,Laikipia,4276115,Children overweight,3.3,1,KE,Kenya,2022,KE2022DHS,CN_NUTS_C_WHP,104236060,I,416059,1416059,Region,..Laikipia,0,,0,1,CNNUTSCWHP,KEDHS2022416059,2022,DHS,160,275,,,1
KEN,Nakuru,3553136,Children overweight,3.9,1,KE,Kenya,2022,KE2022DHS,CN_NUTS_C_WHP,104236060,I,416060,1416060,Region,..Nakuru,0,,0,1,CNNUTSCWHP,KEDHS2022416060,2022,DHS,915,433,,,1
KEN,Narok,5630679,Children overweight,3.1,1,KE,Kenya,2022,KE2022DHS,CN_NUTS_C_WHP,104236060,I,416061,1416061,Region,..Narok,0,,0,1,CNNUTSCWHP,KEDHS2022416061,2022,DHS,556,555,,,1
KEN,Kajiado,4559880,Children overweight,2.7,1,KE,Kenya,2022,KE2022DHS,CN_NUTS_C_WHP,104236060,I,416062,1416062,Region,..Kajiado,0,,0,1,CNNUTSCWHP,KEDHS2022416062,2022,DHS,514,428,,,1
KEN,Kericho,6417133,Children overweight,1.6,1,KE,Kenya,2022,KE2022DHS,CN_NUTS_C_WHP,104236060,I,416063,1416063,Region,..Kericho,0,,0,1,CNNUTSCWHP,KEDHS2022416063,2022,DHS,338,376,,,1
KEN,Bomet,2687958,Children overweight,4.5,1,KE,Kenya,2022,KE2022DHS,CN_NUTS_C_WHP,104236060,I,416064,1416064,Region,..Bomet,0,,0,1,CNNUTSCWHP,KEDHS2022416064,2022,DHS,343,401,,,1
KEN,Western,4681744,Children overweight,3.1,1,KE,Kenya,2022,KE2022DHS,CN_NUTS_C_WHP,104236060,I,416007,1416070,Region,Western,0,,0,1,CNNUTSCWHP,KEDHS2022416007,2022,DHS,1934,1740,,,
KEN,Kakamega,2666257,Children overweight,4.5,1,KE,Kenya,2022,KE2022DHS,CN_NUTS_C_WHP,104236060,I,416071,1416071,Region,..Kakamega,0,,0,1,CNNUTSCWHP,KEDHS2022416071,2022,DHS,707,427,,,1
KEN,Vihiga,7546794,Children overweight,3.5,1,KE,Kenya,2022,KE2022DHS,CN_NUTS_C_WHP,104236060,I,416072,1416072,Region,..Vihiga,0,,0,1,CNNUTSCWHP,KEDHS2022416072,2022,DHS,178,346,,,1
KEN,Bungoma,7325581,Children overweight,1.6,1,KE,Kenya,2022,KE2022DHS,CN_NUTS_C_WHP,104236060,I,416073,1416073,Region,..Bungoma,0,,0,1,CNNUTSCWHP,KEDHS2022416073,2022,DHS,663,479,,,1
KEN,Busia,3821180,Children overweight,3.1,1,KE,Kenya,2022,KE2022DHS,CN_NUTS_C_WHP,104236060,I,416074,1416074,Region,..Busia,0,,0,1,CNNUTSCWHP,KEDHS2022416074,2022,DHS,386,488,,,1
KEN,Nyanza,5876978,Children overweight,3.7,1,KE,Kenya,2022,KE2022DHS,CN_NUTS_C_WHP,104236060,I,416005,1416080,Region,Nyanza,0,,0,1,CNNUTSCWHP,KEDHS2022416005,2022,DHS,2169,2405,,,
KEN,Siaya,4566353,Children overweight,2.6,1,KE,Kenya,2022,KE2022DHS,CN_NUTS_C_WHP,104236060,I,416081,1416081,Region,..Siaya,0,,0,1,CNNUTSCWHP,KEDHS2022416081,2022,DHS,327,396,,,1
KEN,Kisumu,4475343,Children overweight,2.1,1,KE,Kenya,2022,KE2022DHS,CN_NUTS_C_WHP,104236060,I,416082,1416082,Region,..Kisumu,0,,0,1,CNNUTSCWHP,KEDHS2022416082,2022,DHS,418,415,,,1
KEN,Homa Bay,2666282,Children overweight,5.2,1,KE,Kenya,2022,KE2022DHS,CN_NUTS_C_WHP,104236060,I,416083,1416083,Region,..Homa Bay,0,,0,1,CNNUTSCWHP,KEDHS2022416083,2022,DHS,407,436,,,1
KEN,Migori,261046,Children overweight,2.2,1,KE,Kenya,2022,KE2022DHS,CN_NUTS_C_WHP,104236060,I,416084,1416084,Region,..Migori,0,,0,1,CNNUTSCWHP,KEDHS2022416084,2022,DHS,449,495,,,1
KEN,Kisii,7217726,Children overweight,5.7,1,KE,Kenya,2022,KE2022DHS,CN_NUTS_C_WHP,104236060,I,416085,1416085,Region,..Kisii,0,,0,1,CNNUTSCWHP,KEDHS2022416085,2022,DHS,412,363,,,1
KEN,Nyamira,1113917,Children overweight,6,1,KE,Kenya,2022,KE2022DHS,CN_NUTS_C_WHP,104236060,I,416086,1416086,Region,..Nyamira,0,,0,1,CNNUTSCWHP,KEDHS2022416086,2022,DHS,156,300,,,1
KEN,Nairobi,6483404,Children overweight,5.6,1,KE,Kenya,2022,KE2022DHS,CN_NUTS_C_WHP,104236060,I,416001,1416090,Region,Nairobi,0,,0,1,CNNUTSCWHP,KEDHS2022416001,2022,DHS,1623,392,,,1
KEN,Coast,146248,Children who started breastfeeding within 1 hour of birth,60,1,KE,Kenya,2022,KE2022DHS,CN_BRFI_C_1HR,104266020,I,416003,1416010,Region,Coast,0,,0,1,CNBRFIC1HR,KEDHS2022416003,2022,DHS,335,524,,,
KEN,Mombasa,7176481,Children who started breastfeeding within 1 hour of birth,52.8,1,KE,Kenya,2022,KE2022DHS,CN_BRFI_C_1HR,104266020,I,416011,1416011,Region,..Mombasa,0,,0,1,CNBRFIC1HR,KEDHS2022416011,2022,DHS,105,81,,,1
KEN,Kwale,3756064,Children who started breastfeeding within 1 hour of birth,75.7,1,KE,Kenya,2022,KE2022DHS,CN_BRFI_C_1HR,104266020,I,416012,1416012,Region,..Kwale,0,,0,1,CNBRFIC1HR,KEDHS2022416012,2022,DHS,64,88,,,1
KEN,Kilifi,6462748,Children who started breastfeeding within 1 hour of birth,60.2,1,KE,Kenya,2022,KE2022DHS,CN_BRFI_C_1HR,104266020,I,416013,1416013,Region,..Kilifi,0,,0,1,CNBRFIC1HR,KEDHS2022416013,2022,DHS,95,73,,,1
KEN,Tana River,3430185,Children who started breastfeeding within 1 hour of birth,81.9,1,KE,Kenya,2022,KE2022DHS,CN_BRFI_C_1HR,104266020,I,416014,1416014,Region,..Tana River,0,,0,1,CNBRFIC1HR,KEDHS2022416014,2022,DHS,29,133,,,1
KEN,Lamu,6781060,Children who started breastfeeding within 1 hour of birth,34.8,1,KE,Kenya,2022,KE2022DHS,CN_BRFI_C_1HR,104266020,I,416015,1416015,Region,..Lamu,0,,0,1,CNBRFIC1HR,KEDHS2022416015,2022,DHS,17,102,,,1
KEN,Taita Taveta,640075,Children who started breastfeeding within 1 hour of birth,40.7,1,KE,Kenya,2022,KE2022DHS,CN_BRFI_C_1HR,104266020,I,416016,1416016,Region,..Taita Taveta,0,,0,1,CNBRFIC1HR,KEDHS2022416016,2022,DHS,25,47,,,1
KEN,North Eastern,6214978,Children who started breastfeeding within 1 hour of birth,64.6,1,KE,Kenya,2022,KE2022DHS,CN_BRFI_C_1HR,104266020,I,416008,1416020,Region,North Eastern,0,,0,1,CNBRFIC1HR,KEDHS2022416008,2022,DHS,129,450,,,
KEN,Garissa,2673772,Children who started breastfeeding within 1 hour of birth,61.5,1,KE,Kenya,2022,KE2022DHS,CN_BRFI_C_1HR,104266020,I,416021,1416021,Region,..Garissa,0,,0,1,CNBRFIC1HR,KEDHS2022416021,2022,DHS,51,130,,,1
KEN,Wajir,228100,Children who started breastfeeding within 1 hour of birth,67.2,1,KE,Kenya,2022,KE2022DHS,CN_BRFI_C_1HR,104266020,I,416022,1416022,Region,..Wajir,0,,0,1,CNBRFIC1HR,KEDHS2022416022,2022,DHS,29,143,,,1
KEN,Mandera,6934489,Children who started breastfeeding within 1 hour of birth,66.3,1,KE,Kenya,2022,KE2022DHS,CN_BRFI_C_1HR,104266020,I,416023,1416023,Region,..Mandera,0,,0,1,CNBRFIC1HR,KEDHS2022416023,2022,DHS,50,177,,,1
KEN,Eastern,6934488,Children who started breastfeeding within 1 hour of birth,62.8,1,KE,Kenya,2022,KE2022DHS,CN_BRFI_C_1HR,104266020,I,416004,1416030,Region,Eastern,0,,0,1,CNBRFIC1HR,KEDHS2022416004,2022,DHS,429,576,,,
KEN,Marsabit,2687964,Children who started breastfeeding within 1 hour of birth,74.2,1,KE,Kenya,2022,KE2022DHS,CN_BRFI_C_1HR,104266020,I,416031,1416031,Region,..Marsabit,0,,0,1,CNBRFIC1HR,KEDHS2022416031,2022,DHS,28,112,,,1
KEN,Isiolo,128951,Children who started breastfeeding within 1 hour of birth,67.7,1,KE,Kenya,2022,KE2022DHS,CN_BRFI_C_1HR,104266020,I,416032,1416032,Region,..Isiolo,0,,0,1,CNBRFIC1HR,KEDHS2022416032,2022,DHS,21,100,,,1
KEN,Meru,2673793,Children who started breastfeeding within 1 hour of birth,66.8,1,KE,Kenya,2022,KE2022DHS,CN_BRFI_C_1HR,104266020,I,416033,1416033,Region,..Meru,0,,0,1,CNBRFIC1HR,KEDHS2022416033,2022,DHS,99,58,,,1
KEN,Tharaka-Nithi,6810642,Children who started breastfeeding within 1 hour of birth,58,1,KE,Kenya,2022,KE2022DHS,CN_BRFI_C_1HR,104266020,I,416034,1416034,Region,..Tharaka-Nithi,0,,0,1,CNBRFIC1HR,KEDHS2022416034,2022,DHS,26,60,,,1
KEN,Embu,646849,Children who started breastfeeding within 1 hour of birth,68.5,1,KE,Kenya,2022,KE2022DHS,CN_BRFI_C_1HR,104266020,I,416035,1416035,Region,..Embu,0,,0,1,CNBRFIC1HR,KEDHS2022416035,2022,DHS,33,52,,,1
KEN,Kitui,5441287,Children who started breastfeeding within 1 hour of birth,53.6,1,KE,Kenya,2022,KE2022DHS,CN_BRFI_C_1HR,104266020,I,416036,1416036,Region,..Kitui,0,,0,1,CNBRFIC1HR,KEDHS2022416036,2022,DHS,72,68,,,1
KEN,Machakos,5025609,Children who started breastfeeding within 1 hour of birth,56,1,KE,Kenya,2022,KE2022DHS,CN_BRFI_C_1HR,104266020,I,416037,1416037,Region,..Machakos,0,,0,1,CNBRFIC1HR,KEDHS2022416037,2022,DHS,85,60,,,1
KEN,Makueni,3601554,Children who started breastfeeding within 1 hour of birth,68,1,KE,Kenya,2022,KE2022DHS,CN_BRFI_C_1HR,104266020,I,416038,1416038,Region,..Makueni,0,,0,1,CNBRFIC1HR,KEDHS2022416038,2022,DHS,65,66,,,1
KEN,Central,2666301,Children who started breastfeeding within 1 hour of birth,51,1,KE,Kenya,2022,KE2022DHS,CN_BRFI_C_1HR,104266020,I,416002,1416040,Region,Central,0,,0,1,CNBRFIC1HR,KEDHS2022416002,2022,DHS,423,312,,,
KEN,Nyandarua,899225,Children who started breastfeeding within 1 hour of birth,63.8,1,KE,Kenya,2022,KE2022DHS,CN_BRFI_C_1HR,104266020,I,416041,1416041,Region,..Nyandarua,0,,0,1,CNBRFIC1HR,KEDHS2022416041,2022,DHS,48,68,,,1
KEN,Nyeri,6914012,Children who started breastfeeding within 1 hour of birth,51.3,1,KE,Kenya,2022,KE2022DHS,CN_BRFI_C_1HR,104266020,I,416042,1416042,Region,..Nyeri,0,,0,1,CNBRFIC1HR,KEDHS2022416042,2022,DHS,52,52,,,1
KEN,Kirinyaga,4469053,Children who started breastfeeding within 1 hour of birth,40.8,1,KE,Kenya,2022,KE2022DHS,CN_BRFI_C_1HR,104266020,I,416043,1416043,Region,..Kirinyaga,0,,0,1,CNBRFIC1HR,KEDHS2022416043,2022,DHS,47,62,,,1
KEN,Murang'a,7806246,Children who started breastfeeding within 1 hour of birth,71.6,1,KE,Kenya,2022,KE2022DHS,CN_BRFI_C_1HR,104266020,I,416044,1416044,Region,..Murang'a,0,,0,1,CNBRFIC1HR,KEDHS2022416044,2022,DHS,72,62,,,1
KEN,Kiambu,4566253,Children who started breastfeeding within 1 hour of birth,42.9,1,KE,Kenya,2022,KE2022DHS,CN_BRFI_C_1HR,104266020,I,416045,1416045,Region,..Kiambu,0,,0,1,CNBRFIC1HR,KEDHS2022416045,2022,DHS,203,68,,,1
KEN,Rift Valley,1432180,Children who started breastfeeding within 1 hour of birth,62,1,KE,Kenya,2022,KE2022DHS,CN_BRFI_C_1HR,104266020,I,416006,1416050,Region,Rift Valley,0,,0,1,CNBRFIC1HR,KEDHS2022416006,2022,DHS,1102,1345,,,
KEN,Turkana,135614,Children who started breastfeeding within 1 hour of birth,59.2,1,KE,Kenya,2022,KE2022DHS,CN_BRFI_C_1HR,104266020,I,416051,1416051,Region,..Turkana,0,,0,1,CNBRFIC1HR,KEDHS2022416051,2022,DHS,66,128,,,1
KEN,West Pokot,2687953,Children who started breastfeeding within 1 hour of birth,66.1,1,KE,Kenya,2022,KE2022DHS,CN_BRFI_C_1HR,104266020,I,416052,1416052,Region,..West Pokot,0,,0,1,CNBRFIC1HR,KEDHS2022416052,2022,DHS,89,168,,,1
KEN,Samburu,6820773,Children who started breastfeeding within 1 hour of birth,78.6,1,KE,Kenya,2022,KE2022DHS,CN_BRFI_C_1HR,104266020,I,416053,1416053,Region,..Samburu,0,,0,1,CNBRFIC1HR,KEDHS2022416053,2022,DHS,30,118,,,1
KEN,Trans-Nzoia,684331,Children who started breastfeeding within 1 hour of birth,58.4,1,KE,Kenya,2022,KE2022DHS,CN_BRFI_C_1HR,104266020,I,416054,1416054,Region,..Trans-Nzoia,0,,0,1,CNBRFIC1HR,KEDHS2022416054,2022,DHS,78,84,,,1
KEN,Uasin Gishu,5441289,Children who started breastfeeding within 1 hour of birth,69.6,1,KE,Kenya,2022,KE2022DHS,CN_BRFI_C_1HR,104266020,I,416055,1416055,Region,..Uasin Gishu,0,,0,1,CNBRFIC1HR,KEDHS2022416055,2022,DHS,112,86,,,1
KEN,Elgeyo Marakwet,5047759,Children who started breastfeeding within 1 hour of birth,82.6,1,KE,Kenya,2022,KE2022DHS,CN_BRFI_C_1HR,104266020,I,416056,1416056,Region,..Elgeyo Marakwet,0,,0,1,CNBRFIC1HR,KEDHS2022416056,2022,DHS,35,83,,,1
KEN,Nandi,3617105,Children who started breastfeeding within 1 hour of birth,46,1,KE,Kenya,2022,KE2022DHS,CN_BRFI_C_1HR,104266020,I,416057,1416057,Region,..Nandi,0,,0,1,CNBRFIC1HR,KEDHS2022416057,2022,DHS,60,73,,,1
KEN,Baringo,6299646,Children who started breastfeeding within 1 hour of birth,81.2,1,KE,Kenya,2022,KE2022DHS,CN_BRFI_C_1HR,104266020,I,416058,1416058,Region,..Baringo,0,,0,1,CNBRFIC1HR,KEDHS2022416058,2022,DHS,53,99,,,1
KEN,Laikipia,2673770,Children who started breastfeeding within 1 hour of birth,77.3,1,KE,Kenya,2022,KE2022DHS,CN_BRFI_C_1HR,104266020,I,416059,1416059,Region,..Laikipia,0,,0,1,CNBRFIC1HR,KEDHS2022416059,2022,DHS,33,53,,,1
KEN,Nakuru,6680318,Children who started breastfeeding within 1 hour of birth,57,1,KE,Kenya,2022,KE2022DHS,CN_BRFI_C_1HR,104266020,I,416060,1416060,Region,..Nakuru,0,,0,1,CNBRFIC1HR,KEDHS2022416060,2022,DHS,170,81,,,1
KEN,Narok,446658,Children who started breastfeeding within 1 hour of birth,74.2,1,KE,Kenya,2022,KE2022DHS,CN_BRFI_C_1HR,104266020,I,416061,1416061,Region,..Narok,0,,0,1,CNBRFIC1HR,KEDHS2022416061,2022,DHS,122,119,,,1
KEN,Kajiado,4679605,Children who started breastfeeding within 1 hour of birth,42.1,1,KE,Kenya,2022,KE2022DHS,CN_BRFI_C_1HR,104266020,I,416062,1416062,Region,..Kajiado,0,,0,1,CNBRFIC1HR,KEDHS2022416062,2022,DHS,103,81,,,1
KEN,Kericho,7813357,Children who started breastfeeding within 1 hour of birth,54.2,1,KE,Kenya,2022,KE2022DHS,CN_BRFI_C_1HR,104266020,I,416063,1416063,Region,..Kericho,0,,0,1,CNBRFIC1HR,KEDHS2022416063,2022,DHS,84,91,,,1
KEN,Bomet,4572674,Children who started breastfeeding within 1 hour of birth,55.1,1,KE,Kenya,2022,KE2022DHS,CN_BRFI_C_1HR,104266020,I,416064,1416064,Region,..Bomet,0,,0,1,CNBRFIC1HR,KEDHS2022416064,2022,DHS,68,81,,,1
KEN,Western,2673783,Children who started breastfeeding within 1 hour of birth,68,1,KE,Kenya,2022,KE2022DHS,CN_BRFI_C_1HR,104266020,I,416007,1416070,Region,Western,0,,0,1,CNBRFIC1HR,KEDHS2022416007,2022,DHS,386,363,,,
KEN,Kakamega,2666312,Children who started breastfeeding within 1 hour of birth,56.1,1,KE,Kenya,2022,KE2022DHS,CN_BRFI_C_1HR,104266020,I,416071,1416071,Region,..Kakamega,0,,0,1,CNBRFIC1HR,KEDHS2022416071,2022,DHS,158,97,,,1
KEN,Vihiga,6827375,Children who started breastfeeding within 1 hour of birth,87.2,1,KE,Kenya,2022,KE2022DHS,CN_BRFI_C_1HR,104266020,I,416072,1416072,Region,..Vihiga,0,,0,1,CNBRFIC1HR,KEDHS2022416072,2022,DHS,39,78,,,1
KEN,Bungoma,4852400,Children who started breastfeeding within 1 hour of birth,68.1,1,KE,Kenya,2022,KE2022DHS,CN_BRFI_C_1HR,104266020,I,416073,1416073,Region,..Bungoma,0,,0,1,CNBRFIC1HR,KEDHS2022416073,2022,DHS,112,86,,,1
KEN,Busia,3933602,Children who started breastfeeding within 1 hour of birth,82.1,1,KE,Kenya,2022,KE2022DHS,CN_BRFI_C_1HR,104266020,I,416074,1416074,Region,..Busia,0,,0,1,CNBRFIC1HR,KEDHS2022416074,2022,DHS,77,102,,,1
KEN,Nyanza,5904734,Children who started breastfeeding within 1 hour of birth,60.6,1,KE,Kenya,2022,KE2022DHS,CN_BRFI_C_1HR,104266020,I,416005,1416080,Region,Nyanza,0,,0,1,CNBRFIC1HR,KEDHS2022416005,2022,DHS,438,485,,,
KEN,Siaya,4672648,Children who started breastfeeding within 1 hour of birth,55.1,1,KE,Kenya,2022,KE2022DHS,CN_BRFI_C_1HR,104266020,I,416081,1416081,Region,..Siaya,0,,0,1,CNBRFIC1HR,KEDHS2022416081,2022,DHS,55,69,,,1
KEN,Kisumu,5342146,Children who started breastfeeding within 1 hour of birth,21.5,1,KE,Kenya,2022,KE2022DHS,CN_BRFI_C_1HR,104266020,I,416082,1416082,Region,..Kisumu,0,,0,1,CNBRFIC1HR,KEDHS2022416082,2022,DHS,80,79,,,1
KEN,Homa Bay,4787562,Children who started breastfeeding within 1 hour of birth,53.5,1,KE,Kenya,2022,KE2022DHS,CN_BRFI_C_1HR,104266020,I,416083,1416083,Region,..Homa Bay,0,,0,1,CNBRFIC1HR,KEDHS2022416083,2022,DHS,73,85,,,1
KEN,Migori,5972144,Children who started breastfeeding within 1 hour of birth,78.6,1,KE,Kenya,2022,KE2022DHS,CN_BRFI_C_1HR,104266020,I,416084,1416084,Region,..Migori,0,,0,1,CNBRFIC1HR,KEDHS2022416084,2022,DHS,99,112,,,1
KEN,Kisii,7926595,Children who started breastfeeding within 1 hour of birth,82.2,1,KE,Kenya,2022,KE2022DHS,CN_BRFI_C_1HR,104266020,I,416085,1416085,Region,..Kisii,0,,0,1,CNBRFIC1HR,KEDHS2022416085,2022,DHS,96,80,,,1
KEN,Nyamira,1084770,Children who started breastfeeding within 1 hour of birth,63.3,1,KE,Kenya,2022,KE2022DHS,CN_BRFI_C_1HR,104266020,I,416086,1416086,Region,..Nyamira,0,,0,1,CNBRFIC1HR,KEDHS2022416086,2022,DHS,35,60,,,1
KEN,Nairobi,6483196,Children who started breastfeeding within 1 hour of birth,52.6,1,KE,Kenya,2022,KE2022DHS,CN_BRFI_C_1HR,104266020,I,416001,1416090,Region,Nairobi,0,,0,1,CNBRFIC1HR,KEDHS2022416001,2022,DHS,415,96,,,1
KEN,Coast,6974067,Breastfed children 6-23 months fed both 4+ food groups and the minimum meal frequency,21.4,1,KE,Kenya,2022,KE2022DHS,CN_IYCF_C_BTB,104436030,I,416003,1416010,Region,Coast,0,,0,1,CNIYCFCBTB,KEDHS2022416003,2022,DHS,171,281,,,
KEN,Mombasa,7800034,Breastfed children 6-23 months fed both 4+ food groups and the minimum meal frequency,27.6,1,KE,Kenya,2022,KE2022DHS,CN_IYCF_C_BTB,104436030,I,416011,1416011,Region,..Mombasa,0,,0,1,CNIYCFCBTB,KEDHS2022416011,2022,DHS,43,35,,,1
KEN,Kwale,144241,Breastfed children 6-23 months fed both 4+ food groups and the minimum meal frequency,17.2,1,KE,Kenya,2022,KE2022DHS,CN_IYCF_C_BTB,104436030,I,416012,1416012,Region,..Kwale,0,,0,1,CNIYCFCBTB,KEDHS2022416012,2022,DHS,31,44,,,1
KEN,Kilifi,2640653,Breastfed children 6-23 months fed both 4+ food groups and the minimum meal frequency,24.5,1,KE,Kenya,2022,KE2022DHS,CN_IYCF_C_BTB,104436030,I,416013,1416013,Region,..Kilifi,0,,0,1,CNIYCFCBTB,KEDHS2022416013,2022,DHS,54,38,,,1
KEN,Tana River,6666805,Breastfed children 6-23 months fed both 4+ food groups and the minimum meal frequency,5.8,1,KE,Kenya,2022,KE2022DHS,CN_IYCF_C_BTB,104436030,I,416014,1416014,Region,..Tana River,0,,0,1,CNIYCFCBTB,KEDHS2022416014,2022,DHS,18,79,,,1
KEN,Lamu,1549683,Breastfed children 6-23 months fed both 4+ food groups and the minimum meal frequency,24.6,1,KE,Kenya,2022,KE2022DHS,CN_IYCF_C_BTB,104436030,I,416015,1416015,Region,..Lamu,0,,0,1,CNIYCFCBTB,KEDHS2022416015,2022,DHS,10,57,,,1
KEN,Taita Taveta,1339954,Breastfed children 6-23 months fed both 4+ food groups and the minimum meal frequency,17.5,1,KE,Kenya,2022,KE2022DHS,CN_IYCF_C_BTB,104436030,I,416016,1416016,Region,..Taita Taveta,0,,0,1,CNIYCFCBTB,KEDHS2022416016,2022,DHS,15,28,,,1
KEN,North Eastern,3774662,Breastfed children 6-23 months fed both 4+ food groups and the minimum meal frequency,11.2,1,KE,Kenya,2022,KE2022DHS,CN_IYCF_C_BTB,104436030,I,416008,1416020,Region,North Eastern,0,,0,1,CNIYCFCBTB,KEDHS2022416008,2022,DHS,57,202,,,
KEN,Garissa,4508823,Breastfed children 6-23 months fed both 4+ food groups and the minimum meal frequency,12,1,KE,Kenya,2022,KE2022DHS,CN_IYCF_C_BTB,104436030,I,416021,1416021,Region,..Garissa,0,,0,1,CNIYCFCBTB,KEDHS2022416021,2022,DHS,23,63,,,1
KEN,Wajir,351963,Breastfed children 6-23 months fed both 4+ food groups and the minimum meal frequency,10.3,1,KE,Kenya,2022,KE2022DHS,CN_IYCF_C_BTB,104436030,I,416022,1416022,Region,..Wajir,0,,0,1,CNIYCFCBTB,KEDHS2022416022,2022,DHS,11,57,,,1
KEN,Mandera,6128346,Breastfed children 6-23 months fed both 4+ food groups and the minimum meal frequency,10.9,1,KE,Kenya,2022,KE2022DHS,CN_IYCF_C_BTB,104436030,I,416023,1416023,Region,..Mandera,0,,0,1,CNIYCFCBTB,KEDHS2022416023,2022,DHS,23,82,,,1
KEN,Eastern,6099323,Breastfed children 6-23 months fed both 4+ food groups and the minimum meal frequency,28.6,1,KE,Kenya,2022,KE2022DHS,CN_IYCF_C_BTB,104436030,I,416004,1416030,Region,Eastern,0,,0,1,CNIYCFCBTB,KEDHS2022416004,2022,DHS,279,368,,,
KEN,Marsabit,165675,Breastfed children 6-23 months fed both 4+ food groups and the minimum meal frequency,9.3,1,KE,Kenya,2022,KE2022DHS,CN_IYCF_C_BTB,104436030,I,416031,1416031,Region,..Marsabit,0,,0,1,CNIYCFCBTB,KEDHS2022416031,2022,DHS,17,67,,,1
KEN,Isiolo,2647646,Breastfed children 6-23 months fed both 4+ food groups and the minimum meal frequency,10.8,1,KE,Kenya,2022,KE2022DHS,CN_IYCF_C_BTB,104436030,I,416032,1416032,Region,..Isiolo,0,,0,1,CNIYCFCBTB,KEDHS2022416032,2022,DHS,14,68,,,1
KEN,Meru,6666771,Breastfed children 6-23 months fed both 4+ food groups and the minimum meal frequency,53.1,1,KE,Kenya,2022,KE2022DHS,CN_IYCF_C_BTB,104436030,I,416033,1416033,Region,..Meru,0,,0,1,CNIYCFCBTB,KEDHS2022416033,2022,DHS,76,44,,,1
KEN,Tharaka-Nithi,6641829,Breastfed children 6-23 months fed both 4+ food groups and the minimum meal frequency,42.3,1,KE,Kenya,2022,KE2022DHS,CN_IYCF_C_BTB,104436030,I,416034,1416034,Region,..Tharaka-Nithi,0,,0,1,CNIYCFCBTB,KEDHS2022416034,2022,DHS,16,36,,,1
KEN,Embu,4150023,Breastfed children 6-23 months fed both 4+ food groups and the minimum meal frequency,72.9,1,KE,Kenya,2022,KE2022DHS,CN_IYCF_C_BTB,104436030,I,416035,1416035,Region,..Embu,0,,0,1,CNIYCFCBTB,KEDHS2022416035,2022,DHS,20,30,,,1
KEN,Kitui,5495396,Breastfed children 6-23 months fed both 4+ food groups and the minimum meal frequency,3.7,1,KE,Kenya,2022,KE2022DHS,CN_IYCF_C_BTB,104436030,I,416036,1416036,Region,..Kitui,0,,0,1,CNIYCFCBTB,KEDHS2022416036,2022,DHS,53,48,,,1
KEN,Machakos,4304769,Breastfed children 6-23 months fed both 4+ food groups and the minimum meal frequency,22,1,KE,Kenya,2022,KE2022DHS,CN_IYCF_C_BTB,104436030,I,416037,1416037,Region,..Machakos,0,,0,1,CNIYCFCBTB,KEDHS2022416037,2022,DHS,42,30,,,1
KEN,Makueni,38007,Breastfed children 6-23 months fed both 4+ food groups and the minimum meal frequency,10.1,1,KE,Kenya,2022,KE2022DHS,CN_IYCF_C_BTB,104436030,I,416038,1416038,Region,..Makueni,0,,0,1,CNIYCFCBTB,KEDHS2022416038,2022,DHS,43,45,,,1
KEN,Central,2826944,Breastfed children 6-23 months fed both 4+ food groups and the minimum meal frequency,57.2,1,KE,Kenya,2022,KE2022DHS,CN_IYCF_C_BTB,104436030,I,416002,1416040,Region,Central,0,,0,1,CNIYCFCBTB,KEDHS2022416002,2022,DHS,226,165,,,
KEN,Nyandarua,899769,Breastfed children 6-23 months fed both 4+ food groups and the minimum meal frequency,52.6,1,KE,Kenya,2022,KE2022DHS,CN_IYCF_C_BTB,104436030,I,416041,1416041,Region,..Nyandarua,0,,0,1,CNIYCFCBTB,KEDHS2022416041,2022,DHS,26,40,,,1
KEN,Kirinyaga,5378886,Breastfed children 6-23 months fed both 4+ food groups and the minimum meal frequency,65.9,1,KE,Kenya,2022,KE2022DHS,CN_IYCF_C_BTB,104436030,I,416043,1416043,Region,..Kirinyaga,0,,0,1,CNIYCFCBTB,KEDHS2022416043,2022,DHS,27,32,,,1
KEN,Murang'a,6336858,Breastfed children 6-23 months fed both 4+ food groups and the minimum meal frequency,49.4,1,KE,Kenya,2022,KE2022DHS,CN_IYCF_C_BTB,104436030,I,416044,1416044,Region,..Murang'a,0,,0,1,CNIYCFCBTB,KEDHS2022416044,2022,DHS,36,32,,,1
KEN,Kiambu,6792047,Breastfed children 6-23 months fed both 4+ food groups and the minimum meal frequency,62.6,1,KE,Kenya,2022,KE2022DHS,CN_IYCF_C_BTB,104436030,I,416045,1416045,Region,..Kiambu,0,,0,1,CNIYCFCBTB,KEDHS2022416045,2022,DHS,114,38,,,1
KEN,Rift Valley,6329907,Breastfed children 6-23 months fed both 4+ food groups and the minimum meal frequency,29.5,1,KE,Kenya,2022,KE2022DHS,CN_IYCF_C_BTB,104436030,I,416006,1416050,Region,Rift Valley,0,,0,1,CNIYCFCBTB,KEDHS2022416006,2022,DHS,625,768,,,
KEN,Turkana,4648459,Breastfed children 6-23 months fed both 4+ food groups and the minimum meal frequency,2.2,1,KE,Kenya,2022,KE2022DHS,CN_IYCF_C_BTB,104436030,I,416051,1416051,Region,..Turkana,0,,0,1,CNIYCFCBTB,KEDHS2022416051,2022,DHS,38,76,,,1
KEN,West Pokot,6664767,Breastfed children 6-23 months fed both 4+ food groups and the minimum meal frequency,30.4,1,KE,Kenya,2022,KE2022DHS,CN_IYCF_C_BTB,104436030,I,416052,1416052,Region,..West Pokot,0,,0,1,CNIYCFCBTB,KEDHS2022416052,2022,DHS,49,88,,,1
KEN,Samburu,6961202,Breastfed children 6-23 months fed both 4+ food groups and the minimum meal frequency,13.7,1,KE,Kenya,2022,KE2022DHS,CN_IYCF_C_BTB,104436030,I,416053,1416053,Region,..Samburu,0,,0,1,CNIYCFCBTB,KEDHS2022416053,2022,DHS,18,75,,,1
KEN,Trans-Nzoia,4141891,Breastfed children 6-23 months fed both 4+ food groups and the minimum meal frequency,25.2,1,KE,Kenya,2022,KE2022DHS,CN_IYCF_C_BTB,104436030,I,416054,1416054,Region,..Trans-Nzoia,0,,0,1,CNIYCFCBTB,KEDHS2022416054,2022,DHS,52,53,,,1
KEN,Uasin Gishu,5413660,Breastfed children 6-23 months fed both 4+ food groups and the minimum meal frequency,51.2,1,KE,Kenya,2022,KE2022DHS,CN_IYCF_C_BTB,104436030,I,416055,1416055,Region,..Uasin Gishu,0,,0,1,CNIYCFCBTB,KEDHS2022416055,2022,DHS,57,46,,,1
KEN,Elgeyo Marakwet,4137220,Breastfed children 6-23 months fed both 4+ food groups and the minimum meal frequency,21.8,1,KE,Kenya,2022,KE2022DHS,CN_IYCF_C_BTB,104436030,I,416056,1416056,Region,..Elgeyo Marakwet,0,,0,1,CNIYCFCBTB,KEDHS2022416056,2022,DHS,20,45,,,1
KEN,Nandi,31463,Breastfed children 6-23 months fed both 4+ food groups and the minimum meal frequency,13.6,1,KE,Kenya,2022,KE2022DHS,CN_IYCF_C_BTB,104436030,I,416057,1416057,Region,..Nandi,0,,0,1,CNIYCFCBTB,KEDHS2022416057,2022,DHS,36,41,,,1
KEN,Baringo,2640693,Breastfed children 6-23 months fed both 4+ food groups and the minimum meal frequency,36.1,1,KE,Kenya,2022,KE2022DHS,CN_IYCF_C_BTB,104436030,I,416058,1416058,Region,..Baringo,0,,0,1,CNIYCFCBTB,KEDHS2022416058,2022,DHS,30,56,,,1
KEN,Laikipia,7733139,Breastfed children 6-23 months fed both 4+ food groups and the minimum meal frequency,31.7,1,KE,Kenya,2022,KE2022DHS,CN_IYCF_C_BTB,104436030,I,416059,1416059,Region,..Laikipia,0,,0,1,CNIYCFCBTB,KEDHS2022416059,2022,DHS,19,32,,,1
KEN,Nakuru,347929,Breastfed children 6-23 months fed both 4+ food groups and the minimum meal frequency,36,1,KE,Kenya,2022,KE2022DHS,CN_IYCF_C_BTB,104436030,I,416060,1416060,Region,..Nakuru,0,,0,1,CNIYCFCBTB,KEDHS2022416060,2022,DHS,103,49,,,1
KEN,Narok,5896508,Breastfed children 6-23 months fed both 4+ food groups and the minimum meal frequency,25.8,1,KE,Kenya,2022,KE2022DHS,CN_IYCF_C_BTB,104436030,I,416061,1416061,Region,..Narok,0,,0,1,CNIYCFCBTB,KEDHS2022416061,2022,DHS,58,59,,,1
KEN,Kajiado,5371523,Breastfed children 6-23 months fed both 4+ food groups and the minimum meal frequency,21.9,1,KE,Kenya,2022,KE2022DHS,CN_IYCF_C_BTB,104436030,I,416062,1416062,Region,..Kajiado,0,,0,1,CNIYCFCBTB,KEDHS2022416062,2022,DHS,56,46,,,1
KEN,Kericho,4183803,Breastfed children 6-23 months fed both 4+ food groups and the minimum meal frequency,51.6,1,KE,Kenya,2022,KE2022DHS,CN_IYCF_C_BTB,104436030,I,416063,1416063,Region,..Kericho,0,,0,1,CNIYCFCBTB,KEDHS2022416063,2022,DHS,48,52,,,1
KEN,Bomet,6826118,Breastfed children 6-23 months fed both 4+ food groups and the minimum meal frequency,21.7,1,KE,Kenya,2022,KE2022DHS,CN_IYCF_C_BTB,104436030,I,416064,1416064,Region,..Bomet,0,,0,1,CNIYCFCBTB,KEDHS2022416064,2022,DHS,40,50,,,1
KEN,Western,6785533,Breastfed children 6-23 months fed both 4+ food groups and the minimum meal frequency,31.5,1,KE,Kenya,2022,KE2022DHS,CN_IYCF_C_BTB,104436030,I,416007,1416070,Region,Western,0,,0,1,CNIYCFCBTB,KEDHS2022416007,2022,DHS,181,176,,,
KEN,Kakamega,6489955,Breastfed children 6-23 months fed both 4+ food groups and the minimum meal frequency,18,1,KE,Kenya,2022,KE2022DHS,CN_IYCF_C_BTB,104436030,I,416071,1416071,Region,..Kakamega,0,,0,1,CNIYCFCBTB,KEDHS2022416071,2022,DHS,71,44,,,1
KEN,Vihiga,6916018,Breastfed children 6-23 months fed both 4+ food groups and the minimum meal frequency,44.7,1,KE,Kenya,2022,KE2022DHS,CN_IYCF_C_BTB,104436030,I,416072,1416072,Region,..Vihiga,0,,0,1,CNIYCFCBTB,KEDHS2022416072,2022,DHS,21,45,,,1
KEN,Bungoma,4157152,Breastfed children 6-23 months fed both 4+ food groups and the minimum meal frequency,40,1,KE,Kenya,2022,KE2022DHS,CN_IYCF_C_BTB,104436030,I,416073,1416073,Region,..Bungoma,0,,0,1,CNIYCFCBTB,KEDHS2022416073,2022,DHS,52,40,,,1
KEN,Busia,4986415,Breastfed children 6-23 months fed both 4+ food groups and the minimum meal frequency,38.1,1,KE,Kenya,2022,KE2022DHS,CN_IYCF_C_BTB,104436030,I,416074,1416074,Region,..Busia,0,,0,1,CNIYCFCBTB,KEDHS2022416074,2022,DHS,36,47,,,1
KEN,Nyanza,5189742,Breastfed children 6-23 months fed both 4+ food groups and the minimum meal frequency,23.1,1,KE,Kenya,2022,KE2022DHS,CN_IYCF_C_BTB,104436030,I,416005,1416080,Region,Nyanza,0,,0,1,CNIYCFCBTB,KEDHS2022416005,2022,DHS,240,261,,,
KEN,Siaya,5357184,Breastfed children 6-23 months fed both 4+ food groups and the minimum meal frequency,18.7,1,KE,Kenya,2022,KE2022DHS,CN_IYCF_C_BTB,104436030,I,416081,1416081,Region,..Siaya,0,,0,1,CNIYCFCBTB,KEDHS2022416081,2022,DHS,34,41,,,1
KEN,Kisumu,4621927,Breastfed children 6-23 months fed both 4+ food groups and the minimum meal frequency,16.9,1,KE,Kenya,2022,KE2022DHS,CN_IYCF_C_BTB,104436030,I,416082,1416082,Region,..Kisumu,0,,0,1,CNIYCFCBTB,KEDHS2022416082,2022,DHS,50,48,,,1
KEN,Homa Bay,267220,Breastfed children 6-23 months fed both 4+ food groups and the minimum meal frequency,24.3,1,KE,Kenya,2022,KE2022DHS,CN_IYCF_C_BTB,104436030,I,416083,1416083,Region,..Homa Bay,0,,0,1,CNIYCFCBTB,KEDHS2022416083,2022,DHS,38,44,,,1
KEN,Migori,4910209,Breastfed children 6-23 months fed both 4+ food groups and the minimum meal frequency,38.5,1,KE,Kenya,2022,KE2022DHS,CN_IYCF_C_BTB,104436030,I,416084,1416084,Region,..Migori,0,,0,1,CNIYCFCBTB,KEDHS2022416084,2022,DHS,48,54,,,1
KEN,Kisii,3706210,Breastfed children 6-23 months fed both 4+ food groups and the minimum meal frequency,16.2,1,KE,Kenya,2022,KE2022DHS,CN_IYCF_C_BTB,104436030,I,416085,1416085,Region,..Kisii,0,,0,1,CNIYCFCBTB,KEDHS2022416085,2022,DHS,52,43,,,1
KEN,Nyamira,1084618,Breastfed children 6-23 months fed both 4+ food groups and the minimum meal frequency,25.3,1,KE,Kenya,2022,KE2022DHS,CN_IYCF_C_BTB,104436030,I,416086,1416086,Region,..Nyamira,0,,0,1,CNIYCFCBTB,KEDHS2022416086,2022,DHS,19,31,,,1
KEN,Nairobi,7924594,Breastfed children 6-23 months fed both 4+ food groups and the minimum meal frequency,54.7,1,KE,Kenya,2022,KE2022DHS,CN_IYCF_C_BTB,104436030,I,416001,1416090,Region,Nairobi,0,,0,1,CNIYCFCBTB,KEDHS2022416001,2022,DHS,206,48,,,1
KEN,Coast,6077777,Non-breastfed children 6-23 months with 3 IYCF practices,6.4,1,KE,Kenya,2022,KE2022DHS,CN_IYCF_C_3PN,104436090,I,416003,1416010,Region,Coast,0,,0,1,CNIYCFC3PN,KEDHS2022416003,2022,DHS,49,70,,,
KEN,North Eastern,2640657,Non-breastfed children 6-23 months with 3 IYCF practices,10.6,1,KE,Kenya,2022,KE2022DHS,CN_IYCF_C_3PN,104436090,I,416008,1416020,Region,North Eastern,0,,0,1,CNIYCFC3PN,KEDHS2022416008,2022,DHS,25,86,,,
KEN,Wajir,6077792,Non-breastfed children 6-23 months with 3 IYCF practices,3,1,KE,Kenya,2022,KE2022DHS,CN_IYCF_C_3PN,104436090,I,416022,1416022,Region,..Wajir,0,,0,1,CNIYCFC3PN,KEDHS2022416022,2022,DHS,7,31,,,1
KEN,Mandera,5172652,Non-breastfed children 6-23 months with 3 IYCF practices,0,1,KE,Kenya,2022,KE2022DHS,CN_IYCF_C_3PN,104436090,I,416023,1416023,Region,..Mandera,0,,0,1,CNIYCFC3PN,KEDHS2022416023,2022,DHS,11,39,,,1
KEN,Eastern,5172651,Non-breastfed children 6-23 months with 3 IYCF practices,18,1,KE,Kenya,2022,KE2022DHS,CN_IYCF_C_3PN,104436090,I,416004,1416030,Region,Eastern,0,,0,1,CNIYCFC3PN,KEDHS2022416004,2022,DHS,31,50,,,
KEN,Central,7278426,Non-breastfed children 6-23 months with 3 IYCF practices,52.9,1,KE,Kenya,2022,KE2022DHS,CN_IYCF_C_3PN,104436090,I,416002,1416040,Region,Central,0,,0,1,CNIYCFC3PN,KEDHS2022416002,2022,DHS,53,40,,,
KEN,Rift Valley,6820791,Non-breastfed children 6-23 months with 3 IYCF practices,19.5,1,KE,Kenya,2022,KE2022DHS,CN_IYCF_C_3PN,104436090,I,416006,1416050,Region,Rift Valley,0,,0,1,CNIYCFC3PN,KEDHS2022416006,2022,DHS,137,161,,,
KEN,West Pokot,6940163,Non-breastfed children 6-23 months with 3 IYCF practices,15.3,1,KE,Kenya,2022,KE2022DHS,CN_IYCF_C_3PN,104436090,I,416052,1416052,Region,..West Pokot,0,,0,1,CNIYCFC3PN,KEDHS2022416052,2022,DHS,12,26,,,1
KEN,Western,4101244,Non-breastfed children 6-23 months with 3 IYCF practices,15.4,1,KE,Kenya,2022,KE2022DHS,CN_IYCF_C_3PN,104436090,I,416007,1416070,Region,Western,0,,0,1,CNIYCFC3PN,KEDHS2022416007,2022,DHS,66,52,,,
KEN,Nyanza,4687285,Non-breastfed children 6-23 months with 3 IYCF practices,11.5,1,KE,Kenya,2022,KE2022DHS,CN_IYCF_C_3PN,104436090,I,416005,1416080,Region,Nyanza,0,,0,1,CNIYCFC3PN,KEDHS2022416005,2022,DHS,64,73,,,
KEN,Coast,320350,Households with iodized salt,99.5,1,KE,Kenya,2022,KE2022DHS,CN_IODZ_H_IOD,104531050,I,416003,1416010,Region,Coast,0,,0,1,CNIODZHIOD,KEDHS2022416003,2022,DHS,3004,4392,,,
KEN,Mombasa,7126128,Households with iodized salt,99.9,1,KE,Kenya,2022,KE2022DHS,CN_IODZ_H_IOD,104531050,I,416011,1416011,Region,..Mombasa,0,,0,1,CNIODZHIOD,KEDHS2022416011,2022,DHS,993,787,,,1
KEN,Kwale,2656088,Households with iodized salt,99.7,1,KE,Kenya,2022,KE2022DHS,CN_IODZ_H_IOD,104531050,I,416012,1416012,Region,..Kwale,0,,0,1,CNIODZHIOD,KEDHS2022416012,2022,DHS,486,733,,,1
KEN,Kilifi,1432278,Households with iodized salt,98.7,1,KE,Kenya,2022,KE2022DHS,CN_IODZ_H_IOD,104531050,I,416013,1416013,Region,..Kilifi,0,,0,1,CNIODZHIOD,KEDHS2022416013,2022,DHS,923,776,,,1
KEN,Tana River,2647942,Households with iodized salt,99.5,1,KE,Kenya,2022,KE2022DHS,CN_IODZ_H_IOD,104531050,I,416014,1416014,Region,..Tana River,0,,0,1,CNIODZHIOD,KEDHS2022416014,2022,DHS,175,739,,,1
KEN,Lamu,6813243,Households with iodized salt,99.7,1,KE,Kenya,2022,KE2022DHS,CN_IODZ_H_IOD,104531050,I,416015,1416015,Region,..Lamu,0,,0,1,CNIODZHIOD,KEDHS2022416015,2022,DHS,102,651,,,1
KEN,Taita Taveta,677666,Households with iodized salt,100,1,KE,Kenya,2022,KE2022DHS,CN_IODZ_H_IOD,104531050,I,416016,1416016,Region,..Taita Taveta,0,,0,1,CNIODZHIOD,KEDHS2022416016,2022,DHS,326,706,,,1
KEN,North Eastern,6214897,Households with iodized salt,99.4,1,KE,Kenya,2022,KE2022DHS,CN_IODZ_H_IOD,104531050,I,416008,1416020,Region,North Eastern,0,,0,1,CNIODZHIOD,KEDHS2022416008,2022,DHS,560,1833,,,
KEN,Garissa,2647944,Households with iodized salt,99.5,1,KE,Kenya,2022,KE2022DHS,CN_IODZ_H_IOD,104531050,I,416021,1416021,Region,..Garissa,0,,0,1,CNIODZHIOD,KEDHS2022416021,2022,DHS,259,635,,,1
KEN,Wajir,7546950,Households with iodized salt,99.9,1,KE,Kenya,2022,KE2022DHS,CN_IODZ_H_IOD,104531050,I,416022,1416022,Region,..Wajir,0,,0,1,CNIODZHIOD,KEDHS2022416022,2022,DHS,113,537,,,1
KEN,Mandera,453052,Households with iodized salt,99.1,1,KE,Kenya,2022,KE2022DHS,CN_IODZ_H_IOD,104531050,I,416023,1416023,Region,..Mandera,0,,0,1,CNIODZHIOD,KEDHS2022416023,2022,DHS,187,661,,,1
KEN,Eastern,6934484,Households with iodized salt,99.8,1,KE,Kenya,2022,KE2022DHS,CN_IODZ_H_IOD,104531050,I,416004,1416030,Region,Eastern,0,,0,1,CNIODZHIOD,KEDHS2022416004,2022,DHS,5187,5946,,,
KEN,Marsabit,5964972,Households with iodized salt,99.7,1,KE,Kenya,2022,KE2022DHS,CN_IODZ_H_IOD,104531050,I,416031,1416031,Region,..Marsabit,0,,0,1,CNIODZHIOD,KEDHS2022416031,2022,DHS,155,647,,,1
KEN,Isiolo,7621357,Households with iodized salt,100,1,KE,Kenya,2022,KE2022DHS,CN_IODZ_H_IOD,104531050,I,416032,1416032,Region,..Isiolo,0,,0,1,CNIODZHIOD,KEDHS2022416032,2022,DHS,136,649,,,1
KEN,Meru,2647899,Households with iodized salt,99.7,1,KE,Kenya,2022,KE2022DHS,CN_IODZ_H_IOD,104531050,I,416033,1416033,Region,..Meru,0,,0,1,CNIODZHIOD,KEDHS2022416033,2022,DHS,1207,751,,,1
KEN,Tharaka-Nithi,6813252,Households with iodized salt,99.7,1,KE,Kenya,2022,KE2022DHS,CN_IODZ_H_IOD,104531050,I,416034,1416034,Region,..Tharaka-Nithi,0,,0,1,CNIODZHIOD,KEDHS2022416034,2022,DHS,358,713,,,1
KEN,Embu,4866771,Households with iodized salt,100,1,KE,Kenya,2022,KE2022DHS,CN_IODZ_H_IOD,104531050,I,416035,1416035,Region,..Embu,0,,0,1,CNIODZHIOD,KEDHS2022416035,2022,DHS,500,766,,,1
KEN,Kitui,3659356,Households with iodized salt,99.7,1,KE,Kenya,2022,KE2022DHS,CN_IODZ_H_IOD,104531050,I,416036,1416036,Region,..Kitui,0,,0,1,CNIODZHIOD,KEDHS2022416036,2022,DHS,884,804,,,1
KEN,Machakos,7559124,Households with iodized salt,99.9,1,KE,Kenya,2022,KE2022DHS,CN_IODZ_H_IOD,104531050,I,416037,1416037,Region,..Machakos,0,,0,1,CNIODZHIOD,KEDHS2022416037,2022,DHS,1196,822,,,1
KEN,Makueni,3601931,Households with iodized salt,99.9,1,KE,Kenya,2022,KE2022DHS,CN_IODZ_H_IOD,104531050,I,416038,1416038,Region,..Makueni,0,,0,1,CNIODZHIOD,KEDHS2022416038,2022,DHS,751,794,,,1
KEN,Central,2640983,Households with iodized salt,99.6,1,KE,Kenya,2022,KE2022DHS,CN_IODZ_H_IOD,104531050,I,416002,1416040,Region,Central,0,,0,1,CNIODZHIOD,KEDHS2022416002,2022,DHS,5434,3946,,,
KEN,Nyandarua,899310,Households with iodized salt,100,1,KE,Kenya,2022,KE2022DHS,CN_IODZ_H_IOD,104531050,I,416041,1416041,Region,..Nyandarua,0,,0,1,CNIODZHIOD,KEDHS2022416041,2022,DHS,554,767,,,1
KEN,Nyeri,460582,Households with iodized salt,99.9,1,KE,Kenya,2022,KE2022DHS,CN_IODZ_H_IOD,104531050,I,416042,1416042,Region,..Nyeri,0,,0,1,CNIODZHIOD,KEDHS2022416042,2022,DHS,762,794,,,1
KEN,Kirinyaga,3843224,Households with iodized salt,99.5,1,KE,Kenya,2022,KE2022DHS,CN_IODZ_H_IOD,104531050,I,416043,1416043,Region,..Kirinyaga,0,,0,1,CNIODZHIOD,KEDHS2022416043,2022,DHS,589,738,,,1
KEN,Murang'a,5043868,Households with iodized salt,99.3,1,KE,Kenya,2022,KE2022DHS,CN_IODZ_H_IOD,104531050,I,416044,1416044,Region,..Murang'a,0,,0,1,CNIODZHIOD,KEDHS2022416044,2022,DHS,952,777,,,1
KEN,Kiambu,591203,Households with iodized salt,99.6,1,KE,Kenya,2022,KE2022DHS,CN_IODZ_H_IOD,104531050,I,416045,1416045,Region,..Kiambu,0,,0,1,CNIODZHIOD,KEDHS2022416045,2022,DHS,2577,870,,,1
KEN,Rift Valley,4977295,Households with iodized salt,99.6,1,KE,Kenya,2022,KE2022DHS,CN_IODZ_H_IOD,104531050,I,416006,1416050,Region,Rift Valley,0,,0,1,CNIODZHIOD,KEDHS2022416006,2022,DHS,9490,10442,,,
KEN,Turkana,5427969,Households with iodized salt,99.6,1,KE,Kenya,2022,KE2022DHS,CN_IODZ_H_IOD,104531050,I,416051,1416051,Region,..Turkana,0,,0,1,CNIODZHIOD,KEDHS2022416051,2022,DHS,257,506,,,1
KEN,West Pokot,2662916,Households with iodized salt,100,1,KE,Kenya,2022,KE2022DHS,CN_IODZ_H_IOD,104531050,I,416052,1416052,Region,..West Pokot,0,,0,1,CNIODZHIOD,KEDHS2022416052,2022,DHS,389,759,,,1
KEN,Samburu,6385896,Households with iodized salt,98.9,1,KE,Kenya,2022,KE2022DHS,CN_IODZ_H_IOD,104531050,I,416053,1416053,Region,..Samburu,0,,0,1,CNIODZHIOD,KEDHS2022416053,2022,DHS,146,590,,,1
KEN,Trans-Nzoia,4859698,Households with iodized salt,98.3,1,KE,Kenya,2022,KE2022DHS,CN_IODZ_H_IOD,104531050,I,416054,1416054,Region,..Trans-Nzoia,0,,0,1,CNIODZHIOD,KEDHS2022416054,2022,DHS,721,783,,,1
KEN,Uasin Gishu,3659359,Households with iodized salt,98.8,1,KE,Kenya,2022,KE2022DHS,CN_IODZ_H_IOD,104531050,I,416055,1416055,Region,..Uasin Gishu,0,,0,1,CNIODZHIOD,KEDHS2022416055,2022,DHS,1104,826,,,1
KEN,Elgeyo Marakwet,7173017,Households with iodized salt,100,1,KE,Kenya,2022,KE2022DHS,CN_IODZ_H_IOD,104531050,I,416056,1416056,Region,..Elgeyo Marakwet,0,,0,1,CNIODZHIOD,KEDHS2022416056,2022,DHS,283,734,,,1
KEN,Nandi,2656124,Households with iodized salt,100,1,KE,Kenya,2022,KE2022DHS,CN_IODZ_H_IOD,104531050,I,416057,1416057,Region,..Nandi,0,,0,1,CNIODZHIOD,KEDHS2022416057,2022,DHS,699,787,,,1
KEN,Baringo,68288,Households with iodized salt,99.9,1,KE,Kenya,2022,KE2022DHS,CN_IODZ_H_IOD,104531050,I,416058,1416058,Region,..Baringo,0,,0,1,CNIODZHIOD,KEDHS2022416058,2022,DHS,401,717,,,1
KEN,Laikipia,2647937,Households with iodized salt,99.6,1,KE,Kenya,2022,KE2022DHS,CN_IODZ_H_IOD,104531050,I,416059,1416059,Region,..Laikipia,0,,0,1,CNIODZHIOD,KEDHS2022416059,2022,DHS,414,681,,,1
KEN,Nakuru,6968936,Households with iodized salt,99.8,1,KE,Kenya,2022,KE2022DHS,CN_IODZ_H_IOD,104531050,I,416060,1416060,Region,..Nakuru,0,,0,1,CNIODZHIOD,KEDHS2022416060,2022,DHS,1931,898,,,1
KEN,Narok,474398,Households with iodized salt,99.6,1,KE,Kenya,2022,KE2022DHS,CN_IODZ_H_IOD,104531050,I,416061,1416061,Region,..Narok,0,,0,1,CNIODZHIOD,KEDHS2022416061,2022,DHS,741,775,,,1
KEN,Kajiado,3767711,Households with iodized salt,99.7,1,KE,Kenya,2022,KE2022DHS,CN_IODZ_H_IOD,104531050,I,416062,1416062,Region,..Kajiado,0,,0,1,CNIODZHIOD,KEDHS2022416062,2022,DHS,1047,794,,,1
KEN,Kericho,5067732,Households with iodized salt,100,1,KE,Kenya,2022,KE2022DHS,CN_IODZ_H_IOD,104531050,I,416063,1416063,Region,..Kericho,0,,0,1,CNIODZHIOD,KEDHS2022416063,2022,DHS,727,809,,,1
KEN,Bomet,7653913,Households with iodized salt,99.9,1,KE,Kenya,2022,KE2022DHS,CN_IODZ_H_IOD,104531050,I,416064,1416064,Region,..Bomet,0,,0,1,CNIODZHIOD,KEDHS2022416064,2022,DHS,631,783,,,1
KEN,Western,583083,Households with iodized salt,99.8,1,KE,Kenya,2022,KE2022DHS,CN_IODZ_H_IOD,104531050,I,416007,1416070,Region,Western,0,,0,1,CNIODZHIOD,KEDHS2022416007,2022,DHS,3463,3223,,,
KEN,Kakamega,2640977,Households with iodized salt,99.6,1,KE,Kenya,2022,KE2022DHS,CN_IODZ_H_IOD,104531050,I,416071,1416071,Region,..Kakamega,0,,0,1,CNIODZHIOD,KEDHS2022416071,2022,DHS,1331,832,,,1
KEN,Vihiga,6255879,Households with iodized salt,99.5,1,KE,Kenya,2022,KE2022DHS,CN_IODZ_H_IOD,104531050,I,416072,1416072,Region,..Vihiga,0,,0,1,CNIODZHIOD,KEDHS2022416072,2022,DHS,404,780,,,1
KEN,Bungoma,4303864,Households with iodized salt,99.8,1,KE,Kenya,2022,KE2022DHS,CN_IODZ_H_IOD,104531050,I,416073,1416073,Region,..Bungoma,0,,0,1,CNIODZHIOD,KEDHS2022416073,2022,DHS,1092,800,,,1
KEN,Busia,3651913,Households with iodized salt,100,1,KE,Kenya,2022,KE2022DHS,CN_IODZ_H_IOD,104531050,I,416074,1416074,Region,..Busia,0,,0,1,CNIODZHIOD,KEDHS2022416074,2022,DHS,635,811,,,1
KEN,Nyanza,4406349,Households with iodized salt,99.9,1,KE,Kenya,2022,KE2022DHS,CN_IODZ_H_IOD,104531050,I,416005,1416080,Region,Nyanza,0,,0,1,CNIODZHIOD,KEDHS2022416005,2022,DHS,4303,4861,,,
KEN,Siaya,2640974,Households with iodized salt,99.7,1,KE,Kenya,2022,KE2022DHS,CN_IODZ_H_IOD,104531050,I,416081,1416081,Region,..Siaya,0,,0,1,CNIODZHIOD,KEDHS2022416081,2022,DHS,693,831,,,1
KEN,Kisumu,5055084,Households with iodized salt,100,1,KE,Kenya,2022,KE2022DHS,CN_IODZ_H_IOD,104531050,I,416082,1416082,Region,..Kisumu,0,,0,1,CNIODZHIOD,KEDHS2022416082,2022,DHS,887,869,,,1
KEN,Homa Bay,7697115,Households with iodized salt,100,1,KE,Kenya,2022,KE2022DHS,CN_IODZ_H_IOD,104531050,I,416083,1416083,Region,..Homa Bay,0,,0,1,CNIODZHIOD,KEDHS2022416083,2022,DHS,728,781,,,1
KEN,Migori,1586731,Households with iodized salt,100,1,KE,Kenya,2022,KE2022DHS,CN_IODZ_H_IOD,104531050,I,416084,1416084,Region,..Migori,0,,0,1,CNIODZHIOD,KEDHS2022416084,2022,DHS,683,798,,,1
KEN,Kisii,7841976,Households with iodized salt,100,1,KE,Kenya,2022,KE2022DHS,CN_IODZ_H_IOD,104531050,I,416085,1416085,Region,..Kisii,0,,0,1,CNIODZHIOD,KEDHS2022416085,2022,DHS,907,803,,,1
KEN,Nyamira,1084261,Households with iodized salt,99.8,1,KE,Kenya,2022,KE2022DHS,CN_IODZ_H_IOD,104531050,I,416086,1416086,Region,..Nyamira,0,,0,1,CNIODZHIOD,KEDHS2022416086,2022,DHS,406,779,,,1
KEN,Nairobi,6370631,Households with iodized salt,99.4,1,KE,Kenya,2022,KE2022DHS,CN_IODZ_H_IOD,104531050,I,416001,1416090,Region,Nairobi,0,,0,1,CNIODZHIOD,KEDHS2022416001,2022,DHS,4561,1092,,,1
KEN,Coast,2656255,Women who are thin according to BMI (<18.5),11.8,1,KE,Kenya,2022,KE2022DHS,AN_NUTS_W_THN,114563060,I,416003,1416010,Region,Coast,0,,0,1,ANNUTSWTHN,KEDHS2022416003,2022,DHS,1351,1880,,,
KEN,Mombasa,5035797,Women who are thin according to BMI (<18.5),7.8,1,KE,Kenya,2022,KE2022DHS,AN_NUTS_W_THN,114563060,I,416011,1416011,Region,..Mombasa,0,,0,1,ANNUTSWTHN,KEDHS2022416011,2022,DHS,456,363,,,1
KEN,Kwale,2656238,Women who are thin according to BMI (<18.5),15.4,1,KE,Kenya,2022,KE2022DHS,AN_NUTS_W_THN,114563060,I,416012,1416012,Region,..Kwale,0,,0,1,ANNUTSWTHN,KEDHS2022416012,2022,DHS,233,334,,,1
KEN,Kilifi,6384669,Women who are thin according to BMI (<18.5),11.8,1,KE,Kenya,2022,KE2022DHS,AN_NUTS_W_THN,114563060,I,416013,1416013,Region,..Kilifi,0,,0,1,ANNUTSWTHN,KEDHS2022416013,2022,DHS,434,351,,,1
KEN,Tana River,4511991,Women who are thin according to BMI (<18.5),30.6,1,KE,Kenya,2022,KE2022DHS,AN_NUTS_W_THN,114563060,I,416014,1416014,Region,..Tana River,0,,0,1,ANNUTSWTHN,KEDHS2022416014,2022,DHS,68,290,,,1
KEN,Lamu,188505,Women who are thin according to BMI (<18.5),16.7,1,KE,Kenya,2022,KE2022DHS,AN_NUTS_W_THN,114563060,I,416015,1416015,Region,..Lamu,0,,0,1,ANNUTSWTHN,KEDHS2022416015,2022,DHS,46,311,,,1
KEN,Taita Taveta,7386642,Women who are thin according to BMI (<18.5),7.3,1,KE,Kenya,2022,KE2022DHS,AN_NUTS_W_THN,114563060,I,416016,1416016,Region,..Taita Taveta,0,,0,1,ANNUTSWTHN,KEDHS2022416016,2022,DHS,114,231,,,1
KEN,North Eastern,7482381,Women who are thin according to BMI (<18.5),24.2,1,KE,Kenya,2022,KE2022DHS,AN_NUTS_W_THN,114563060,I,416008,1416020,Region,North Eastern,0,,0,1,ANNUTSWTHN,KEDHS2022416008,2022,DHS,312,1020,,,
KEN,Garissa,2647984,Women who are thin according to BMI (<18.5),23.2,1,KE,Kenya,2022,KE2022DHS,AN_NUTS_W_THN,114563060,I,416021,1416021,Region,..Garissa,0,,0,1,ANNUTSWTHN,KEDHS2022416021,2022,DHS,143,320,,,1
KEN,Wajir,228152,Women who are thin according to BMI (<18.5),33.6,1,KE,Kenya,2022,KE2022DHS,AN_NUTS_W_THN,114563060,I,416022,1416022,Region,..Wajir,0,,0,1,ANNUTSWTHN,KEDHS2022416022,2022,DHS,72,355,,,1
KEN,Mandera,7159855,Women who are thin according to BMI (<18.5),18.9,1,KE,Kenya,2022,KE2022DHS,AN_NUTS_W_THN,114563060,I,416023,1416023,Region,..Mandera,0,,0,1,ANNUTSWTHN,KEDHS2022416023,2022,DHS,98,345,,,1
KEN,Eastern,7176447,Women who are thin according to BMI (<18.5),12.1,1,KE,Kenya,2022,KE2022DHS,AN_NUTS_W_THN,114563060,I,416004,1416030,Region,Eastern,0,,0,1,ANNUTSWTHN,KEDHS2022416004,2022,DHS,2077,2406,,,
KEN,Marsabit,3338318,Women who are thin according to BMI (<18.5),37,1,KE,Kenya,2022,KE2022DHS,AN_NUTS_W_THN,114563060,I,416031,1416031,Region,..Marsabit,0,,0,1,ANNUTSWTHN,KEDHS2022416031,2022,DHS,61,260,,,1
KEN,Isiolo,6323738,Women who are thin according to BMI (<18.5),24.9,1,KE,Kenya,2022,KE2022DHS,AN_NUTS_W_THN,114563060,I,416032,1416032,Region,..Isiolo,0,,0,1,ANNUTSWTHN,KEDHS2022416032,2022,DHS,70,312,,,1
KEN,Meru,2647990,Women who are thin according to BMI (<18.5),12.9,1,KE,Kenya,2022,KE2022DHS,AN_NUTS_W_THN,114563060,I,416033,1416033,Region,..Meru,0,,0,1,ANNUTSWTHN,KEDHS2022416033,2022,DHS,460,284,,,1
KEN,Tharaka-Nithi,7704875,Women who are thin according to BMI (<18.5),7.3,1,KE,Kenya,2022,KE2022DHS,AN_NUTS_W_THN,114563060,I,416034,1416034,Region,..Tharaka-Nithi,0,,0,1,ANNUTSWTHN,KEDHS2022416034,2022,DHS,120,240,,,1
KEN,Embu,451093,Women who are thin according to BMI (<18.5),6,1,KE,Kenya,2022,KE2022DHS,AN_NUTS_W_THN,114563060,I,416035,1416035,Region,..Embu,0,,0,1,ANNUTSWTHN,KEDHS2022416035,2022,DHS,171,284,,,1
KEN,Kitui,4372149,Women who are thin according to BMI (<18.5),12.1,1,KE,Kenya,2022,KE2022DHS,AN_NUTS_W_THN,114563060,I,416036,1416036,Region,..Kitui,0,,0,1,ANNUTSWTHN,KEDHS2022416036,2022,DHS,354,327,,,1
KEN,Machakos,7355689,Women who are thin according to BMI (<18.5),11.1,1,KE,Kenya,2022,KE2022DHS,AN_NUTS_W_THN,114563060,I,416037,1416037,Region,..Machakos,0,,0,1,ANNUTSWTHN,KEDHS2022416037,2022,DHS,514,362,,,1
KEN,Makueni,4559913,Women who are thin according to BMI (<18.5),10.3,1,KE,Kenya,2022,KE2022DHS,AN_NUTS_W_THN,114563060,I,416038,1416038,Region,..Makueni,0,,0,1,ANNUTSWTHN,KEDHS2022416038,2022,DHS,326,337,,,1
KEN,Central,2641013,Women who are thin according to BMI (<18.5),6.8,1,KE,Kenya,2022,KE2022DHS,AN_NUTS_W_THN,114563060,I,416002,1416040,Region,Central,0,,0,1,ANNUTSWTHN,KEDHS2022416002,2022,DHS,1979,1438,,,
KEN,Nyandarua,899711,Women who are thin according to BMI (<18.5),5.2,1,KE,Kenya,2022,KE2022DHS,AN_NUTS_W_THN,114563060,I,416041,1416041,Region,..Nyandarua,0,,0,1,ANNUTSWTHN,KEDHS2022416041,2022,DHS,215,305,,,1
KEN,Nyeri,7264320,Women who are thin according to BMI (<18.5),5.3,1,KE,Kenya,2022,KE2022DHS,AN_NUTS_W_THN,114563060,I,416042,1416042,Region,..Nyeri,0,,0,1,ANNUTSWTHN,KEDHS2022416042,2022,DHS,242,255,,,1
KEN,Kirinyaga,5899131,Women who are thin according to BMI (<18.5),5.9,1,KE,Kenya,2022,KE2022DHS,AN_NUTS_W_THN,114563060,I,416043,1416043,Region,..Kirinyaga,0,,0,1,ANNUTSWTHN,KEDHS2022416043,2022,DHS,245,309,,,1
KEN,Murang'a,7809370,Women who are thin according to BMI (<18.5),5.2,1,KE,Kenya,2022,KE2022DHS,AN_NUTS_W_THN,114563060,I,416044,1416044,Region,..Murang'a,0,,0,1,ANNUTSWTHN,KEDHS2022416044,2022,DHS,320,262,,,1
KEN,Kiambu,3976437,Women who are thin according to BMI (<18.5),8.4,1,KE,Kenya,2022,KE2022DHS,AN_NUTS_W_THN,114563060,I,416045,1416045,Region,..Kiambu,0,,0,1,ANNUTSWTHN,KEDHS2022416045,2022,DHS,957,307,,,1
KEN,Rift Valley,1432197,Women who are thin according to BMI (<18.5),12.1,1,KE,Kenya,2022,KE2022DHS,AN_NUTS_W_THN,114563060,I,416006,1416050,Region,Rift Valley,0,,0,1,ANNUTSWTHN,KEDHS2022416006,2022,DHS,4076,4565,,,
KEN,Turkana,135944,Women who are thin according to BMI (<18.5),44.6,1,KE,Kenya,2022,KE2022DHS,AN_NUTS_W_THN,114563060,I,416051,1416051,Region,..Turkana,0,,0,1,ANNUTSWTHN,KEDHS2022416051,2022,DHS,146,288,,,1
KEN,West Pokot,2663074,Women who are thin according to BMI (<18.5),24.5,1,KE,Kenya,2022,KE2022DHS,AN_NUTS_W_THN,114563060,I,416052,1416052,Region,..West Pokot,0,,0,1,ANNUTSWTHN,KEDHS2022416052,2022,DHS,158,319,,,1
KEN,Samburu,7719709,Women who are thin according to BMI (<18.5),38.8,1,KE,Kenya,2022,KE2022DHS,AN_NUTS_W_THN,114563060,I,416053,1416053,Region,..Samburu,0,,0,1,ANNUTSWTHN,KEDHS2022416053,2022,DHS,70,270,,,1
KEN,Trans-Nzoia,460628,Women who are thin according to BMI (<18.5),9.8,1,KE,Kenya,2022,KE2022DHS,AN_NUTS_W_THN,114563060,I,416054,1416054,Region,..Trans-Nzoia,0,,0,1,ANNUTSWTHN,KEDHS2022416054,2022,DHS,331,357,,,1
KEN,Uasin Gishu,7945675,Women who are thin according to BMI (<18.5),7.5,1,KE,Kenya,2022,KE2022DHS,AN_NUTS_W_THN,114563060,I,416055,1416055,Region,..Uasin Gishu,0,,0,1,ANNUTSWTHN,KEDHS2022416055,2022,DHS,456,342,,,1
KEN,Elgeyo Marakwet,7428755,Women who are thin according to BMI (<18.5),14.1,1,KE,Kenya,2022,KE2022DHS,AN_NUTS_W_THN,114563060,I,416056,1416056,Region,..Elgeyo Marakwet,0,,0,1,ANNUTSWTHN,KEDHS2022416056,2022,DHS,106,281,,,1
KEN,Nandi,4573468,Women who are thin according to BMI (<18.5),13.4,1,KE,Kenya,2022,KE2022DHS,AN_NUTS_W_THN,114563060,I,416057,1416057,Region,..Nandi,0,,0,1,ANNUTSWTHN,KEDHS2022416057,2022,DHS,306,356,,,1
KEN,Baringo,4840438,Women who are thin according to BMI (<18.5),23.3,1,KE,Kenya,2022,KE2022DHS,AN_NUTS_W_THN,114563060,I,416058,1416058,Region,..Baringo,0,,0,1,ANNUTSWTHN,KEDHS2022416058,2022,DHS,174,327,,,1
KEN,Laikipia,2648035,Women who are thin according to BMI (<18.5),12,1,KE,Kenya,2022,KE2022DHS,AN_NUTS_W_THN,114563060,I,416059,1416059,Region,..Laikipia,0,,0,1,ANNUTSWTHN,KEDHS2022416059,2022,DHS,161,278,,,1
KEN,Nakuru,228162,Women who are thin according to BMI (<18.5),5.6,1,KE,Kenya,2022,KE2022DHS,AN_NUTS_W_THN,114563060,I,416060,1416060,Region,..Nakuru,0,,0,1,ANNUTSWTHN,KEDHS2022416060,2022,DHS,783,373,,,1
KEN,Narok,7271915,Women who are thin according to BMI (<18.5),8.2,1,KE,Kenya,2022,KE2022DHS,AN_NUTS_W_THN,114563060,I,416061,1416061,Region,..Narok,0,,0,1,ANNUTSWTHN,KEDHS2022416061,2022,DHS,326,337,,,1
KEN,Kajiado,5892349,Women who are thin according to BMI (<18.5),8.7,1,KE,Kenya,2022,KE2022DHS,AN_NUTS_W_THN,114563060,I,416062,1416062,Region,..Kajiado,0,,0,1,ANNUTSWTHN,KEDHS2022416062,2022,DHS,406,299,,,1
KEN,Kericho,5179090,Women who are thin according to BMI (<18.5),10.1,1,KE,Kenya,2022,KE2022DHS,AN_NUTS_W_THN,114563060,I,416063,1416063,Region,..Kericho,0,,0,1,ANNUTSWTHN,KEDHS2022416063,2022,DHS,347,372,,,1
KEN,Bomet,4694427,Women who are thin according to BMI (<18.5),12.9,1,KE,Kenya,2022,KE2022DHS,AN_NUTS_W_THN,114563060,I,416064,1416064,Region,..Bomet,0,,0,1,ANNUTSWTHN,KEDHS2022416064,2022,DHS,307,366,,,1
KEN,Western,7410064,Women who are thin according to BMI (<18.5),9.1,1,KE,Kenya,2022,KE2022DHS,AN_NUTS_W_THN,114563060,I,416007,1416070,Region,Western,0,,0,1,ANNUTSWTHN,KEDHS2022416007,2022,DHS,1589,1474,,,
KEN,Kakamega,7125795,Women who are thin according to BMI (<18.5),7.4,1,KE,Kenya,2022,KE2022DHS,AN_NUTS_W_THN,114563060,I,416071,1416071,Region,..Kakamega,0,,0,1,ANNUTSWTHN,KEDHS2022416071,2022,DHS,584,369,,,1
KEN,Vihiga,7689761,Women who are thin according to BMI (<18.5),8.5,1,KE,Kenya,2022,KE2022DHS,AN_NUTS_W_THN,114563060,I,416072,1416072,Region,..Vihiga,0,,0,1,ANNUTSWTHN,KEDHS2022416072,2022,DHS,185,353,,,1
KEN,Bungoma,446626,Women who are thin according to BMI (<18.5),10.8,1,KE,Kenya,2022,KE2022DHS,AN_NUTS_W_THN,114563060,I,416073,1416073,Region,..Bungoma,0,,0,1,ANNUTSWTHN,KEDHS2022416073,2022,DHS,519,387,,,1
KEN,Busia,7960446,Women who are thin according to BMI (<18.5),9.7,1,KE,Kenya,2022,KE2022DHS,AN_NUTS_W_THN,114563060,I,416074,1416074,Region,..Busia,0,,0,1,ANNUTSWTHN,KEDHS2022416074,2022,DHS,300,365,,,1
KEN,Nyanza,5845906,Women who are thin according to BMI (<18.5),5.7,1,KE,Kenya,2022,KE2022DHS,AN_NUTS_W_THN,114563060,I,416005,1416080,Region,Nyanza,0,,0,1,ANNUTSWTHN,KEDHS2022416005,2022,DHS,1841,2062,,,
KEN,Siaya,6019757,Women who are thin according to BMI (<18.5),7,1,KE,Kenya,2022,KE2022DHS,AN_NUTS_W_THN,114563060,I,416081,1416081,Region,..Siaya,0,,0,1,ANNUTSWTHN,KEDHS2022416081,2022,DHS,255,321,,,1
KEN,Kisumu,5165324,Women who are thin according to BMI (<18.5),7.3,1,KE,Kenya,2022,KE2022DHS,AN_NUTS_W_THN,114563060,I,416082,1416082,Region,..Kisumu,0,,0,1,ANNUTSWTHN,KEDHS2022416082,2022,DHS,363,359,,,1
KEN,Homa Bay,4675265,Women who are thin according to BMI (<18.5),4.9,1,KE,Kenya,2022,KE2022DHS,AN_NUTS_W_THN,114563060,I,416083,1416083,Region,..Homa Bay,0,,0,1,ANNUTSWTHN,KEDHS2022416083,2022,DHS,316,343,,,1
KEN,Migori,6773989,Women who are thin according to BMI (<18.5),6.3,1,KE,Kenya,2022,KE2022DHS,AN_NUTS_W_THN,114563060,I,416084,1416084,Region,..Migori,0,,0,1,ANNUTSWTHN,KEDHS2022416084,2022,DHS,318,369,,,1
KEN,Kisii,7965419,Women who are thin according to BMI (<18.5),3.7,1,KE,Kenya,2022,KE2022DHS,AN_NUTS_W_THN,114563060,I,416085,1416085,Region,..Kisii,0,,0,1,ANNUTSWTHN,KEDHS2022416085,2022,DHS,433,368,,,1
KEN,Nyamira,1114520,Women who are thin according to BMI (<18.5),5.6,1,KE,Kenya,2022,KE2022DHS,AN_NUTS_W_THN,114563060,I,416086,1416086,Region,..Nyamira,0,,0,1,ANNUTSWTHN,KEDHS2022416086,2022,DHS,156,302,,,1
KEN,Nairobi,6198992,Women who are thin according to BMI (<18.5),4,1,KE,Kenya,2022,KE2022DHS,AN_NUTS_W_THN,114563060,I,416001,1416090,Region,Nairobi,0,,0,1,ANNUTSWTHN,KEDHS2022416001,2022,DHS,2001,445,,,1
KEN,Coast,2656258,Women who are overweight or obese according to BMI (>=25.0),34.7,1,KE,Kenya,2022,KE2022DHS,AN_NUTS_W_OWT,114563090,I,416003,1416010,Region,Coast,0,,0,1,ANNUTSWOWT,KEDHS2022416003,2022,DHS,1351,1880,,,
KEN,Mombasa,5035776,Women who are overweight or obese according to BMI (>=25.0),40.6,1,KE,Kenya,2022,KE2022DHS,AN_NUTS_W_OWT,114563090,I,416011,1416011,Region,..Mombasa,0,,0,1,ANNUTSWOWT,KEDHS2022416011,2022,DHS,456,363,,,1
KEN,Kwale,2656216,Women who are overweight or obese according to BMI (>=25.0),31,1,KE,Kenya,2022,KE2022DHS,AN_NUTS_W_OWT,114563090,I,416012,1416012,Region,..Kwale,0,,0,1,ANNUTSWOWT,KEDHS2022416012,2022,DHS,233,334,,,1
KEN,Kilifi,6384672,Women who are overweight or obese according to BMI (>=25.0),30.6,1,KE,Kenya,2022,KE2022DHS,AN_NUTS_W_OWT,114563090,I,416013,1416013,Region,..Kilifi,0,,0,1,ANNUTSWOWT,KEDHS2022416013,2022,DHS,434,351,,,1
KEN,Tana River,4511993,Women who are overweight or obese according to BMI (>=25.0),17.9,1,KE,Kenya,2022,KE2022DHS,AN_NUTS_W_OWT,114563090,I,416014,1416014,Region,..Tana River,0,,0,1,ANNUTSWOWT,KEDHS2022416014,2022,DHS,68,290,,,1
KEN,Lamu,188510,Women who are overweight or obese according to BMI (>=25.0),41.1,1,KE,Kenya,2022,KE2022DHS,AN_NUTS_W_OWT,114563090,I,416015,1416015,Region,..Lamu,0,,0,1,ANNUTSWOWT,KEDHS2022416015,2022,DHS,46,311,,,1
KEN,Taita Taveta,7386645,Women who are overweight or obese according to BMI (>=25.0),41.9,1,KE,Kenya,2022,KE2022DHS,AN_NUTS_W_OWT,114563090,I,416016,1416016,Region,..Taita Taveta,0,,0,1,ANNUTSWOWT,KEDHS2022416016,2022,DHS,114,231,,,1
KEN,North Eastern,7482383,Women who are overweight or obese according to BMI (>=25.0),27,1,KE,Kenya,2022,KE2022DHS,AN_NUTS_W_OWT,114563090,I,416008,1416020,Region,North Eastern,0,,0,1,ANNUTSWOWT,KEDHS2022416008,2022,DHS,312,1020,,,
KEN,Garissa,2648009,Women who are overweight or obese according to BMI (>=25.0),33.5,1,KE,Kenya,2022,KE2022DHS,AN_NUTS_W_OWT,114563090,I,416021,1416021,Region,..Garissa,0,,0,1,ANNUTSWOWT,KEDHS2022416021,2022,DHS,143,320,,,1
KEN,Wajir,228156,Women who are overweight or obese according to BMI (>=25.0),24.5,1,KE,Kenya,2022,KE2022DHS,AN_NUTS_W_OWT,114563090,I,416022,1416022,Region,..Wajir,0,,0,1,ANNUTSWOWT,KEDHS2022416022,2022,DHS,72,355,,,1
KEN,Mandera,7159824,Women who are overweight or obese according to BMI (>=25.0),19.4,1,KE,Kenya,2022,KE2022DHS,AN_NUTS_W_OWT,114563090,I,416023,1416023,Region,..Mandera,0,,0,1,ANNUTSWOWT,KEDHS2022416023,2022,DHS,98,345,,,1
KEN,Eastern,7176449,Women who are overweight or obese according to BMI (>=25.0),35,1,KE,Kenya,2022,KE2022DHS,AN_NUTS_W_OWT,114563090,I,416004,1416030,Region,Eastern,0,,0,1,ANNUTSWOWT,KEDHS2022416004,2022,DHS,2077,2406,,,
KEN,Marsabit,3338320,Women who are overweight or obese according to BMI (>=25.0),13.2,1,KE,Kenya,2022,KE2022DHS,AN_NUTS_W_OWT,114563090,I,416031,1416031,Region,..Marsabit,0,,0,1,ANNUTSWOWT,KEDHS2022416031,2022,DHS,61,260,,,1
KEN,Isiolo,6323746,Women who are overweight or obese according to BMI (>=25.0),29,1,KE,Kenya,2022,KE2022DHS,AN_NUTS_W_OWT,114563090,I,416032,1416032,Region,..Isiolo,0,,0,1,ANNUTSWOWT,KEDHS2022416032,2022,DHS,70,312,,,1
KEN,Meru,2647994,Women who are overweight or obese according to BMI (>=25.0),33,1,KE,Kenya,2022,KE2022DHS,AN_NUTS_W_OWT,114563090,I,416033,1416033,Region,..Meru,0,,0,1,ANNUTSWOWT,KEDHS2022416033,2022,DHS,460,284,,,1
KEN,Tharaka-Nithi,7704879,Women who are overweight or obese according to BMI (>=25.0),38.5,1,KE,Kenya,2022,KE2022DHS,AN_NUTS_W_OWT,114563090,I,416034,1416034,Region,..Tharaka-Nithi,0,,0,1,ANNUTSWOWT,KEDHS2022416034,2022,DHS,120,240,,,1
KEN,Embu,451144,Women who are overweight or obese according to BMI (>=25.0),48.3,1,KE,Kenya,2022,KE2022DHS,AN_NUTS_W_OWT,114563090,I,416035,1416035,Region,..Embu,0,,0,1,ANNUTSWOWT,KEDHS2022416035,2022,DHS,171,284,,,1
KEN,Kitui,4372136,Women who are overweight or obese according to BMI (>=25.0),23.7,1,KE,Kenya,2022,KE2022DHS,AN_NUTS_W_OWT,114563090,I,416036,1416036,Region,..Kitui,0,,0,1,ANNUTSWOWT,KEDHS2022416036,2022,DHS,354,327,,,1
KEN,Machakos,7355686,Women who are overweight or obese according to BMI (>=25.0),40.8,1,KE,Kenya,2022,KE2022DHS,AN_NUTS_W_OWT,114563090,I,416037,1416037,Region,..Machakos,0,,0,1,ANNUTSWOWT,KEDHS2022416037,2022,DHS,514,362,,,1
KEN,Makueni,4559993,Women who are overweight or obese according to BMI (>=25.0),37.9,1,KE,Kenya,2022,KE2022DHS,AN_NUTS_W_OWT,114563090,I,416038,1416038,Region,..Makueni,0,,0,1,ANNUTSWOWT,KEDHS2022416038,2022,DHS,326,337,,,1
KEN,Central,2641009,Women who are overweight or obese according to BMI (>=25.0),51.9,1,KE,Kenya,2022,KE2022DHS,AN_NUTS_W_OWT,114563090,I,416002,1416040,Region,Central,0,,0,1,ANNUTSWOWT,KEDHS2022416002,2022,DHS,1979,1438,,,
KEN,Nyandarua,899713,Women who are overweight or obese according to BMI (>=25.0),45,1,KE,Kenya,2022,KE2022DHS,AN_NUTS_W_OWT,114563090,I,416041,1416041,Region,..Nyandarua,0,,0,1,ANNUTSWOWT,KEDHS2022416041,2022,DHS,215,305,,,1
KEN,Nyeri,7264317,Women who are overweight or obese according to BMI (>=25.0),54.2,1,KE,Kenya,2022,KE2022DHS,AN_NUTS_W_OWT,114563090,I,416042,1416042,Region,..Nyeri,0,,0,1,ANNUTSWOWT,KEDHS2022416042,2022,DHS,242,255,,,1
KEN,Kirinyaga,5899132,Women who are overweight or obese according to BMI (>=25.0),57.2,1,KE,Kenya,2022,KE2022DHS,AN_NUTS_W_OWT,114563090,I,416043,1416043,Region,..Kirinyaga,0,,0,1,ANNUTSWOWT,KEDHS2022416043,2022,DHS,245,309,,,1
KEN,Murang'a,7809365,Women who are overweight or obese according to BMI (>=25.0),47.9,1,KE,Kenya,2022,KE2022DHS,AN_NUTS_W_OWT,114563090,I,416044,1416044,Region,..Murang'a,0,,0,1,ANNUTSWOWT,KEDHS2022416044,2022,DHS,320,262,,,1
KEN,Kiambu,3976419,Women who are overweight or obese according to BMI (>=25.0),52.8,1,KE,Kenya,2022,KE2022DHS,AN_NUTS_W_OWT,114563090,I,416045,1416045,Region,..Kiambu,0,,0,1,ANNUTSWOWT,KEDHS2022416045,2022,DHS,957,307,,,1
KEN,Rift Valley,1432199,Women who are overweight or obese according to BMI (>=25.0),33.5,1,KE,Kenya,2022,KE2022DHS,AN_NUTS_W_OWT,114563090,I,416006,1416050,Region,Rift Valley,0,,0,1,ANNUTSWOWT,KEDHS2022416006,2022,DHS,4076,4565,,,
KEN,Turkana,135933,Women who are overweight or obese according to BMI (>=25.0),8.9,1,KE,Kenya,2022,KE2022DHS,AN_NUTS_W_OWT,114563090,I,416051,1416051,Region,..Turkana,0,,0,1,ANNUTSWOWT,KEDHS2022416051,2022,DHS,146,288,,,1
KEN,West Pokot,2663070,Women who are overweight or obese according to BMI (>=25.0),14.7,1,KE,Kenya,2022,KE2022DHS,AN_NUTS_W_OWT,114563090,I,416052,1416052,Region,..West Pokot,0,,0,1,ANNUTSWOWT,KEDHS2022416052,2022,DHS,158,319,,,1
KEN,Samburu,7719691,Women who are overweight or obese according to BMI (>=25.0),13.5,1,KE,Kenya,2022,KE2022DHS,AN_NUTS_W_OWT,114563090,I,416053,1416053,Region,..Samburu,0,,0,1,ANNUTSWOWT,KEDHS2022416053,2022,DHS,70,270,,,1
KEN,Trans-Nzoia,460604,Women who are overweight or obese according to BMI (>=25.0),33,1,KE,Kenya,2022,KE2022DHS,AN_NUTS_W_OWT,114563090,I,416054,1416054,Region,..Trans-Nzoia,0,,0,1,ANNUTSWOWT,KEDHS2022416054,2022,DHS,331,357,,,1
KEN,Uasin Gishu,7945671,Women who are overweight or obese according to BMI (>=25.0),38,1,KE,Kenya,2022,KE2022DHS,AN_NUTS_W_OWT,114563090,I,416055,1416055,Region,..Uasin Gishu,0,,0,1,ANNUTSWOWT,KEDHS2022416055,2022,DHS,456,342,,,1
KEN,Elgeyo Marakwet,7406649,Women who are overweight or obese according to BMI (>=25.0),22.1,1,KE,Kenya,2022,KE2022DHS,AN_NUTS_W_OWT,114563090,I,416056,1416056,Region,..Elgeyo Marakwet,0,,0,1,ANNUTSWOWT,KEDHS2022416056,2022,DHS,106,281,,,1
KEN,Nandi,4573359,Women who are overweight or obese according to BMI (>=25.0),27.3,1,KE,Kenya,2022,KE2022DHS,AN_NUTS_W_OWT,114563090,I,416057,1416057,Region,..Nandi,0,,0,1,ANNUTSWOWT,KEDHS2022416057,2022,DHS,306,356,,,1
KEN,Baringo,4840434,Women who are overweight or obese according to BMI (>=25.0),18.8,1,KE,Kenya,2022,KE2022DHS,AN_NUTS_W_OWT,114563090,I,416058,1416058,Region,..Baringo,0,,0,1,ANNUTSWOWT,KEDHS2022416058,2022,DHS,174,327,,,1
KEN,Laikipia,2648038,Women who are overweight or obese according to BMI (>=25.0),37.3,1,KE,Kenya,2022,KE2022DHS,AN_NUTS_W_OWT,114563090,I,416059,1416059,Region,..Laikipia,0,,0,1,ANNUTSWOWT,KEDHS2022416059,2022,DHS,161,278,,,1
KEN,Nakuru,228158,Women who are overweight or obese according to BMI (>=25.0),46.4,1,KE,Kenya,2022,KE2022DHS,AN_NUTS_W_OWT,114563090,I,416060,1416060,Region,..Nakuru,0,,0,1,ANNUTSWOWT,KEDHS2022416060,2022,DHS,783,373,,,1
KEN,Narok,7271884,Women who are overweight or obese according to BMI (>=25.0),33.7,1,KE,Kenya,2022,KE2022DHS,AN_NUTS_W_OWT,114563090,I,416061,1416061,Region,..Narok,0,,0,1,ANNUTSWOWT,KEDHS2022416061,2022,DHS,326,337,,,1
KEN,Kajiado,5892343,Women who are overweight or obese according to BMI (>=25.0),45.1,1,KE,Kenya,2022,KE2022DHS,AN_NUTS_W_OWT,114563090,I,416062,1416062,Region,..Kajiado,0,,0,1,ANNUTSWOWT,KEDHS2022416062,2022,DHS,406,299,,,1
KEN,Kericho,5179086,Women who are overweight or obese according to BMI (>=25.0),30.9,1,KE,Kenya,2022,KE2022DHS,AN_NUTS_W_OWT,114563090,I,416063,1416063,Region,..Kericho,0,,0,1,ANNUTSWOWT,KEDHS2022416063,2022,DHS,347,372,,,1
KEN,Bomet,4694384,Women who are overweight or obese according to BMI (>=25.0),24.1,1,KE,Kenya,2022,KE2022DHS,AN_NUTS_W_OWT,114563090,I,416064,1416064,Region,..Bomet,0,,0,1,ANNUTSWOWT,KEDHS2022416064,2022,DHS,307,366,,,1
KEN,Western,7410054,Women who are overweight or obese according to BMI (>=25.0),31.9,1,KE,Kenya,2022,KE2022DHS,AN_NUTS_W_OWT,114563090,I,416007,1416070,Region,Western,0,,0,1,ANNUTSWOWT,KEDHS2022416007,2022,DHS,1589,1474,,,
KEN,Kakamega,7125789,Women who are overweight or obese according to BMI (>=25.0),37.1,1,KE,Kenya,2022,KE2022DHS,AN_NUTS_W_OWT,114563090,I,416071,1416071,Region,..Kakamega,0,,0,1,ANNUTSWOWT,KEDHS2022416071,2022,DHS,584,369,,,1
KEN,Vihiga,7689756,Women who are overweight or obese according to BMI (>=25.0),32.3,1,KE,Kenya,2022,KE2022DHS,AN_NUTS_W_OWT,114563090,I,416072,1416072,Region,..Vihiga,0,,0,1,ANNUTSWOWT,KEDHS2022416072,2022,DHS,185,353,,,1
KEN,Bungoma,446590,Women who are overweight or obese according to BMI (>=25.0),26.3,1,KE,Kenya,2022,KE2022DHS,AN_NUTS_W_OWT,114563090,I,416073,1416073,Region,..Bungoma,0,,0,1,ANNUTSWOWT,KEDHS2022416073,2022,DHS,519,387,,,1
KEN,Busia,7960440,Women who are overweight or obese according to BMI (>=25.0),31.3,1,KE,Kenya,2022,KE2022DHS,AN_NUTS_W_OWT,114563090,I,416074,1416074,Region,..Busia,0,,0,1,ANNUTSWOWT,KEDHS2022416074,2022,DHS,300,365,,,1
KEN,Nyanza,5845908,Women who are overweight or obese according to BMI (>=25.0),33.5,1,KE,Kenya,2022,KE2022DHS,AN_NUTS_W_OWT,114563090,I,416005,1416080,Region,Nyanza,0,,0,1,ANNUTSWOWT,KEDHS2022416005,2022,DHS,1841,2062,,,
KEN,Siaya,6019765,Women who are overweight or obese according to BMI (>=25.0),31.3,1,KE,Kenya,2022,KE2022DHS,AN_NUTS_W_OWT,114563090,I,416081,1416081,Region,..Siaya,0,,0,1,ANNUTSWOWT,KEDHS2022416081,2022,DHS,255,321,,,1
KEN,Kisumu,5165310,Women who are overweight or obese according to BMI (>=25.0),31.4,1,KE,Kenya,2022,KE2022DHS,AN_NUTS_W_OWT,114563090,I,416082,1416082,Region,..Kisumu,0,,0,1,ANNUTSWOWT,KEDHS2022416082,2022,DHS,363,359,,,1
KEN,Homa Bay,4675242,Women who are overweight or obese according to BMI (>=25.0),31.8,1,KE,Kenya,2022,KE2022DHS,AN_NUTS_W_OWT,114563090,I,416083,1416083,Region,..Homa Bay,0,,0,1,ANNUTSWOWT,KEDHS2022416083,2022,DHS,316,343,,,1
KEN,Migori,6773940,Women who are overweight or obese according to BMI (>=25.0),30.9,1,KE,Kenya,2022,KE2022DHS,AN_NUTS_W_OWT,114563090,I,416084,1416084,Region,..Migori,0,,0,1,ANNUTSWOWT,KEDHS2022416084,2022,DHS,318,369,,,1
KEN,Kisii,7965414,Women who are overweight or obese according to BMI (>=25.0),38.7,1,KE,Kenya,2022,KE2022DHS,AN_NUTS_W_OWT,114563090,I,416085,1416085,Region,..Kisii,0,,0,1,ANNUTSWOWT,KEDHS2022416085,2022,DHS,433,368,,,1
KEN,Nyamira,1114514,Women who are overweight or obese according to BMI (>=25.0),36.2,1,KE,Kenya,2022,KE2022DHS,AN_NUTS_W_OWT,114563090,I,416086,1416086,Region,..Nyamira,0,,0,1,ANNUTSWOWT,KEDHS2022416086,2022,DHS,156,302,,,1
KEN,Nairobi,6199037,Women who are overweight or obese according to BMI (>=25.0),51.6,1,KE,Kenya,2022,KE2022DHS,AN_NUTS_W_OWT,114563090,I,416001,1416090,Region,Nairobi,0,,0,1,ANNUTSWOWT,KEDHS2022416001,2022,DHS,2001,445,,,1
KEN,Coast,5793633,Women with a birth in the past five years who took iron tablets or syrup for 90+ days,59.1,1,KE,Kenya,2022,KE2022DHS,AN_MIAM_W_90P,114633050,I,416003,1416010,Region,Coast,0,,0,1,ANMIAMW90P,KEDHS2022416003,2022,DHS,454,704,,,
KEN,Mombasa,2663793,Women with a birth in the past five years who took iron tablets or syrup for 90+ days,42.9,1,KE,Kenya,2022,KE2022DHS,AN_MIAM_W_90P,114633050,I,416011,1416011,Region,..Mombasa,0,,0,1,ANMIAMW90P,KEDHS2022416011,2022,DHS,136,107,,,1
KEN,Kwale,60783,Women with a birth in the past five years who took iron tablets or syrup for 90+ days,76.6,1,KE,Kenya,2022,KE2022DHS,AN_MIAM_W_90P,114633050,I,416012,1416012,Region,..Kwale,0,,0,1,ANMIAMW90P,KEDHS2022416012,2022,DHS,89,125,,,1
KEN,Kilifi,7125809,Women with a birth in the past five years who took iron tablets or syrup for 90+ days,66,1,KE,Kenya,2022,KE2022DHS,AN_MIAM_W_90P,114633050,I,416013,1416013,Region,..Kilifi,0,,0,1,ANMIAMW90P,KEDHS2022416013,2022,DHS,136,107,,,1
KEN,Tana River,6955687,Women with a birth in the past five years who took iron tablets or syrup for 90+ days,49,1,KE,Kenya,2022,KE2022DHS,AN_MIAM_W_90P,114633050,I,416014,1416014,Region,..Tana River,0,,0,1,ANMIAMW90P,KEDHS2022416014,2022,DHS,38,168,,,1
KEN,Lamu,447283,Women with a birth in the past five years who took iron tablets or syrup for 90+ days,55.8,1,KE,Kenya,2022,KE2022DHS,AN_MIAM_W_90P,114633050,I,416015,1416015,Region,..Lamu,0,,0,1,ANMIAMW90P,KEDHS2022416015,2022,DHS,20,130,,,1
KEN,Taita Taveta,2648076,Women with a birth in the past five years who took iron tablets or syrup for 90+ days,63.6,1,KE,Kenya,2022,KE2022DHS,AN_MIAM_W_90P,114633050,I,416016,1416016,Region,..Taita Taveta,0,,0,1,ANMIAMW90P,KEDHS2022416016,2022,DHS,35,67,,,1
KEN,North Eastern,7940267,Women with a birth in the past five years who took iron tablets or syrup for 90+ days,13.5,1,KE,Kenya,2022,KE2022DHS,AN_MIAM_W_90P,114633050,I,416008,1416020,Region,North Eastern,0,,0,1,ANMIAMW90P,KEDHS2022416008,2022,DHS,161,561,,,
KEN,Garissa,6813933,Women with a birth in the past five years who took iron tablets or syrup for 90+ days,14.6,1,KE,Kenya,2022,KE2022DHS,AN_MIAM_W_90P,114633050,I,416021,1416021,Region,..Garissa,0,,0,1,ANMIAMW90P,KEDHS2022416021,2022,DHS,63,164,,,1
KEN,Wajir,1558281,Women with a birth in the past five years who took iron tablets or syrup for 90+ days,13.1,1,KE,Kenya,2022,KE2022DHS,AN_MIAM_W_90P,114633050,I,416022,1416022,Region,..Wajir,0,,0,1,ANMIAMW90P,KEDHS2022416022,2022,DHS,37,179,,,1
KEN,Mandera,5958468,Women with a birth in the past five years who took iron tablets or syrup for 90+ days,12.5,1,KE,Kenya,2022,KE2022DHS,AN_MIAM_W_90P,114633050,I,416023,1416023,Region,..Mandera,0,,0,1,ANMIAMW90P,KEDHS2022416023,2022,DHS,60,218,,,1
KEN,Eastern,5958470,Women with a birth in the past five years who took iron tablets or syrup for 90+ days,54.7,1,KE,Kenya,2022,KE2022DHS,AN_MIAM_W_90P,114633050,I,416004,1416030,Region,Eastern,0,,0,1,ANMIAMW90P,KEDHS2022416004,2022,DHS,581,788,,,
KEN,Marsabit,82987,Women with a birth in the past five years who took iron tablets or syrup for 90+ days,49,1,KE,Kenya,2022,KE2022DHS,AN_MIAM_W_90P,114633050,I,416031,1416031,Region,..Marsabit,0,,0,1,ANMIAMW90P,KEDHS2022416031,2022,DHS,37,142,,,1
KEN,Isiolo,7119017,Women with a birth in the past five years who took iron tablets or syrup for 90+ days,51.1,1,KE,Kenya,2022,KE2022DHS,AN_MIAM_W_90P,114633050,I,416032,1416032,Region,..Isiolo,0,,0,1,ANMIAMW90P,KEDHS2022416032,2022,DHS,29,139,,,1
KEN,Meru,6955676,Women with a birth in the past five years who took iron tablets or syrup for 90+ days,23.7,1,KE,Kenya,2022,KE2022DHS,AN_MIAM_W_90P,114633050,I,416033,1416033,Region,..Meru,0,,0,1,ANMIAMW90P,KEDHS2022416033,2022,DHS,130,79,,,1
KEN,Tharaka-Nithi,6927288,Women with a birth in the past five years who took iron tablets or syrup for 90+ days,58.4,1,KE,Kenya,2022,KE2022DHS,AN_MIAM_W_90P,114633050,I,416034,1416034,Region,..Tharaka-Nithi,0,,0,1,ANMIAMW90P,KEDHS2022416034,2022,DHS,38,82,,,1
KEN,Embu,2663788,Women with a birth in the past five years who took iron tablets or syrup for 90+ days,69.3,1,KE,Kenya,2022,KE2022DHS,AN_MIAM_W_90P,114633050,I,416035,1416035,Region,..Embu,0,,0,1,ANMIAMW90P,KEDHS2022416035,2022,DHS,47,74,,,1
KEN,Kitui,5061252,Women with a birth in the past five years who took iron tablets or syrup for 90+ days,58.5,1,KE,Kenya,2022,KE2022DHS,AN_MIAM_W_90P,114633050,I,416036,1416036,Region,..Kitui,0,,0,1,ANMIAMW90P,KEDHS2022416036,2022,DHS,97,95,,,1
KEN,Machakos,7844736,Women with a birth in the past five years who took iron tablets or syrup for 90+ days,69.2,1,KE,Kenya,2022,KE2022DHS,AN_MIAM_W_90P,114633050,I,416037,1416037,Region,..Machakos,0,,0,1,ANMIAMW90P,KEDHS2022416037,2022,DHS,116,83,,,1
KEN,Makueni,1580828,Women with a birth in the past five years who took iron tablets or syrup for 90+ days,71.5,1,KE,Kenya,2022,KE2022DHS,AN_MIAM_W_90P,114633050,I,416038,1416038,Region,..Makueni,0,,0,1,ANMIAMW90P,KEDHS2022416038,2022,DHS,87,94,,,1
KEN,Central,234942,Women with a birth in the past five years who took iron tablets or syrup for 90+ days,55.7,1,KE,Kenya,2022,KE2022DHS,AN_MIAM_W_90P,114633050,I,416002,1416040,Region,Central,0,,0,1,ANMIAMW90P,KEDHS2022416002,2022,DHS,555,402,,,
KEN,Nyandarua,899578,Women with a birth in the past five years who took iron tablets or syrup for 90+ days,56.9,1,KE,Kenya,2022,KE2022DHS,AN_MIAM_W_90P,114633050,I,416041,1416041,Region,..Nyandarua,0,,0,1,ANMIAMW90P,KEDHS2022416041,2022,DHS,57,83,,,1
KEN,Nyeri,2656340,Women with a birth in the past five years who took iron tablets or syrup for 90+ days,54.1,1,KE,Kenya,2022,KE2022DHS,AN_MIAM_W_90P,114633050,I,416042,1416042,Region,..Nyeri,0,,0,1,ANMIAMW90P,KEDHS2022416042,2022,DHS,68,69,,,1
KEN,Kirinyaga,5590045,Women with a birth in the past five years who took iron tablets or syrup for 90+ days,58.5,1,KE,Kenya,2022,KE2022DHS,AN_MIAM_W_90P,114633050,I,416043,1416043,Region,..Kirinyaga,0,,0,1,ANMIAMW90P,KEDHS2022416043,2022,DHS,59,78,,,1
KEN,Murang'a,2656351,Women with a birth in the past five years who took iron tablets or syrup for 90+ days,70.2,1,KE,Kenya,2022,KE2022DHS,AN_MIAM_W_90P,114633050,I,416044,1416044,Region,..Murang'a,0,,0,1,ANMIAMW90P,KEDHS2022416044,2022,DHS,96,81,,,1
KEN,Kiambu,6018917,Women with a birth in the past five years who took iron tablets or syrup for 90+ days,50.3,1,KE,Kenya,2022,KE2022DHS,AN_MIAM_W_90P,114633050,I,416045,1416045,Region,..Kiambu,0,,0,1,ANMIAMW90P,KEDHS2022416045,2022,DHS,276,91,,,1
KEN,Rift Valley,2663775,Women with a birth in the past five years who took iron tablets or syrup for 90+ days,49.8,1,KE,Kenya,2022,KE2022DHS,AN_MIAM_W_90P,114633050,I,416006,1416050,Region,Rift Valley,0,,0,1,ANMIAMW90P,KEDHS2022416006,2022,DHS,1508,1808,,,
KEN,Turkana,2663132,Women with a birth in the past five years who took iron tablets or syrup for 90+ days,79.7,1,KE,Kenya,2022,KE2022DHS,AN_MIAM_W_90P,114633050,I,416051,1416051,Region,..Turkana,0,,0,1,ANMIAMW90P,KEDHS2022416051,2022,DHS,81,156,,,1
KEN,West Pokot,6975674,Women with a birth in the past five years who took iron tablets or syrup for 90+ days,43.7,1,KE,Kenya,2022,KE2022DHS,AN_MIAM_W_90P,114633050,I,416052,1416052,Region,..West Pokot,0,,0,1,ANMIAMW90P,KEDHS2022416052,2022,DHS,112,215,,,1
KEN,Samburu,4370068,Women with a birth in the past five years who took iron tablets or syrup for 90+ days,50.1,1,KE,Kenya,2022,KE2022DHS,AN_MIAM_W_90P,114633050,I,416053,1416053,Region,..Samburu,0,,0,1,ANMIAMW90P,KEDHS2022416053,2022,DHS,41,157,,,1
KEN,Trans-Nzoia,2656362,Women with a birth in the past five years who took iron tablets or syrup for 90+ days,48.1,1,KE,Kenya,2022,KE2022DHS,AN_MIAM_W_90P,114633050,I,416054,1416054,Region,..Trans-Nzoia,0,,0,1,ANMIAMW90P,KEDHS2022416054,2022,DHS,112,118,,,1
KEN,Uasin Gishu,4977298,Women with a birth in the past five years who took iron tablets or syrup for 90+ days,54.2,1,KE,Kenya,2022,KE2022DHS,AN_MIAM_W_90P,114633050,I,416055,1416055,Region,..Uasin Gishu,0,,0,1,ANMIAMW90P,KEDHS2022416055,2022,DHS,153,118,,,1
KEN,Elgeyo Marakwet,7831359,Women with a birth in the past five years who took iron tablets or syrup for 90+ days,33.3,1,KE,Kenya,2022,KE2022DHS,AN_MIAM_W_90P,114633050,I,416056,1416056,Region,..Elgeyo Marakwet,0,,0,1,ANMIAMW90P,KEDHS2022416056,2022,DHS,43,105,,,1
KEN,Nandi,1586769,Women with a birth in the past five years who took iron tablets or syrup for 90+ days,48.7,1,KE,Kenya,2022,KE2022DHS,AN_MIAM_W_90P,114633050,I,416057,1416057,Region,..Nandi,0,,0,1,ANMIAMW90P,KEDHS2022416057,2022,DHS,84,107,,,1
KEN,Baringo,3840572,Women with a birth in the past five years who took iron tablets or syrup for 90+ days,48.1,1,KE,Kenya,2022,KE2022DHS,AN_MIAM_W_90P,114633050,I,416058,1416058,Region,..Baringo,0,,0,1,ANMIAMW90P,KEDHS2022416058,2022,DHS,66,124,,,1
KEN,Laikipia,3545911,Women with a birth in the past five years who took iron tablets or syrup for 90+ days,48.6,1,KE,Kenya,2022,KE2022DHS,AN_MIAM_W_90P,114633050,I,416059,1416059,Region,..Laikipia,0,,0,1,ANMIAMW90P,KEDHS2022416059,2022,DHS,46,74,,,1
KEN,Nakuru,1533360,Women with a birth in the past five years who took iron tablets or syrup for 90+ days,56.2,1,KE,Kenya,2022,KE2022DHS,AN_MIAM_W_90P,114633050,I,416060,1416060,Region,..Nakuru,0,,0,1,ANMIAMW90P,KEDHS2022416060,2022,DHS,251,123,,,1
KEN,Narok,2648116,Women with a birth in the past five years who took iron tablets or syrup for 90+ days,30.8,1,KE,Kenya,2022,KE2022DHS,AN_MIAM_W_90P,114633050,I,416061,1416061,Region,..Narok,0,,0,1,ANMIAMW90P,KEDHS2022416061,2022,DHS,160,159,,,1
KEN,Kajiado,5461664,Women with a birth in the past five years who took iron tablets or syrup for 90+ days,55.9,1,KE,Kenya,2022,KE2022DHS,AN_MIAM_W_90P,114633050,I,416062,1416062,Region,..Kajiado,0,,0,1,ANMIAMW90P,KEDHS2022416062,2022,DHS,154,124,,,1
KEN,Kericho,2663131,Women with a birth in the past five years who took iron tablets or syrup for 90+ days,43.4,1,KE,Kenya,2022,KE2022DHS,AN_MIAM_W_90P,114633050,I,416063,1416063,Region,..Kericho,0,,0,1,ANMIAMW90P,KEDHS2022416063,2022,DHS,113,118,,,1
KEN,Bomet,6068219,Women with a birth in the past five years who took iron tablets or syrup for 90+ days,49.4,1,KE,Kenya,2022,KE2022DHS,AN_MIAM_W_90P,114633050,I,416064,1416064,Region,..Bomet,0,,0,1,ANMIAMW90P,KEDHS2022416064,2022,DHS,92,110,,,1
KEN,Western,6378267,Women with a birth in the past five years who took iron tablets or syrup for 90+ days,56.7,1,KE,Kenya,2022,KE2022DHS,AN_MIAM_W_90P,114633050,I,416007,1416070,Region,Western,0,,0,1,ANMIAMW90P,KEDHS2022416007,2022,DHS,515,478,,,
KEN,Kakamega,7507825,Women with a birth in the past five years who took iron tablets or syrup for 90+ days,67.3,1,KE,Kenya,2022,KE2022DHS,AN_MIAM_W_90P,114633050,I,416071,1416071,Region,..Kakamega,0,,0,1,ANMIAMW90P,KEDHS2022416071,2022,DHS,203,125,,,1
KEN,Vihiga,4197434,Women with a birth in the past five years who took iron tablets or syrup for 90+ days,70.2,1,KE,Kenya,2022,KE2022DHS,AN_MIAM_W_90P,114633050,I,416072,1416072,Region,..Vihiga,0,,0,1,ANMIAMW90P,KEDHS2022416072,2022,DHS,51,102,,,1
KEN,Bungoma,2648133,Women with a birth in the past five years who took iron tablets or syrup for 90+ days,53.5,1,KE,Kenya,2022,KE2022DHS,AN_MIAM_W_90P,114633050,I,416073,1416073,Region,..Bungoma,0,,0,1,ANMIAMW90P,KEDHS2022416073,2022,DHS,156,119,,,1
KEN,Busia,5226972,Women with a birth in the past five years who took iron tablets or syrup for 90+ days,34.1,1,KE,Kenya,2022,KE2022DHS,AN_MIAM_W_90P,114633050,I,416074,1416074,Region,..Busia,0,,0,1,ANMIAMW90P,KEDHS2022416074,2022,DHS,104,132,,,1
KEN,Nyanza,5566756,Women with a birth in the past five years who took iron tablets or syrup for 90+ days,54.1,1,KE,Kenya,2022,KE2022DHS,AN_MIAM_W_90P,114633050,I,416005,1416080,Region,Nyanza,0,,0,1,ANMIAMW90P,KEDHS2022416005,2022,DHS,599,664,,,
KEN,Siaya,5469651,Women with a birth in the past five years who took iron tablets or syrup for 90+ days,61.3,1,KE,Kenya,2022,KE2022DHS,AN_MIAM_W_90P,114633050,I,416081,1416081,Region,..Siaya,0,,0,1,ANMIAMW90P,KEDHS2022416081,2022,DHS,80,102,,,1
KEN,Kisumu,2648106,Women with a birth in the past five years who took iron tablets or syrup for 90+ days,66.1,1,KE,Kenya,2022,KE2022DHS,AN_MIAM_W_90P,114633050,I,416082,1416082,Region,..Kisumu,0,,0,1,ANMIAMW90P,KEDHS2022416082,2022,DHS,118,117,,,1
KEN,Homa Bay,10951,Women with a birth in the past five years who took iron tablets or syrup for 90+ days,43.9,1,KE,Kenya,2022,KE2022DHS,AN_MIAM_W_90P,114633050,I,416083,1416083,Region,..Homa Bay,0,,0,1,ANMIAMW90P,KEDHS2022416083,2022,DHS,96,108,,,1
KEN,Migori,1416188,Women with a birth in the past five years who took iron tablets or syrup for 90+ days,63.6,1,KE,Kenya,2022,KE2022DHS,AN_MIAM_W_90P,114633050,I,416084,1416084,Region,..Migori,0,,0,1,ANMIAMW90P,KEDHS2022416084,2022,DHS,134,153,,,1
KEN,Kisii,2663163,Women with a birth in the past five years who took iron tablets or syrup for 90+ days,42.3,1,KE,Kenya,2022,KE2022DHS,AN_MIAM_W_90P,114633050,I,416085,1416085,Region,..Kisii,0,,0,1,ANMIAMW90P,KEDHS2022416085,2022,DHS,128,107,,,1
KEN,Nyamira,1146404,Women with a birth in the past five years who took iron tablets or syrup for 90+ days,36.6,1,KE,Kenya,2022,KE2022DHS,AN_MIAM_W_90P,114633050,I,416086,1416086,Region,..Nyamira,0,,0,1,ANMIAMW90P,KEDHS2022416086,2022,DHS,43,77,,,1
KEN,Nairobi,7924572,Women with a birth in the past five years who took iron tablets or syrup for 90+ days,64.2,1,KE,Kenya,2022,KE2022DHS,AN_MIAM_W_90P,114633050,I,416001,1416090,Region,Nairobi,0,,0,1,ANMIAMW90P,KEDHS2022416001,2022,DHS,571,130,,,1
